
// Auto-generated binary mubin file

// clang-format off

unsigned char e5m2e5m2hhssgemm_gm4_nt_tce_256_128x256B128_epilogue_group_block_128_fsla_persis_stage4_btmenc[] = {
  0x7F, 0x45, 0x4C, 0x46, 0x02, 0x01, 0x01, 0x00, 0x00, 0x00, 0x00, 0x00, 0x00, 0x00,
  0x00, 0x00, 0x01, 0x00, 0xFD, 0x00, 0x01, 0x00, 0x00, 0x00, 0x00, 0x00, 0x00, 0x00,
  0x00, 0x00, 0x00, 0x00, 0x00, 0x00, 0x00, 0x00, 0x00, 0x00, 0x00, 0x00, 0xF0, 0xDC,
  0x00, 0x00, 0x00, 0x00, 0x00, 0x00, 0x00, 0x00, 0x00, 0x00, 0x40, 0x00, 0x00, 0x00,
  0x00, 0x00, 0x40, 0x00, 0x06, 0x00, 0x01, 0x00, 0x00, 0x00, 0x00, 0x00, 0x00, 0x00,
  0x00, 0x00, 0x00, 0x00, 0x00, 0x00, 0x00, 0x00, 0x00, 0x00, 0x00, 0x00, 0x00, 0x00,
  0x00, 0x00, 0x00, 0x00, 0x00, 0x00, 0x00, 0x00, 0x00, 0x00, 0x00, 0x00, 0x00, 0x00,
  0x00, 0x00, 0x00, 0x00, 0x00, 0x00, 0x00, 0x00, 0x00, 0x00, 0x00, 0x00, 0x00, 0x00,
  0x00, 0x00, 0x00, 0x00, 0x00, 0x00, 0x00, 0x00, 0x00, 0x00, 0x00, 0x00, 0x00, 0x00,
  0x00, 0x00, 0x00, 0x00, 0x00, 0x00, 0x00, 0x00, 0x00, 0x00, 0x00, 0x00, 0x00, 0x00,
  0x00, 0x00, 0x00, 0x00, 0x00, 0x00, 0x00, 0x00, 0x00, 0x00, 0x00, 0x00, 0x00, 0x00,
  0x00, 0x00, 0x00, 0x00, 0x00, 0x00, 0x00, 0x00, 0x00, 0x00, 0x00, 0x00, 0x00, 0x00,
  0x00, 0x00, 0x00, 0x00, 0x00, 0x00, 0x00, 0x00, 0x00, 0x00, 0x00, 0x00, 0x00, 0x00,
  0x00, 0x00, 0x00, 0x00, 0x00, 0x00, 0x00, 0x00, 0x00, 0x00, 0x00, 0x00, 0x00, 0x00,
  0x00, 0x00, 0x00, 0x00, 0x00, 0x00, 0x00, 0x00, 0x00, 0x00, 0x00, 0x00, 0x00, 0x00,
  0x00, 0x00, 0x00, 0x00, 0x00, 0x00, 0x00, 0x00, 0x00, 0x00, 0x00, 0x00, 0x00, 0x00,
  0x00, 0x00, 0x00, 0x00, 0x00, 0x00, 0x00, 0x00, 0x00, 0x00, 0x00, 0x00, 0x00, 0x00,
  0x00, 0x00, 0x00, 0x00, 0x00, 0x00, 0x00, 0x00, 0x00, 0x00, 0x00, 0x00, 0x00, 0x00,
  0x00, 0x00, 0x00, 0x00, 0xDC, 0x43, 0x01, 0x80, 0x38, 0xB3, 0x02, 0x69, 0x8B, 0x28,
  0x96, 0xA5, 0x38, 0x92, 0x0A, 0x61, 0x04, 0x08, 0x17, 0xA1, 0x38, 0xD3, 0x80, 0x49,
  0x09, 0x28, 0x97, 0x25, 0x40, 0x82, 0x00, 0x1A, 0x00, 0x02, 0x08, 0x80, 0x27, 0x89,
  0x05, 0x01, 0x08, 0x08, 0x40, 0x40, 0x00, 0x04, 0x00, 0x88, 0x37, 0x89, 0x05, 0x01,
  0x08, 0x08, 0x40, 0x40, 0x00, 0x04, 0x00, 0x88, 0x37, 0x88, 0x01, 0x00, 0x08, 0x08,
  0x40, 0x40, 0x00, 0x04, 0x00, 0x88, 0x07, 0x88, 0x00, 0x00, 0x08, 0x08, 0x40, 0x40,
  0x00, 0x04, 0x00, 0x88, 0x37, 0x89, 0x05, 0x00, 0x08, 0x08, 0x40, 0x40, 0x00, 0x04,
  0x00, 0x88, 0x23, 0xC9, 0x04, 0x0A, 0x20, 0x08, 0x40, 0x40, 0x04, 0x04, 0x00, 0x88,
  0x27, 0x89, 0x01, 0x01, 0x0A, 0x08, 0x40, 0x40, 0x00, 0x04, 0x00, 0x88, 0x37, 0x89,
  0x81, 0x01, 0x0A, 0x08, 0x40, 0x40, 0x00, 0x04, 0x20, 0x88, 0x2E, 0x43, 0x00, 0x00,
  0x45, 0x00, 0x00, 0x00, 0x00, 0x00, 0x20, 0x80, 0x23, 0x89, 0xA4, 0x01, 0x08, 0x08,
  0x40, 0x40, 0x00, 0x04, 0x20, 0x88, 0xD0, 0x6F, 0x85, 0x00, 0x49, 0xE0, 0x94, 0x05,
  0x94, 0x0A, 0x0E, 0x04, 0x00, 0x00, 0x00, 0x84, 0x1C, 0xD8, 0x06, 0x10, 0x80, 0x80,
  0x00, 0x00, 0x00, 0x00, 0x00, 0x00, 0x00, 0x00, 0x00, 0x80, 0x38, 0xB7, 0x88, 0x6B,
  0x97, 0x08, 0x96, 0x25, 0x40, 0xA2, 0x20, 0x9A, 0x4E, 0x0A, 0x39, 0x2C, 0x71, 0x42,
  0xA8, 0x20, 0xB4, 0x03, 0x04, 0x01, 0x00, 0x01, 0x10, 0x80, 0x10, 0xCE, 0x93, 0x00,
  0xA1, 0x23, 0xF1, 0x01, 0x94, 0x1A, 0x06, 0x05, 0x00, 0x00, 0x00, 0x85, 0x38, 0x76,
  0x9B, 0x69, 0xB9, 0x38, 0xB6, 0x25, 0x40, 0xA2, 0x00, 0x9A, 0xD0, 0x4E, 0x99, 0x51,
  0xE1, 0x22, 0xB0, 0x01, 0x90, 0x0A, 0x06, 0x04, 0x00, 0x00, 0x00, 0x85, 0x60, 0x6C,
  0x1F, 0x08, 0x15, 0x24, 0xB8, 0x2B, 0x91, 0x4A, 0x0E, 0x04, 0x00, 0x00, 0x00, 0x84,
  0x10, 0xEF, 0x95, 0x12, 0x29, 0x61, 0x94, 0x05, 0x90, 0x0A, 0x0E, 0x04, 0x00, 0x00,
  0x00, 0x84, 0x1C, 0xF8, 0x01, 0x00, 0x00, 0x80, 0x00, 0x00, 0x00, 0x00, 0x00, 0x00,
  0x00, 0x00, 0x00, 0x80, 0xF0, 0xCC, 0x88, 0x18, 0xC1, 0x22, 0x90, 0x01, 0x90, 0x0A,
  0x06, 0x04, 0x00, 0x00, 0x00, 0x85, 0x37, 0xC9, 0xA5, 0x02, 0x10, 0x08, 0x40, 0x40,
  0x00, 0x04, 0x20, 0x88, 0x1C, 0x40, 0xFB, 0x7F, 0xFF, 0x1B, 0x00, 0x00, 0x00, 0x00,
  0x00, 0x00, 0x00, 0x00, 0x00, 0x80, 0x13, 0xC8, 0xA1, 0x00, 0x18, 0x08, 0x40, 0x40,
  0x00, 0x04, 0x00, 0x88, 0x40, 0x4C, 0xDB, 0x08, 0x5D, 0x24, 0xB8, 0x29, 0x91, 0x4A,
  0x26, 0x04, 0x00, 0x00, 0x00, 0x85, 0x20, 0xCC, 0x9B, 0x11, 0x01, 0x00, 0xD0, 0x01,
  0x90, 0x0A, 0x16, 0x04, 0x00, 0x00, 0x00, 0x84, 0x30, 0x6C, 0x1F, 0x28, 0x05, 0x20,
  0x99, 0x23, 0x91, 0x4A, 0x06, 0x04, 0x00, 0x00, 0x00, 0x84, 0xFE, 0x60, 0x22, 0x38,
  0x06, 0xE1, 0x04, 0x80, 0x7E, 0x64, 0xC3, 0x40, 0x04, 0xE4, 0x08, 0x80, 0xD0, 0xE2,
  0x10, 0x40, 0xE9, 0x60, 0x94, 0x05, 0x90, 0x0A, 0x06, 0x04, 0x00, 0x00, 0x00, 0x85,
  0xF0, 0x6E, 0xBC, 0x18, 0x09, 0x22, 0xB0, 0x01, 0x90, 0x0A, 0x0E, 0x04, 0x00, 0x00,
  0x40, 0x84, 0x50, 0x42, 0x13, 0x51, 0xE1, 0x22, 0xB0, 0x01, 0x90, 0x0A, 0x06, 0x04,
  0x00, 0x00, 0x00, 0x85, 0x1A, 0x61, 0x89, 0x2C, 0x00, 0x8A, 0x00, 0x80, 0x50, 0x42,
  0x11, 0x48, 0xE1, 0x22, 0xB0, 0x01, 0x90, 0x0A, 0x06, 0x05, 0x00, 0x00, 0x00, 0x85,
  0x7E, 0x64, 0xC3, 0x38, 0x04, 0xE4, 0x08, 0x80, 0xF0, 0x6E, 0x18, 0x00, 0x85, 0x22,
  0xB8, 0x23, 0x91, 0x0A, 0x26, 0x04, 0x00, 0x00, 0x00, 0x85, 0x27, 0x89, 0x85, 0x00,
  0x08, 0x0A, 0x40, 0x40, 0x20, 0x04, 0x00, 0x88, 0x37, 0x89, 0xA5, 0x02, 0x10, 0x08,
  0x40, 0x41, 0x00, 0x04, 0x20, 0x88, 0x30, 0x42, 0x17, 0x51, 0x4D, 0x3E, 0x98, 0x22,
  0x00, 0x2A, 0x0E, 0x16, 0x21, 0x00, 0x00, 0x84, 0xF0, 0x62, 0x11, 0x11, 0x81, 0x3E,
  0x10, 0x02, 0x80, 0x0E, 0x06, 0x14, 0x01, 0x00, 0x00, 0x85, 0x33, 0xC9, 0xA0, 0x00,
  0x18, 0x0A, 0x40, 0x40, 0x20, 0x04, 0x00, 0x88, 0x50, 0xCE, 0x98, 0x11, 0xAD, 0x27,
  0x30, 0x01, 0x91, 0x0A, 0x26, 0x04, 0x00, 0x00, 0x00, 0x85, 0x70, 0xE3, 0x07, 0x11,
  0x09, 0x60, 0x94, 0x05, 0x90, 0x0A, 0x0E, 0x04, 0x00, 0x00, 0x00, 0x84, 0x70, 0xCE,
  0x8B, 0x11, 0x81, 0x22, 0xB0, 0x01, 0x92, 0x0A, 0x16, 0x04, 0x00, 0x00, 0x00, 0x85,
  0xD0, 0xC2, 0x1C, 0x58, 0x01, 0x20, 0x90, 0x01, 0x92, 0x0A, 0x0E, 0x04, 0x00, 0x00,
  0x00, 0x84, 0x70, 0xE3, 0x03, 0x11, 0x89, 0x60, 0x94, 0x05, 0x90, 0x0A, 0x06, 0x04,
  0x00, 0x00, 0x00, 0x85, 0xD0, 0xC2, 0x1C, 0x58, 0x01, 0x20, 0x90, 0x01, 0x92, 0x0A,
  0x0E, 0x04, 0x00, 0x00, 0x00, 0x84, 0xD0, 0xCE, 0x90, 0x00, 0xAD, 0x27, 0x98, 0x01,
  0x91, 0x0A, 0x26, 0x04, 0x00, 0x00, 0x00, 0x85, 0x33, 0xC9, 0xA5, 0x00, 0x08, 0x0A,
  0x40, 0x40, 0x00, 0x04, 0x00, 0x88, 0x38, 0xD3, 0x04, 0x49, 0x09, 0x28, 0x97, 0xA5,
  0x70, 0xCC, 0x9C, 0x10, 0x01, 0x20, 0xD0, 0x01, 0x90, 0x0A, 0x0E, 0x04, 0x00, 0x00,
  0x00, 0x84, 0x70, 0x6C, 0x19, 0x00, 0x95, 0x24, 0x11, 0x01, 0x91, 0x4A, 0x06, 0x04,
  0x00, 0x00, 0x00, 0x85, 0x70, 0xEF, 0x82, 0x12, 0x99, 0x60, 0x94, 0x05, 0x90, 0x0A,
  0x06, 0x04, 0x00, 0x00, 0x00, 0x85, 0x1C, 0x78, 0x05, 0x00, 0x00, 0x84, 0x00, 0x00,
  0x00, 0x00, 0x00, 0x00, 0x00, 0x00, 0x00, 0x80, 0x30, 0xEF, 0x97, 0x0A, 0x09, 0x60,
  0xD5, 0x01, 0x90, 0x4A, 0x0E, 0x04, 0x00, 0x00, 0x00, 0x84, 0x70, 0x62, 0x13, 0x08,
  0x85, 0x32, 0xB9, 0x21, 0x82, 0x42, 0x06, 0x10, 0x01, 0x00, 0x00, 0x85, 0x38, 0x54,
  0x91, 0x6B, 0xB9, 0x79, 0xA7, 0x25, 0x00, 0xA2, 0x00, 0x9A, 0x30, 0x6E, 0xB1, 0x51,
  0xC9, 0x2A, 0x90, 0x01, 0x90, 0x0A, 0x06, 0x04, 0x00, 0x00, 0x40, 0x85, 0x10, 0x4E,
  0xD7, 0x48, 0x4D, 0x22, 0x99, 0x21, 0x91, 0x4A, 0x2E, 0x04, 0x00, 0x00, 0x00, 0x84,
  0xB8, 0x92, 0x97, 0x43, 0x00, 0x0C, 0x36, 0x21, 0x78, 0x86, 0x00, 0x1A, 0x00, 0x02,
  0x08, 0x80, 0x30, 0xCE, 0x97, 0x08, 0x01, 0x22, 0xF1, 0x01, 0x92, 0x4A, 0x1E, 0x04,
  0x00, 0x00, 0x00, 0x84, 0x10, 0x4E, 0x93, 0x51, 0xC1, 0x22, 0x90, 0x01, 0x92, 0x0A,
  0x16, 0x04, 0x00, 0x00, 0x00, 0x85, 0x1C, 0x38, 0x04, 0x00, 0x00, 0x00, 0x00, 0x00,
  0x00, 0x00, 0x00, 0x00, 0x00, 0x00, 0x00, 0x80, 0x70, 0xEF, 0x90, 0x0A, 0x99, 0x60,
  0xD5, 0x01, 0x90, 0x4A, 0x06, 0x04, 0x00, 0x00, 0x00, 0x85, 0x30, 0x62, 0x15, 0x08,
  0x15, 0x32, 0xB9, 0x21, 0x82, 0x42, 0x0E, 0x10, 0x01, 0x00, 0x00, 0x84, 0x38, 0x70,
  0x97, 0x6B, 0xB9, 0x79, 0xA7, 0x25, 0x00, 0x82, 0x00, 0x1A, 0x00, 0x02, 0x08, 0x80,
  0x30, 0x6E, 0xB5, 0x51, 0x49, 0x2A, 0x90, 0x01, 0x90, 0x0A, 0x0E, 0x04, 0x00, 0x00,
  0x40, 0x84, 0x50, 0x4E, 0xD0, 0x48, 0xDD, 0x22, 0x99, 0x21, 0x91, 0x4A, 0x26, 0x04,
  0x00, 0x00, 0x00, 0x85, 0xB8, 0x92, 0x97, 0x43, 0x00, 0x0C, 0x36, 0x21, 0x78, 0x86,
  0x00, 0x1A, 0x00, 0x02, 0x08, 0x80, 0x70, 0xCE, 0x94, 0x08, 0x11, 0x22, 0xF1, 0x01,
  0x92, 0x4A, 0x1E, 0x04, 0x00, 0x00, 0x00, 0x84, 0x10, 0x4E, 0x93, 0x51, 0xC1, 0x22,
  0x90, 0x01, 0x92, 0x0A, 0x16, 0x04, 0x00, 0x00, 0x00, 0x85, 0x10, 0x4C, 0x9B, 0x48,
  0xCD, 0x24, 0x99, 0x01, 0x91, 0x4A, 0x06, 0x04, 0x00, 0x00, 0x00, 0x85, 0xB8, 0xB0,
  0x95, 0x43, 0x00, 0x0C, 0x36, 0x21, 0x78, 0x86, 0x00, 0x1A, 0x00, 0x02, 0x08, 0x80,
  0x70, 0x4E, 0x90, 0x50, 0xC1, 0x2A, 0x90, 0x01, 0x92, 0x0A, 0x16, 0x04, 0x00, 0x00,
  0x00, 0x85, 0xD0, 0x6F, 0x84, 0x1A, 0x29, 0xE0, 0xD4, 0x01, 0x94, 0x0A, 0x0E, 0x04,
  0x00, 0x00, 0x00, 0x84, 0x27, 0xC9, 0x01, 0x01, 0x00, 0x08, 0x40, 0x49, 0x20, 0x04,
  0x00, 0x88, 0x33, 0x88, 0x20, 0x00, 0x18, 0x08, 0x40, 0x48, 0x00, 0x04, 0x00, 0x88,
  0x27, 0x89, 0xA5, 0x02, 0x10, 0x0A, 0x40, 0x48, 0x00, 0x04, 0x00, 0x88, 0x20, 0x6C,
  0x19, 0x20, 0x95, 0x24, 0x11, 0x21, 0x91, 0x4A, 0x06, 0x04, 0x00, 0x00, 0x00, 0x85,
  0xD0, 0x6F, 0x81, 0x00, 0xC9, 0xE0, 0x94, 0x05, 0x94, 0x0A, 0x0E, 0x04, 0x00, 0x00,
  0x00, 0x84, 0x07, 0xC8, 0x20, 0x00, 0x00, 0x08, 0x40, 0x41, 0x20, 0x04, 0x00, 0x88,
  0x23, 0xC8, 0xA1, 0x00, 0x18, 0x0A, 0x40, 0x40, 0x00, 0x04, 0x00, 0x88, 0x1C, 0x3C,
  0x01, 0x10, 0x20, 0x9A, 0x00, 0x00, 0x00, 0x00, 0x00, 0x00, 0x00, 0x00, 0x00, 0x80,
  0x38, 0xF2, 0x99, 0x0B, 0x90, 0xB8, 0x7C, 0x24, 0x40, 0x86, 0x00, 0x1A, 0x80, 0x02,
  0x08, 0x80, 0xF0, 0x6E, 0x12, 0x18, 0x15, 0x22, 0xB9, 0x23, 0x91, 0x0A, 0x06, 0x04,
  0x00, 0x00, 0x00, 0x85, 0x38, 0x36, 0x91, 0x43, 0x90, 0x0C, 0x36, 0x21, 0x78, 0x82,
  0x00, 0x9A, 0xB8, 0x50, 0x9B, 0x49, 0x15, 0xB8, 0x96, 0x25, 0x42, 0x82, 0x00, 0x1A,
  0x00, 0x22, 0x08, 0x80, 0xB8, 0xD0, 0x9B, 0x43, 0x14, 0x98, 0x36, 0x21, 0x40, 0x86,
  0x00, 0x1A, 0x80, 0x02, 0x08, 0x80, 0x30, 0x12, 0x53, 0x11, 0x04, 0x28, 0x88, 0x01,
  0x90, 0x08, 0x02, 0x04, 0x00, 0x00, 0x08, 0x85, 0xB8, 0x12, 0x95, 0x41, 0x10, 0x59,
  0x16, 0x21, 0x40, 0x86, 0x00, 0x1A, 0x00, 0x22, 0x08, 0x80, 0x60, 0x6C, 0x10, 0x00,
  0x95, 0x04, 0x11, 0x09, 0x91, 0x0A, 0x0E, 0x05, 0x00, 0x00, 0x00, 0x84, 0x40, 0xCC,
  0xDB, 0x00, 0x0D, 0x02, 0xB9, 0x21, 0x91, 0x0A, 0x06, 0x05, 0x00, 0x00, 0x00, 0x84,
  0x40, 0xCE, 0x9A, 0x18, 0x11, 0x4A, 0xB0, 0x09, 0x90, 0x4A, 0x06, 0x05, 0x00, 0x00,
  0x00, 0x84, 0x38, 0x17, 0x99, 0x43, 0x10, 0x09, 0x36, 0xA1, 0x40, 0xCC, 0x80, 0x00,
  0xE1, 0xA2, 0xB1, 0x09, 0x90, 0x5A, 0x16, 0x04, 0x00, 0x00, 0x00, 0x85, 0xF0, 0x0E,
  0x9A, 0x58, 0x91, 0x02, 0xB0, 0x01, 0x90, 0x08, 0x2A, 0x04, 0x00, 0x04, 0x00, 0x84,
  0xF0, 0x0E, 0x94, 0x58, 0x01, 0x22, 0xB0, 0x01, 0x90, 0x08, 0x22, 0x04, 0x00, 0x04,
  0x00, 0x84, 0x38, 0x32, 0x91, 0x63, 0x94, 0x0C, 0x36, 0x21, 0x78, 0x82, 0x00, 0x1A,
  0x00, 0x02, 0x08, 0x80, 0x1C, 0x18, 0x04, 0x00, 0x00, 0x80, 0x00, 0x00, 0x00, 0x00,
  0x00, 0x00, 0x00, 0x00, 0x00, 0x80, 0x40, 0xCC, 0xDB, 0x00, 0x0D, 0x20, 0x99, 0x21,
  0xD1, 0x0A, 0x06, 0x05, 0x00, 0x00, 0x00, 0x85, 0x70, 0x4E, 0x9F, 0x00, 0x1D, 0x28,
  0x99, 0x23, 0x91, 0x0A, 0x06, 0x05, 0x00, 0x00, 0x00, 0x84, 0x40, 0xCC, 0x9B, 0x00,
  0x0D, 0xA0, 0x99, 0x23, 0xD1, 0x0A, 0x06, 0x05, 0x00, 0x00, 0x00, 0x85, 0x27, 0x89,
  0x01, 0x00, 0x0A, 0x08, 0x40, 0x40, 0x00, 0x04, 0x00, 0x88, 0x37, 0x89, 0x00, 0x01,
  0x0A, 0x08, 0x40, 0x40, 0x00, 0x04, 0x00, 0x88, 0x27, 0x89, 0x00, 0x01, 0x0A, 0x08,
  0x40, 0x40, 0x00, 0x04, 0x00, 0x88, 0x33, 0xC9, 0x81, 0x00, 0x2A, 0x08, 0x40, 0x40,
  0x00, 0x04, 0x20, 0x88, 0x1C, 0xB8, 0x02, 0x00, 0x00, 0x00, 0x00, 0x00, 0x00, 0x00,
  0x00, 0x00, 0x00, 0x00, 0x00, 0x80, 0x60, 0x6C, 0x18, 0x00, 0x15, 0x24, 0x11, 0x01,
  0xD1, 0x0A, 0x06, 0x05, 0x00, 0x00, 0x00, 0x85, 0x50, 0xCE, 0x8F, 0x00, 0x7D, 0xAD,
  0x99, 0x23, 0x91, 0x1A, 0x06, 0x05, 0x00, 0x00, 0x00, 0x84, 0x40, 0xCC, 0x9B, 0x00,
  0x0D, 0xA4, 0x99, 0x23, 0xD1, 0x0A, 0x06, 0x05, 0x00, 0x00, 0x00, 0x85, 0x27, 0x89,
  0x01, 0x00, 0x0A, 0x08, 0x40, 0x40, 0x00, 0x04, 0x00, 0x88, 0x37, 0x89, 0x00, 0x01,
  0x0A, 0x08, 0x40, 0x40, 0x00, 0x04, 0x00, 0x88, 0x33, 0xC9, 0x01, 0x00, 0x2A, 0x08,
  0x40, 0x40, 0x20, 0x04, 0x00, 0x88, 0x27, 0xC9, 0xA0, 0x01, 0x02, 0x08, 0x40, 0x40,
  0x00, 0x04, 0x20, 0x88, 0x30, 0xCE, 0x98, 0x48, 0x8D, 0x00, 0x98, 0x23, 0x91, 0x0E,
  0x0E, 0x05, 0x00, 0x00, 0x00, 0x84, 0xB0, 0x6F, 0x84, 0x12, 0x09, 0x60, 0x94, 0x01,
  0x90, 0x0A, 0x0E, 0x04, 0x00, 0x00, 0x00, 0x84, 0x02, 0x02, 0x21, 0x04, 0x03, 0x07,
  0x08, 0x80, 0x02, 0x02, 0x21, 0x04, 0x03, 0x08, 0x08, 0x80, 0x82, 0x00, 0x21, 0x04,
  0x03, 0x0C, 0x08, 0x80, 0x82, 0x00, 0x21, 0x04, 0x03, 0x10, 0x08, 0x80, 0x82, 0x00,
  0x21, 0x04, 0x03, 0x14, 0x08, 0x80, 0x82, 0x00, 0x21, 0x04, 0x03, 0x18, 0x08, 0x80,
  0x82, 0x00, 0x21, 0x04, 0x03, 0x1C, 0x08, 0x80, 0x82, 0x00, 0x21, 0x04, 0x03, 0x20,
  0x08, 0x80, 0x82, 0x00, 0x21, 0x04, 0x03, 0x24, 0x08, 0x80, 0x82, 0x00, 0x21, 0x04,
  0x03, 0x28, 0x08, 0x80, 0x82, 0x00, 0x21, 0x04, 0x03, 0x2C, 0x08, 0x80, 0x82, 0x00,
  0x21, 0x04, 0x03, 0x30, 0x08, 0x80, 0x82, 0x00, 0x21, 0x04, 0x03, 0x34, 0x08, 0x80,
  0x82, 0x00, 0x21, 0x04, 0x1B, 0x38, 0x08, 0x80, 0x02, 0x28, 0x25, 0x34, 0x19, 0x00,
  0x08, 0x80, 0xB0, 0x62, 0x13, 0x10, 0x91, 0x36, 0x30, 0x01, 0x80, 0x06, 0x06, 0x14,
  0x01, 0x00, 0x00, 0x85, 0x38, 0x17, 0x88, 0x4B, 0x31, 0x38, 0xB6, 0x25, 0x40, 0xA2,
  0x00, 0x9A, 0xC0, 0xCC, 0x92, 0x18, 0x99, 0x27, 0x30, 0x03, 0x91, 0x0A, 0x26, 0x04,
  0x00, 0x00, 0x00, 0x85, 0x38, 0x36, 0x91, 0x63, 0x94, 0x0C, 0x36, 0x21, 0x58, 0xA2,
  0x00, 0x9A, 0x70, 0x4E, 0x92, 0x10, 0x41, 0x82, 0xF0, 0x01, 0x90, 0x0A, 0x06, 0x04,
  0x00, 0x00, 0x00, 0x84, 0x30, 0xCE, 0x9B, 0x10, 0x21, 0xA3, 0xF0, 0x01, 0x90, 0x0A,
  0x06, 0x04, 0x00, 0x00, 0x00, 0x85, 0x20, 0x10, 0x1B, 0x11, 0x80, 0x24, 0x00, 0x09,
  0x92, 0x0C, 0x02, 0x04, 0x00, 0x40, 0x00, 0x85, 0x60, 0x10, 0x1B, 0x11, 0x80, 0x24,
  0x00, 0x09, 0x92, 0x0C, 0x02, 0x00, 0x00, 0x40, 0x00, 0x85, 0xE0, 0x10, 0x1A, 0x58,
  0x90, 0x24, 0x00, 0x09, 0x90, 0x0E, 0x02, 0x04, 0x00, 0x04, 0x08, 0x85, 0xB0, 0x62,
  0x90, 0x13, 0x89, 0x60, 0x94, 0x05, 0x90, 0x08, 0x02, 0x04, 0x80, 0x00, 0x00, 0x85,
  0x90, 0x8E, 0x15, 0x18, 0x0D, 0x23, 0xB9, 0x23, 0x91, 0x0E, 0x06, 0x04, 0x00, 0x04,
  0x00, 0x84, 0x50, 0xEF, 0x82, 0x13, 0x19, 0xE0, 0x94, 0x05, 0x94, 0x0A, 0x06, 0x04,
  0x00, 0x00, 0x04, 0x85, 0x10, 0x6F, 0x80, 0x12, 0x49, 0xE0, 0x94, 0x05, 0x94, 0x0A,
  0x06, 0x04, 0x00, 0x00, 0x04, 0x85, 0x1C, 0x98, 0x00, 0x10, 0x00, 0x84, 0x00, 0x00,
  0x00, 0x00, 0x00, 0x00, 0x00, 0x00, 0x00, 0x80, 0xB0, 0xE2, 0x90, 0x11, 0x09, 0x60,
  0xD4, 0x05, 0x90, 0x08, 0x02, 0x04, 0x80, 0x00, 0x00, 0x85, 0x1C, 0xF8, 0x02, 0x00,
  0x00, 0x80, 0x00, 0x00, 0x00, 0x00, 0x00, 0x00, 0x00, 0x00, 0x00, 0x80, 0x82, 0x4F,
  0x24, 0x0C, 0x19, 0x18, 0x09, 0x80, 0x9C, 0x02, 0x00, 0x00, 0x00, 0x00, 0x20, 0x80,
  0x12, 0x1A, 0xAC, 0x7A, 0x11, 0x40, 0x05, 0x50, 0x00, 0x00, 0x02, 0x00, 0x70, 0x00,
  0x00, 0x80, 0x02, 0x28, 0x01, 0x14, 0x19, 0x18, 0x09, 0x80, 0xD0, 0x5F, 0x94, 0x5A,
  0x61, 0x23, 0xB0, 0x1D, 0x11, 0x8A, 0x04, 0x04, 0x00, 0x00, 0x00, 0x84, 0x50, 0xCE,
  0x9B, 0x40, 0x21, 0x21, 0xB1, 0x09, 0x90, 0x0A, 0x06, 0x05, 0x00, 0x00, 0x00, 0x85,
  0x50, 0x4E, 0x93, 0x60, 0x41, 0x03, 0x91, 0x09, 0x90, 0x0A, 0x06, 0x05, 0x00, 0x00,
  0x00, 0x84, 0x1C, 0xC0, 0x02, 0x00, 0x00, 0x00, 0x00, 0x00, 0x00, 0x00, 0x00, 0x00,
  0x00, 0x00, 0x00, 0x80, 0x82, 0x4F, 0x24, 0x0C, 0x19, 0x18, 0x09, 0x80, 0x9C, 0x02,
  0x00, 0x00, 0x00, 0x00, 0x20, 0x80, 0x12, 0x22, 0x2C, 0x7B, 0x11, 0x40, 0x04, 0x50,
  0x00, 0x00, 0x00, 0x00, 0x70, 0x00, 0x00, 0x80, 0x02, 0x28, 0x01, 0x14, 0x19, 0x18,
  0x09, 0x80, 0xD0, 0x5F, 0x94, 0x5A, 0x61, 0x23, 0xB0, 0x1D, 0x11, 0x8A, 0x04, 0x04,
  0x00, 0x00, 0x00, 0x84, 0x50, 0xCE, 0x9B, 0x40, 0x21, 0x01, 0xB1, 0x09, 0x90, 0x0A,
  0x06, 0x05, 0x00, 0x00, 0x00, 0x84, 0x50, 0x4E, 0x93, 0x60, 0x41, 0x23, 0x91, 0x09,
  0x90, 0x0A, 0x06, 0x05, 0x00, 0x00, 0x00, 0x85, 0x30, 0xCE, 0x98, 0x48, 0x8D, 0x00,
  0x98, 0x23, 0x91, 0x0E, 0x0E, 0x05, 0x00, 0x00, 0x00, 0x84, 0x50, 0xEF, 0x82, 0x13,
  0x19, 0xE0, 0x94, 0x05, 0x94, 0x0A, 0x06, 0x04, 0x00, 0x00, 0x00, 0x85, 0x1C, 0x18,
  0x01, 0x00, 0xA0, 0xB6, 0x00, 0x00, 0x00, 0x00, 0x00, 0x00, 0x00, 0x00, 0x00, 0x80,
  0xB0, 0x62, 0x90, 0x13, 0x89, 0x60, 0x94, 0x05, 0x90, 0x08, 0x02, 0x04, 0x80, 0x00,
  0x00, 0x85, 0x90, 0x8E, 0x15, 0x18, 0x0D, 0x23, 0xB9, 0x23, 0x91, 0x0E, 0x06, 0x04,
  0x00, 0x04, 0x00, 0x84, 0x50, 0xEF, 0x82, 0x13, 0x19, 0xE0, 0x94, 0x05, 0x94, 0x0A,
  0x06, 0x04, 0x00, 0x00, 0x04, 0x85, 0x10, 0x6F, 0x80, 0x12, 0x49, 0xE0, 0x94, 0x05,
  0x94, 0x0A, 0x06, 0x04, 0x00, 0x00, 0x04, 0x85, 0x1C, 0x98, 0x00, 0x10, 0x00, 0x84,
  0x00, 0x00, 0x00, 0x00, 0x00, 0x00, 0x00, 0x00, 0x00, 0x80, 0xB0, 0xE2, 0x90, 0x11,
  0x09, 0x60, 0xD4, 0x05, 0x90, 0x08, 0x02, 0x04, 0x80, 0x00, 0x00, 0x85, 0x1C, 0xF8,
  0x02, 0x00, 0x00, 0x80, 0x00, 0x00, 0x00, 0x00, 0x00, 0x00, 0x00, 0x00, 0x00, 0x80,
  0x82, 0x4F, 0x24, 0x0C, 0x19, 0x18, 0x09, 0x80, 0x9C, 0x02, 0x00, 0x00, 0x00, 0x00,
  0x20, 0x80, 0x12, 0x1A, 0xAC, 0x7A, 0x11, 0x40, 0x05, 0x50, 0x00, 0x00, 0x02, 0x00,
  0x70, 0x00, 0x00, 0x80, 0x02, 0x28, 0x01, 0x14, 0x19, 0x18, 0x09, 0x80, 0xD0, 0x5F,
  0x94, 0x5A, 0x61, 0x23, 0xB0, 0x1D, 0x11, 0x8A, 0x04, 0x04, 0x00, 0x00, 0x00, 0x84,
  0x50, 0xCE, 0x9B, 0x40, 0x21, 0x21, 0xB1, 0x09, 0x90, 0x0A, 0x06, 0x05, 0x00, 0x00,
  0x00, 0x85, 0x50, 0x4E, 0x93, 0x60, 0x41, 0x03, 0x91, 0x09, 0x90, 0x0A, 0x06, 0x05,
  0x00, 0x00, 0x00, 0x84, 0x1C, 0xC0, 0x02, 0x00, 0x00, 0x00, 0x00, 0x00, 0x00, 0x00,
  0x00, 0x00, 0x00, 0x00, 0x00, 0x80, 0x82, 0x4F, 0x24, 0x0C, 0x19, 0x18, 0x09, 0x80,
  0x9C, 0x02, 0x00, 0x00, 0x00, 0x00, 0x20, 0x80, 0x12, 0x22, 0x2C, 0x7B, 0x11, 0x40,
  0x04, 0x50, 0x00, 0x00, 0x00, 0x00, 0x70, 0x00, 0x00, 0x80, 0x02, 0x28, 0x01, 0x14,
  0x19, 0x18, 0x09, 0x80, 0xD0, 0x5F, 0x94, 0x5A, 0x61, 0x23, 0xB0, 0x1D, 0x11, 0x8A,
  0x04, 0x04, 0x00, 0x00, 0x00, 0x84, 0x50, 0xCE, 0x9B, 0x40, 0x21, 0x01, 0xB1, 0x09,
  0x90, 0x0A, 0x06, 0x05, 0x00, 0x00, 0x00, 0x84, 0x50, 0x4E, 0x93, 0x60, 0x41, 0x23,
  0x91, 0x09, 0x90, 0x0A, 0x06, 0x05, 0x00, 0x00, 0x00, 0x85, 0x30, 0xCE, 0x98, 0x48,
  0x8D, 0x00, 0x98, 0x23, 0x91, 0x0E, 0x0E, 0x05, 0x00, 0x00, 0x00, 0x84, 0x50, 0xEF,
  0x82, 0x13, 0x19, 0xE0, 0x94, 0x05, 0x94, 0x0A, 0x06, 0x04, 0x00, 0x00, 0x00, 0x85,
  0x1C, 0x98, 0x05, 0x00, 0x20, 0xB6, 0x00, 0x00, 0x00, 0x00, 0x00, 0x00, 0x00, 0x00,
  0x00, 0x80, 0xB0, 0x62, 0x90, 0x13, 0x89, 0x60, 0x94, 0x05, 0x90, 0x08, 0x02, 0x04,
  0x80, 0x00, 0x00, 0x85, 0x90, 0x8E, 0x15, 0x18, 0x0D, 0x23, 0xB9, 0x23, 0x91, 0x0E,
  0x06, 0x04, 0x00, 0x04, 0x00, 0x84, 0x50, 0xEF, 0x82, 0x13, 0x19, 0xE0, 0x94, 0x05,
  0x94, 0x0A, 0x06, 0x04, 0x00, 0x00, 0x04, 0x85, 0x10, 0x6F, 0x80, 0x12, 0x49, 0xE0,
  0x94, 0x05, 0x94, 0x0A, 0x06, 0x04, 0x00, 0x00, 0x04, 0x85, 0x1C, 0x98, 0x00, 0x10,
  0x00, 0x84, 0x00, 0x00, 0x00, 0x00, 0x00, 0x00, 0x00, 0x00, 0x00, 0x80, 0xB0, 0xE2,
  0x90, 0x11, 0x09, 0x60, 0xD4, 0x05, 0x90, 0x08, 0x02, 0x04, 0x80, 0x00, 0x00, 0x85,
  0x1C, 0xF8, 0x02, 0x00, 0x00, 0x80, 0x00, 0x00, 0x00, 0x00, 0x00, 0x00, 0x00, 0x00,
  0x00, 0x80, 0x82, 0x4F, 0x24, 0x0C, 0x19, 0x18, 0x09, 0x80, 0x9C, 0x02, 0x00, 0x00,
  0x00, 0x00, 0x20, 0x80, 0x12, 0x1A, 0xAC, 0x7A, 0x11, 0x40, 0x05, 0x50, 0x00, 0x00,
  0x02, 0x00, 0x70, 0x00, 0x00, 0x80, 0x02, 0x28, 0x01, 0x14, 0x19, 0x18, 0x09, 0x80,
  0xD0, 0x5F, 0x94, 0x5A, 0x61, 0x23, 0xB0, 0x1D, 0x11, 0x8A, 0x04, 0x04, 0x00, 0x00,
  0x00, 0x84, 0x50, 0xCE, 0x9B, 0x40, 0x21, 0x21, 0xB1, 0x09, 0x90, 0x0A, 0x06, 0x05,
  0x00, 0x00, 0x00, 0x85, 0x50, 0x4E, 0x93, 0x60, 0x41, 0x03, 0x91, 0x09, 0x90, 0x0A,
  0x06, 0x05, 0x00, 0x00, 0x00, 0x84, 0x1C, 0xC0, 0x02, 0x00, 0x00, 0x00, 0x00, 0x00,
  0x00, 0x00, 0x00, 0x00, 0x00, 0x00, 0x00, 0x80, 0x82, 0x4F, 0x24, 0x0C, 0x19, 0x18,
  0x09, 0x80, 0x9C, 0x02, 0x00, 0x00, 0x00, 0x00, 0x20, 0x80, 0x12, 0x22, 0x2C, 0x7B,
  0x11, 0x40, 0x04, 0x50, 0x00, 0x00, 0x00, 0x00, 0x70, 0x00, 0x00, 0x80, 0x02, 0x28,
  0x01, 0x14, 0x19, 0x18, 0x09, 0x80, 0xD0, 0x5F, 0x94, 0x5A, 0x61, 0x23, 0xB0, 0x1D,
  0x11, 0x8A, 0x04, 0x04, 0x00, 0x00, 0x00, 0x84, 0x50, 0xCE, 0x9B, 0x40, 0x21, 0x01,
  0xB1, 0x09, 0x90, 0x0A, 0x06, 0x05, 0x00, 0x00, 0x00, 0x84, 0x50, 0x4E, 0x93, 0x60,
  0x41, 0x23, 0x91, 0x09, 0x90, 0x0A, 0x06, 0x05, 0x00, 0x00, 0x00, 0x85, 0x30, 0xCE,
  0x98, 0x48, 0x8D, 0x00, 0x98, 0x23, 0x91, 0x0E, 0x0E, 0x05, 0x00, 0x00, 0x00, 0x84,
  0x50, 0xEF, 0x82, 0x13, 0x19, 0xE0, 0x94, 0x05, 0x94, 0x0A, 0x06, 0x04, 0x00, 0x00,
  0x00, 0x85, 0x1C, 0x18, 0x03, 0x10, 0xA0, 0xB4, 0x00, 0x00, 0x00, 0x00, 0x00, 0x00,
  0x00, 0x00, 0x00, 0x80, 0xB0, 0x62, 0x90, 0x13, 0x89, 0x60, 0x94, 0x05, 0x90, 0x08,
  0x02, 0x04, 0x80, 0x00, 0x00, 0x85, 0x90, 0x8E, 0x15, 0x18, 0x0D, 0x23, 0xB9, 0x23,
  0x91, 0x0E, 0x06, 0x04, 0x00, 0x04, 0x00, 0x84, 0x50, 0xEF, 0x82, 0x13, 0x19, 0xE0,
  0x94, 0x05, 0x94, 0x0A, 0x06, 0x04, 0x00, 0x00, 0x04, 0x85, 0x10, 0x6F, 0x80, 0x12,
  0x49, 0xE0, 0x94, 0x05, 0x94, 0x0A, 0x06, 0x04, 0x00, 0x00, 0x04, 0x85, 0x1C, 0x98,
  0x00, 0x10, 0x00, 0x84, 0x00, 0x00, 0x00, 0x00, 0x00, 0x00, 0x00, 0x00, 0x00, 0x80,
  0xB0, 0xE2, 0x90, 0x11, 0x09, 0x60, 0xD4, 0x05, 0x90, 0x08, 0x02, 0x04, 0x80, 0x00,
  0x00, 0x85, 0x1C, 0xF8, 0x02, 0x00, 0x00, 0x80, 0x00, 0x00, 0x00, 0x00, 0x00, 0x00,
  0x00, 0x00, 0x00, 0x80, 0x82, 0x4F, 0x24, 0x0C, 0x19, 0x18, 0x09, 0x80, 0x9C, 0x02,
  0x00, 0x00, 0x00, 0x00, 0x20, 0x80, 0x12, 0x1A, 0xAC, 0x7A, 0x11, 0x40, 0x05, 0x50,
  0x00, 0x00, 0x02, 0x00, 0x70, 0x00, 0x00, 0x80, 0x02, 0x28, 0x01, 0x14, 0x19, 0x18,
  0x09, 0x80, 0xD0, 0x5F, 0x94, 0x5A, 0x61, 0x23, 0xB0, 0x1D, 0x11, 0x8A, 0x04, 0x04,
  0x00, 0x00, 0x00, 0x84, 0x50, 0xCE, 0x9B, 0x40, 0x21, 0x21, 0xB1, 0x09, 0x90, 0x0A,
  0x06, 0x05, 0x00, 0x00, 0x00, 0x85, 0x50, 0x4E, 0x93, 0x60, 0x41, 0x03, 0x91, 0x09,
  0x90, 0x0A, 0x06, 0x05, 0x00, 0x00, 0x00, 0x84, 0x1C, 0xC0, 0x02, 0x00, 0x00, 0x00,
  0x00, 0x00, 0x00, 0x00, 0x00, 0x00, 0x00, 0x00, 0x00, 0x80, 0x82, 0x4F, 0x24, 0x0C,
  0x19, 0x18, 0x09, 0x80, 0x9C, 0x02, 0x00, 0x00, 0x00, 0x00, 0x20, 0x80, 0x12, 0x22,
  0x2C, 0x7B, 0x11, 0x40, 0x04, 0x50, 0x00, 0x00, 0x00, 0x00, 0x70, 0x00, 0x00, 0x80,
  0x02, 0x28, 0x01, 0x14, 0x19, 0x18, 0x09, 0x80, 0xD0, 0x5F, 0x94, 0x5A, 0x61, 0x23,
  0xB0, 0x1D, 0x11, 0x8A, 0x04, 0x04, 0x00, 0x00, 0x00, 0x84, 0x50, 0xCE, 0x9B, 0x40,
  0x21, 0x01, 0xB1, 0x09, 0x90, 0x0A, 0x06, 0x05, 0x00, 0x00, 0x00, 0x84, 0x50, 0x4E,
  0x93, 0x60, 0x41, 0x23, 0x91, 0x09, 0x90, 0x0A, 0x06, 0x05, 0x00, 0x00, 0x00, 0x85,
  0x30, 0xCE, 0x98, 0x48, 0x8D, 0x00, 0x98, 0x23, 0x91, 0x0E, 0x0E, 0x05, 0x00, 0x00,
  0x00, 0x84, 0x50, 0xEF, 0x82, 0x13, 0x19, 0xE0, 0x94, 0x05, 0x94, 0x0A, 0x06, 0x04,
  0x00, 0x00, 0x00, 0x85, 0x1C, 0x98, 0x07, 0x10, 0x20, 0xB4, 0x00, 0x00, 0x00, 0x00,
  0x00, 0x00, 0x00, 0x00, 0x00, 0x80, 0x70, 0x63, 0x94, 0x12, 0x19, 0x60, 0x94, 0x01,
  0x90, 0x08, 0x0A, 0x04, 0x00, 0x00, 0x00, 0x84, 0x70, 0xCA, 0x90, 0x10, 0x11, 0x22,
  0xF0, 0x01, 0x90, 0x08, 0x06, 0x04, 0x00, 0x00, 0x00, 0x85, 0x02, 0x28, 0x01, 0x14,
  0x1B, 0x19, 0x09, 0x80, 0x38, 0x53, 0x86, 0x49, 0x8B, 0x38, 0xB6, 0x25, 0x40, 0x82,
  0x00, 0x1A, 0x00, 0x02, 0x08, 0x80, 0x38, 0xB7, 0x88, 0x29, 0x96, 0x08, 0x7C, 0x24,
  0x42, 0xA6, 0x20, 0x9A, 0x40, 0xCC, 0x99, 0x10, 0xB1, 0x21, 0xB0, 0x09, 0x90, 0x0A,
  0x06, 0x04, 0x00, 0x00, 0x00, 0x85, 0x40, 0xCC, 0x9F, 0x00, 0x29, 0x27, 0x11, 0x0B,
  0x91, 0x0A, 0x0E, 0x05, 0x00, 0x00, 0x00, 0x84, 0x38, 0x97, 0x88, 0x0B, 0x12, 0x88,
  0x34, 0x26, 0x42, 0xA6, 0x20, 0x9A, 0x40, 0xCC, 0x93, 0x00, 0xA9, 0x21, 0x31, 0x2B,
  0x91, 0x0A, 0x06, 0x05, 0x00, 0x00, 0x00, 0x85, 0x40, 0x4C, 0x91, 0x00, 0xA9, 0x27,
  0x11, 0x29, 0x91, 0x4E, 0x06, 0x04, 0x00, 0x00, 0x00, 0x85, 0x38, 0x72, 0x84, 0x49,
  0x93, 0x88, 0xB6, 0x25, 0x40, 0x82, 0x20, 0x1A, 0x00, 0x02, 0x08, 0x80, 0x17, 0x89,
  0x81, 0x00, 0x08, 0x2A, 0x40, 0x40, 0x20, 0x04, 0x00, 0x88, 0x38, 0x12, 0x8E, 0x09,
  0x98, 0x3A, 0x14, 0x24, 0x42, 0x92, 0x00, 0x1A, 0x00, 0x22, 0x08, 0x80, 0x40, 0x4C,
  0x97, 0x00, 0x29, 0xA4, 0x31, 0x03, 0xD1, 0x0A, 0x0E, 0x05, 0x00, 0x00, 0x00, 0x84,
  0x40, 0x4C, 0x93, 0x10, 0xA1, 0xA0, 0xB0, 0x01, 0xD0, 0x0A, 0x06, 0x04, 0x00, 0x00,
  0x00, 0x85, 0x23, 0xC9, 0xA1, 0x03, 0x00, 0x08, 0x48, 0x40, 0x00, 0x04, 0x00, 0x88,
  0x00, 0x4C, 0x95, 0x00, 0x3D, 0xA4, 0x31, 0x21, 0xD1, 0x4A, 0x2E, 0x04, 0x00, 0x00,
  0x00, 0x84, 0x30, 0x6E, 0x11, 0x00, 0x15, 0x22, 0xB9, 0x23, 0x91, 0x4A, 0x06, 0x04,
  0x00, 0x00, 0x00, 0x84, 0x40, 0x4E, 0x9D, 0x18, 0x21, 0xE2, 0x90, 0x01, 0x90, 0x0A,
  0x0E, 0x05, 0x00, 0x00, 0x00, 0x84, 0x00, 0xCE, 0x9B, 0x31, 0xCD, 0x66, 0x50, 0x21,
  0x91, 0x1A, 0x06, 0x04, 0x00, 0x00, 0x00, 0x85, 0x60, 0x6E, 0x59, 0x18, 0x81, 0x66,
  0x90, 0x03, 0xB1, 0x0E, 0x06, 0x05, 0x00, 0x00, 0x00, 0x85, 0x4E, 0x42, 0x79, 0x02,
  0x79, 0x11, 0x68, 0x20, 0x80, 0x01, 0x04, 0x01, 0x02, 0x11, 0x00, 0x84, 0x00, 0xCE,
  0xDF, 0x20, 0x49, 0x66, 0xD0, 0x03, 0xB1, 0x5E, 0x06, 0x04, 0x00, 0x00, 0x00, 0x84,
  0x60, 0x6E, 0x15, 0x00, 0x15, 0x64, 0x30, 0x21, 0x91, 0x4A, 0x0E, 0x04, 0x00, 0x00,
  0x00, 0x84, 0x40, 0x4C, 0x9B, 0x00, 0x09, 0x21, 0x31, 0x23, 0xD1, 0x0A, 0x06, 0x05,
  0x00, 0x00, 0x00, 0x85, 0x38, 0x37, 0x8A, 0x6B, 0x89, 0x3A, 0xB6, 0x25, 0x42, 0xA2,
  0x00, 0x9A, 0x00, 0x4E, 0x90, 0x00, 0xB9, 0x64, 0x70, 0x03, 0xB1, 0x5A, 0x06, 0x04,
  0x00, 0x00, 0x00, 0x85, 0x20, 0x6E, 0x56, 0x18, 0x01, 0x64, 0xB0, 0x03, 0xB1, 0x0E,
  0x0E, 0x05, 0x00, 0x00, 0x00, 0x84, 0x4E, 0x02, 0xA1, 0x44, 0x59, 0x11, 0x68, 0x20,
  0xB4, 0x03, 0x04, 0x01, 0x00, 0x21, 0x00, 0x80, 0x20, 0xCE, 0x92, 0x38, 0xA1, 0xE1,
  0xF0, 0x01, 0x90, 0x0A, 0x06, 0x05, 0x00, 0x00, 0x00, 0x85, 0x9C, 0x16, 0x00, 0x00,
  0x00, 0x00, 0x10, 0x80, 0x85, 0x91, 0x11, 0x11, 0x0B, 0x28, 0x40, 0x05, 0x21, 0x04,
  0xC4, 0x89, 0x85, 0x91, 0x09, 0x10, 0x09, 0x2C, 0x40, 0x04, 0x01, 0x04, 0xC4, 0x89,
  0x03, 0x89, 0x21, 0x0B, 0x88, 0x2C, 0x40, 0x40, 0x04, 0x04, 0xC0, 0x8C, 0x03, 0x89,
  0x21, 0x00, 0xAA, 0x2C, 0x40, 0x40, 0x04, 0x04, 0xC0, 0x8C, 0x03, 0x89, 0x21, 0x0B,
  0x8A, 0x2C, 0x40, 0x40, 0x04, 0x04, 0xC0, 0x8C, 0x03, 0x89, 0xA5, 0x00, 0xA8, 0x08,
  0x40, 0x40, 0x04, 0x04, 0xE0, 0x8C, 0x40, 0xCC, 0x8B, 0x00, 0x99, 0x26, 0x71, 0x0B,
  0x91, 0x1A, 0x06, 0x05, 0x00, 0x00, 0x00, 0x85, 0x40, 0x4C, 0x83, 0x00, 0x59, 0x20,
  0x51, 0x23, 0xD1, 0x1A, 0x06, 0x05, 0x00, 0x00, 0x00, 0x85, 0x10, 0xCE, 0x90, 0x08,
  0x6D, 0x05, 0xB8, 0x23, 0x91, 0x0E, 0x0E, 0x05, 0x00, 0x00, 0x00, 0x84, 0x10, 0x4E,
  0x98, 0x08, 0x0D, 0xA4, 0xB8, 0x23, 0x91, 0x0E, 0x06, 0x05, 0x00, 0x00, 0x00, 0x85,
  0x30, 0x6E, 0x93, 0x10, 0x99, 0x60, 0x94, 0x05, 0x90, 0x0A, 0x06, 0x04, 0x00, 0x00,
  0x00, 0x85, 0x1C, 0x38, 0x02, 0x00, 0x00, 0x84, 0x00, 0x00, 0x00, 0x00, 0x00, 0x00,
  0x00, 0x00, 0x00, 0x80, 0x4E, 0x42, 0x79, 0x00, 0x79, 0x11, 0x68, 0x20, 0x80, 0x01,
  0x04, 0x01, 0x02, 0x11, 0x00, 0x84, 0x4E, 0x02, 0x29, 0x46, 0x59, 0x11, 0x68, 0x20,
  0xB4, 0x03, 0x04, 0x01, 0x00, 0x21, 0x00, 0x80, 0x00, 0xCE, 0xDB, 0x20, 0x49, 0x46,
  0xD0, 0x03, 0xB1, 0x5E, 0x06, 0x04, 0x00, 0x00, 0x00, 0x84, 0x20, 0xCE, 0x96, 0x18,
  0x21, 0xE1, 0xF0, 0x01, 0x90, 0x0A, 0x06, 0x05, 0x00, 0x00, 0x00, 0x84, 0x38, 0x36,
  0x91, 0x43, 0x90, 0x0C, 0x36, 0x21, 0x78, 0x82, 0x00, 0x9A, 0x90, 0x8E, 0x11, 0x38,
  0x8D, 0x27, 0xB9, 0x23, 0x93, 0x0E, 0x06, 0x04, 0x40, 0x00, 0x00, 0x85, 0x23, 0x89,
  0xA0, 0x02, 0x18, 0x0A, 0x40, 0x48, 0x00, 0x04, 0x00, 0x88, 0x02, 0x28, 0x01, 0x1C,
  0x1B, 0x19, 0x09, 0x80, 0x70, 0xCA, 0x90, 0x30, 0x11, 0x22, 0xF0, 0x01, 0x90, 0x08,
  0x06, 0x04, 0x00, 0x00, 0x00, 0x85, 0x23, 0xC9, 0xA0, 0x02, 0x18, 0x0A, 0x40, 0x40,
  0x00, 0x04, 0x00, 0x88, 0x02, 0x28, 0x01, 0x1C, 0x19, 0x19, 0x09, 0x80, 0x9C, 0x02,
  0x00, 0x00, 0x00, 0x00, 0x20, 0x80, 0x74, 0x90, 0x82, 0x0B, 0xB5, 0x08, 0x08, 0x10,
  0x05, 0x00, 0x00, 0x09, 0x0B, 0x40, 0x00, 0x80, 0x70, 0xDB, 0xD0, 0x12, 0x31, 0x27,
  0xF0, 0x15, 0x11, 0x88, 0x04, 0x04, 0x00, 0x08, 0x00, 0x85, 0x9C, 0x02, 0x00, 0x00,
  0x00, 0x00, 0x04, 0x80, 0x02, 0x28, 0x01, 0x14, 0x19, 0x19, 0x09, 0x80, 0xD0, 0xDF,
  0x9C, 0x5A, 0x61, 0x23, 0xB4, 0x1D, 0x11, 0x8A, 0x04, 0x04, 0x00, 0x00, 0x00, 0x84,
  0xB8, 0xF3, 0x5B, 0x1A, 0x05, 0x09, 0xB6, 0x24, 0x40, 0xC4, 0x00, 0x9B, 0xB8, 0xD6,
  0xDB, 0x1A, 0x05, 0x49, 0xB6, 0x24, 0x00, 0xE4, 0x00, 0x9B, 0x10, 0xCE, 0x90, 0x28,
  0x6D, 0x05, 0xB8, 0x23, 0x91, 0x0E, 0x0E, 0x05, 0x00, 0x00, 0x00, 0x84, 0x10, 0x4E,
  0x98, 0x08, 0x0D, 0x84, 0xB8, 0x23, 0x91, 0x0E, 0x06, 0x05, 0x00, 0x00, 0x00, 0x84,
  0xB0, 0x62, 0x90, 0x13, 0x89, 0x60, 0x94, 0x05, 0x90, 0x08, 0x02, 0x04, 0x80, 0x00,
  0x00, 0x85, 0x90, 0x8E, 0x15, 0x18, 0x0D, 0x23, 0xB9, 0x23, 0x91, 0x0E, 0x06, 0x04,
  0x00, 0x04, 0x00, 0x84, 0x50, 0xEF, 0x82, 0x13, 0x19, 0xE0, 0x94, 0x05, 0x94, 0x0A,
  0x06, 0x04, 0x00, 0x00, 0x04, 0x85, 0x10, 0x6F, 0x80, 0x12, 0x49, 0xE0, 0x94, 0x05,
  0x94, 0x0A, 0x06, 0x04, 0x00, 0x00, 0x04, 0x85, 0x1C, 0x98, 0x00, 0x10, 0x00, 0x84,
  0x00, 0x00, 0x00, 0x00, 0x00, 0x00, 0x00, 0x00, 0x00, 0x80, 0xB0, 0xE2, 0x90, 0x11,
  0x09, 0x60, 0xD4, 0x05, 0x90, 0x08, 0x02, 0x04, 0x80, 0x00, 0x00, 0x85, 0x1C, 0xF8,
  0x02, 0x00, 0x00, 0x80, 0x00, 0x00, 0x00, 0x00, 0x00, 0x00, 0x00, 0x00, 0x00, 0x80,
  0x82, 0x4F, 0x24, 0x0C, 0x19, 0x18, 0x09, 0x80, 0x9C, 0x02, 0x00, 0x00, 0x00, 0x00,
  0x20, 0x80, 0x12, 0x1A, 0xAC, 0x7A, 0x11, 0x40, 0x05, 0x50, 0x00, 0x00, 0x02, 0x00,
  0x70, 0x00, 0x00, 0x80, 0x02, 0x28, 0x01, 0x14, 0x19, 0x18, 0x09, 0x80, 0xD0, 0x5F,
  0x94, 0x5A, 0x61, 0x23, 0xB0, 0x1D, 0x11, 0x8A, 0x04, 0x04, 0x00, 0x00, 0x00, 0x84,
  0x50, 0xCE, 0x9B, 0x40, 0x21, 0x21, 0xB1, 0x09, 0x90, 0x0A, 0x06, 0x05, 0x00, 0x00,
  0x00, 0x85, 0x50, 0x4E, 0x93, 0x60, 0x41, 0x03, 0x91, 0x09, 0x90, 0x0A, 0x06, 0x05,
  0x00, 0x00, 0x00, 0x84, 0x1C, 0xC0, 0x02, 0x00, 0x00, 0x00, 0x00, 0x00, 0x00, 0x00,
  0x00, 0x00, 0x00, 0x00, 0x00, 0x80, 0x82, 0x4F, 0x24, 0x0C, 0x19, 0x18, 0x09, 0x80,
  0x9C, 0x02, 0x00, 0x00, 0x00, 0x00, 0x20, 0x80, 0x12, 0x22, 0x2C, 0x7B, 0x11, 0x40,
  0x04, 0x50, 0x00, 0x00, 0x00, 0x00, 0x70, 0x00, 0x00, 0x80, 0x02, 0x28, 0x01, 0x14,
  0x19, 0x18, 0x09, 0x80, 0xD0, 0x5F, 0x94, 0x5A, 0x61, 0x23, 0xB0, 0x1D, 0x11, 0x8A,
  0x04, 0x04, 0x00, 0x00, 0x00, 0x84, 0x50, 0xCE, 0x9B, 0x40, 0x21, 0x01, 0xB1, 0x09,
  0x90, 0x0A, 0x06, 0x05, 0x00, 0x00, 0x00, 0x84, 0x50, 0x4E, 0x93, 0x60, 0x41, 0x23,
  0x91, 0x09, 0x90, 0x0A, 0x06, 0x05, 0x00, 0x00, 0x00, 0x85, 0x30, 0xCE, 0x98, 0x48,
  0x8D, 0x00, 0x98, 0x23, 0x91, 0x0E, 0x0E, 0x05, 0x00, 0x00, 0x00, 0x84, 0x50, 0xEF,
  0x82, 0x13, 0x19, 0xE0, 0x94, 0x05, 0x94, 0x0A, 0x06, 0x04, 0x00, 0x00, 0x00, 0x85,
  0x1C, 0xF8, 0x07, 0x00, 0x20, 0xA6, 0x00, 0x00, 0x00, 0x00, 0x00, 0x00, 0x00, 0x00,
  0x00, 0x80, 0x9C, 0x1A, 0x00, 0x00, 0x00, 0x00, 0x10, 0x80, 0x03, 0x89, 0x21, 0x0B,
  0xA8, 0x2C, 0x40, 0x40, 0x04, 0x04, 0xC0, 0x8C, 0x03, 0x89, 0xA1, 0x00, 0x0A, 0x2C,
  0x48, 0x40, 0x04, 0x04, 0xE0, 0x8C, 0x30, 0x6E, 0x97, 0x10, 0x19, 0x60, 0x94, 0x05,
  0x90, 0x0A, 0x0E, 0x04, 0x00, 0x00, 0x00, 0x84, 0xC0, 0x4E, 0x90, 0x18, 0x81, 0x60,
  0xD0, 0x01, 0x90, 0x1A, 0x06, 0x04, 0x00, 0x00, 0x00, 0x85, 0x1C, 0xB8, 0x04, 0x00,
  0x00, 0x84, 0x00, 0x00, 0x00, 0x00, 0x00, 0x00, 0x00, 0x00, 0x00, 0x80, 0x85, 0x91,
  0x11, 0x11, 0x0B, 0x28, 0x40, 0x04, 0x21, 0x04, 0xC4, 0x89, 0x85, 0x91, 0x89, 0x10,
  0x09, 0x2E, 0x40, 0x04, 0x01, 0x04, 0xC4, 0x89, 0x03, 0xB1, 0x19, 0x13, 0x82, 0x38,
  0x61, 0x40, 0x05, 0x04, 0x00, 0x88, 0x53, 0xB1, 0x19, 0x13, 0x82, 0x38, 0x61, 0x40,
  0x05, 0x04, 0x00, 0x88, 0x03, 0xA1, 0x00, 0x32, 0x80, 0x3C, 0x61, 0x40, 0x05, 0x04,
  0x00, 0x88, 0x53, 0xA1, 0x80, 0x32, 0x80, 0x3E, 0x61, 0x40, 0x05, 0x04, 0x00, 0x88,
  0x1A, 0xA1, 0x49, 0x64, 0x14, 0x0A, 0x06, 0x80, 0x85, 0x91, 0x19, 0x31, 0x49, 0x2C,
  0xC4, 0x04, 0x01, 0x04, 0xC4, 0x8B, 0x03, 0xB1, 0x01, 0x32, 0x80, 0x3C, 0x61, 0x40,
  0x05, 0x04, 0x00, 0x88, 0x53, 0xB1, 0x01, 0x32, 0x80, 0x3C, 0x61, 0x40, 0x05, 0x04,
  0x00, 0x88, 0x03, 0xA1, 0x10, 0x33, 0x80, 0x3C, 0x61, 0x40, 0x05, 0x04, 0x00, 0x88,
  0x53, 0xA1, 0x90, 0x33, 0x80, 0x3E, 0x61, 0x40, 0x05, 0x04, 0x00, 0x88, 0x1A, 0xA1,
  0x10, 0x64, 0x16, 0x8A, 0x06, 0x80, 0x85, 0x91, 0x81, 0x00, 0x0B, 0x6F, 0xC4, 0x04,
  0x01, 0x04, 0xC4, 0x8B, 0x9C, 0x1A, 0x00, 0x00, 0x00, 0x00, 0x20, 0x80, 0x85, 0x80,
  0x00, 0x10, 0x49, 0x28, 0x44, 0x04, 0x00, 0x04, 0xC4, 0x89, 0x85, 0x80, 0x10, 0x11,
  0x49, 0x28, 0x44, 0x04, 0x00, 0x04, 0xC4, 0x89, 0x85, 0x80, 0x08, 0x10, 0x4B, 0x28,
  0x44, 0x04, 0x00, 0x04, 0xC4, 0x89, 0x85, 0x80, 0x18, 0x11, 0x4B, 0x28, 0x44, 0x04,
  0x00, 0x04, 0xC4, 0x89, 0x85, 0x80, 0x40, 0x30, 0x49, 0x2C, 0x44, 0x04, 0x00, 0x04,
  0xC4, 0x89, 0x85, 0x80, 0x50, 0x31, 0x49, 0x2C, 0x44, 0x04, 0x00, 0x04, 0xC4, 0x89,
  0x85, 0x80, 0x48, 0x30, 0x4B, 0x2C, 0x44, 0x04, 0x00, 0x04, 0xC4, 0x89, 0x85, 0x80,
  0x58, 0x31, 0x4B, 0x2C, 0x44, 0x04, 0x00, 0x04, 0xC4, 0x89, 0x85, 0x80, 0x04, 0x00,
  0x08, 0x49, 0x44, 0x04, 0x00, 0x04, 0xC4, 0x89, 0x85, 0x80, 0x14, 0x01, 0x08, 0x49,
  0x44, 0x04, 0x00, 0x04, 0xC4, 0x89, 0x85, 0x80, 0x0C, 0x00, 0x0A, 0x49, 0x44, 0x04,
  0x00, 0x04, 0xC4, 0x89, 0x85, 0x80, 0x1C, 0x01, 0x0A, 0x49, 0x44, 0x04, 0x00, 0x04,
  0xC4, 0x89, 0x85, 0x80, 0x44, 0x20, 0x08, 0x4D, 0x44, 0x04, 0x00, 0x04, 0xC4, 0x89,
  0x85, 0x80, 0x54, 0x21, 0x08, 0x4D, 0x44, 0x04, 0x00, 0x04, 0xC4, 0x89, 0x85, 0x80,
  0x4C, 0x20, 0x0A, 0x4D, 0x44, 0x04, 0x00, 0x04, 0xC4, 0x89, 0x85, 0x80, 0x5C, 0x21,
  0x0A, 0x4D, 0x44, 0x04, 0x00, 0x04, 0xC4, 0x89, 0x85, 0x80, 0x04, 0x10, 0x09, 0x69,
  0x44, 0x04, 0x00, 0x04, 0xC4, 0x89, 0x85, 0x80, 0x14, 0x11, 0x09, 0x69, 0x44, 0x04,
  0x00, 0x04, 0xC4, 0x89, 0x85, 0x80, 0x0C, 0x10, 0x0B, 0x69, 0x44, 0x04, 0x00, 0x04,
  0xC4, 0x89, 0x85, 0x80, 0x1C, 0x11, 0x0B, 0x69, 0x44, 0x04, 0x00, 0x04, 0xC4, 0x89,
  0x85, 0x80, 0x44, 0x30, 0x09, 0x6D, 0x44, 0x04, 0x00, 0x04, 0xC4, 0x89, 0x85, 0x80,
  0x54, 0x31, 0x09, 0x6D, 0x44, 0x04, 0x00, 0x04, 0xC4, 0x89, 0x85, 0x80, 0x4C, 0x30,
  0x0B, 0x6D, 0x44, 0x04, 0x00, 0x04, 0xC4, 0x89, 0x85, 0x80, 0x5C, 0x31, 0x0B, 0x6D,
  0x44, 0x04, 0x00, 0x04, 0xC4, 0x89, 0x85, 0x81, 0x00, 0x00, 0x48, 0x09, 0x44, 0x04,
  0x01, 0x04, 0xC4, 0x89, 0x85, 0x81, 0x10, 0x01, 0x48, 0x09, 0x44, 0x04, 0x01, 0x04,
  0xC4, 0x89, 0x85, 0x81, 0x08, 0x00, 0x4A, 0x09, 0x44, 0x04, 0x01, 0x04, 0xC4, 0x89,
  0x85, 0x81, 0x18, 0x01, 0x4A, 0x09, 0x44, 0x04, 0x01, 0x04, 0xC4, 0x89, 0x85, 0x81,
  0x40, 0x20, 0x48, 0x0D, 0x44, 0x04, 0x01, 0x04, 0xC4, 0x89, 0x85, 0x81, 0x50, 0x21,
  0x48, 0x0D, 0x44, 0x04, 0x01, 0x04, 0xC4, 0x89, 0x85, 0x81, 0x48, 0x20, 0x4A, 0x0D,
  0x44, 0x04, 0x01, 0x04, 0xC4, 0x89, 0x85, 0x81, 0x58, 0x21, 0x4A, 0x0F, 0x44, 0x04,
  0x01, 0x04, 0xE4, 0x89, 0x03, 0x89, 0x21, 0x0B, 0x8A, 0x2C, 0x40, 0x41, 0x04, 0x04,
  0xC0, 0x8C, 0x03, 0x89, 0xA5, 0x00, 0xA8, 0x0A, 0x40, 0x40, 0x04, 0x04, 0xC0, 0x8C,
  0x30, 0x6E, 0x97, 0x10, 0x19, 0x60, 0x94, 0x05, 0x90, 0x0A, 0x0E, 0x04, 0x00, 0x00,
  0x00, 0x84, 0x1C, 0x88, 0x00, 0x00, 0x80, 0x96, 0x00, 0x00, 0x00, 0x00, 0x00, 0x00,
  0x00, 0x00, 0x00, 0x80, 0x00, 0xCC, 0x87, 0x10, 0x71, 0xA2, 0xB4, 0x0D, 0x91, 0x9A,
  0x1F, 0x04, 0x00, 0x00, 0x00, 0x84, 0x1C, 0x48, 0x02, 0x00, 0x80, 0x94, 0x00, 0x00,
  0x00, 0x00, 0x00, 0x00, 0x00, 0x00, 0x00, 0x80, 0x4E, 0x42, 0x79, 0x00, 0x79, 0x11,
  0x68, 0x20, 0x80, 0x01, 0x04, 0x01, 0x02, 0x11, 0x00, 0x84, 0x4E, 0x02, 0x29, 0x46,
  0x59, 0x11, 0x68, 0x20, 0xB4, 0x03, 0x04, 0x01, 0x00, 0x21, 0x00, 0x80, 0x00, 0xCE,
  0xDB, 0x20, 0x49, 0x46, 0xD0, 0x03, 0xB1, 0x5E, 0x06, 0x04, 0x00, 0x00, 0x00, 0x84,
  0x20, 0xCE, 0x96, 0x18, 0x21, 0xE1, 0xF0, 0x01, 0x90, 0x0A, 0x06, 0x05, 0x00, 0x00,
  0x00, 0x84, 0x38, 0x36, 0x91, 0x43, 0x90, 0x0C, 0x36, 0x21, 0x78, 0x82, 0x00, 0x9A,
  0x90, 0x8E, 0x11, 0x38, 0x8D, 0x27, 0xB9, 0x23, 0x93, 0x0E, 0x06, 0x04, 0x40, 0x00,
  0x00, 0x85, 0x23, 0x89, 0xA0, 0x02, 0x18, 0x0A, 0x40, 0x48, 0x00, 0x04, 0x00, 0x88,
  0x02, 0x28, 0x01, 0x1C, 0x1B, 0x19, 0x09, 0x80, 0x70, 0xCA, 0x90, 0x30, 0x11, 0x22,
  0xF0, 0x01, 0x90, 0x08, 0x06, 0x04, 0x00, 0x00, 0x00, 0x85, 0x23, 0xC9, 0xA0, 0x02,
  0x18, 0x0A, 0x40, 0x40, 0x00, 0x04, 0x00, 0x88, 0x02, 0x28, 0x01, 0x1C, 0x19, 0x19,
  0x09, 0x80, 0x9C, 0x02, 0x00, 0x00, 0x00, 0x00, 0x20, 0x80, 0x74, 0x90, 0x02, 0x0B,
  0xB5, 0x08, 0x08, 0x10, 0x05, 0x00, 0x00, 0x0B, 0x0B, 0x40, 0x00, 0x80, 0x70, 0xDB,
  0xD0, 0x12, 0x31, 0x27, 0xF0, 0x15, 0x11, 0x88, 0x04, 0x04, 0x00, 0x08, 0x00, 0x85,
  0x9C, 0x02, 0x00, 0x00, 0x00, 0x00, 0x04, 0x80, 0x02, 0x28, 0x01, 0x14, 0x19, 0x19,
  0x09, 0x80, 0xD0, 0xDF, 0x9C, 0x5A, 0x61, 0x23, 0xB4, 0x1D, 0x11, 0x8A, 0x04, 0x04,
  0x00, 0x00, 0x00, 0x84, 0xB8, 0xF3, 0x5B, 0x1A, 0x05, 0x09, 0xB6, 0x24, 0x40, 0xC4,
  0x00, 0x9B, 0xB8, 0xD6, 0xDB, 0x1A, 0x05, 0x49, 0xB6, 0x24, 0x00, 0xE4, 0x00, 0x9B,
  0x10, 0xCE, 0x90, 0x28, 0x6D, 0x05, 0xB8, 0x23, 0x91, 0x0E, 0x0E, 0x05, 0x00, 0x00,
  0x00, 0x84, 0x10, 0x4E, 0x98, 0x08, 0x0D, 0x84, 0xB8, 0x23, 0x91, 0x0E, 0x06, 0x05,
  0x00, 0x00, 0x00, 0x84, 0xB0, 0x62, 0x90, 0x13, 0x89, 0x60, 0x94, 0x05, 0x90, 0x08,
  0x02, 0x04, 0x80, 0x00, 0x00, 0x85, 0x90, 0x8E, 0x15, 0x18, 0x0D, 0x23, 0xB9, 0x23,
  0x91, 0x0E, 0x06, 0x04, 0x00, 0x04, 0x00, 0x84, 0x50, 0xEF, 0x82, 0x13, 0x19, 0xE0,
  0x94, 0x05, 0x94, 0x0A, 0x06, 0x04, 0x00, 0x00, 0x04, 0x85, 0x10, 0x6F, 0x80, 0x12,
  0x49, 0xE0, 0x94, 0x05, 0x94, 0x0A, 0x06, 0x04, 0x00, 0x00, 0x04, 0x85, 0x1C, 0xF8,
  0x03, 0x00, 0x80, 0x86, 0x00, 0x00, 0x00, 0x00, 0x00, 0x00, 0x00, 0x00, 0x00, 0x80,
  0xB0, 0xE2, 0x90, 0x11, 0x09, 0x60, 0xD4, 0x05, 0x90, 0x08, 0x02, 0x04, 0x80, 0x00,
  0x00, 0x85, 0x1C, 0xF8, 0x02, 0x00, 0x00, 0x80, 0x00, 0x00, 0x00, 0x00, 0x00, 0x00,
  0x00, 0x00, 0x00, 0x80, 0x82, 0x4F, 0x24, 0x0C, 0x19, 0x18, 0x09, 0x80, 0x9C, 0x02,
  0x00, 0x00, 0x00, 0x00, 0x20, 0x80, 0x12, 0x1A, 0xAC, 0x7A, 0x11, 0x40, 0x05, 0x50,
  0x00, 0x00, 0x02, 0x00, 0x70, 0x00, 0x00, 0x80, 0x02, 0x28, 0x01, 0x14, 0x19, 0x18,
  0x09, 0x80, 0xD0, 0x5F, 0x94, 0x5A, 0x61, 0x23, 0xB0, 0x1D, 0x11, 0x8A, 0x04, 0x04,
  0x00, 0x00, 0x00, 0x84, 0x50, 0xCE, 0x9B, 0x40, 0x21, 0x21, 0xB1, 0x09, 0x90, 0x0A,
  0x06, 0x05, 0x00, 0x00, 0x00, 0x85, 0x50, 0x4E, 0x93, 0x60, 0x41, 0x03, 0x91, 0x09,
  0x90, 0x0A, 0x06, 0x05, 0x00, 0x00, 0x00, 0x84, 0x1C, 0xC0, 0x02, 0x00, 0x00, 0x00,
  0x00, 0x00, 0x00, 0x00, 0x00, 0x00, 0x00, 0x00, 0x00, 0x80, 0x82, 0x4F, 0x24, 0x0C,
  0x19, 0x18, 0x09, 0x80, 0x9C, 0x02, 0x00, 0x00, 0x00, 0x00, 0x20, 0x80, 0x12, 0x22,
  0x2C, 0x7B, 0x11, 0x40, 0x04, 0x50, 0x00, 0x00, 0x00, 0x00, 0x70, 0x00, 0x00, 0x80,
  0x02, 0x28, 0x01, 0x14, 0x19, 0x18, 0x09, 0x80, 0xD0, 0x5F, 0x94, 0x5A, 0x61, 0x23,
  0xB0, 0x1D, 0x11, 0x8A, 0x04, 0x04, 0x00, 0x00, 0x00, 0x84, 0x50, 0xCE, 0x9B, 0x40,
  0x21, 0x01, 0xB1, 0x09, 0x90, 0x0A, 0x06, 0x05, 0x00, 0x00, 0x00, 0x84, 0x50, 0x4E,
  0x93, 0x60, 0x41, 0x23, 0x91, 0x09, 0x90, 0x0A, 0x06, 0x05, 0x00, 0x00, 0x00, 0x85,
  0x30, 0xCE, 0x98, 0x48, 0x8D, 0x00, 0x98, 0x23, 0x91, 0x0E, 0x0E, 0x05, 0x00, 0x00,
  0x00, 0x84, 0x50, 0xEF, 0x82, 0x13, 0x19, 0xE0, 0x94, 0x05, 0x94, 0x0A, 0x06, 0x04,
  0x00, 0x00, 0x00, 0x85, 0x1C, 0xD8, 0x02, 0x10, 0x00, 0x82, 0x00, 0x00, 0x00, 0x00,
  0x00, 0x00, 0x00, 0x00, 0x00, 0x80, 0x90, 0x4E, 0x82, 0x11, 0x41, 0x28, 0xB0, 0x01,
  0x90, 0x1A, 0x06, 0x04, 0x00, 0x00, 0x00, 0x85, 0x90, 0xEF, 0x86, 0x13, 0x09, 0xE1,
  0x94, 0x05, 0x94, 0x0A, 0x0E, 0x04, 0x00, 0x00, 0x00, 0x84, 0x10, 0x6F, 0x84, 0x12,
  0x49, 0xE0, 0x94, 0x05, 0x94, 0x0A, 0x06, 0x04, 0x00, 0x00, 0x04, 0x84, 0x1C, 0xD8,
  0x00, 0x10, 0x00, 0x86, 0x00, 0x00, 0x00, 0x00, 0x00, 0x00, 0x00, 0x00, 0x00, 0x80,
  0x10, 0x6F, 0x84, 0x10, 0x49, 0xE0, 0x94, 0x05, 0x94, 0x0A, 0x0E, 0x04, 0x00, 0x00,
  0x00, 0x84, 0x1C, 0xD8, 0x06, 0x10, 0x80, 0x80, 0x00, 0x00, 0x00, 0x00, 0x00, 0x00,
  0x00, 0x00, 0x00, 0x80, 0x38, 0x37, 0x88, 0x69, 0x87, 0x08, 0xB6, 0x25, 0x40, 0xA2,
  0x20, 0x9A, 0x4E, 0x0A, 0x39, 0x0C, 0x79, 0x42, 0xA8, 0x20, 0xB4, 0x03, 0x04, 0x01,
  0x00, 0x01, 0x10, 0x80, 0x10, 0x4E, 0x93, 0x00, 0xE1, 0x23, 0xF1, 0x01, 0x94, 0x1A,
  0x06, 0x05, 0x00, 0x00, 0x00, 0x85, 0x38, 0x76, 0x9B, 0x69, 0xB9, 0x38, 0xB6, 0x25,
  0x40, 0xA2, 0x00, 0x9A, 0x90, 0x4E, 0x99, 0x40, 0xE1, 0x22, 0xB0, 0x01, 0x90, 0x0A,
  0x06, 0x04, 0x00, 0x00, 0x00, 0x85, 0x60, 0x6C, 0x1F, 0x08, 0x15, 0x24, 0xB8, 0x2B,
  0x91, 0x4A, 0x0E, 0x04, 0x00, 0x00, 0x00, 0x84, 0x90, 0xEF, 0x96, 0x13, 0x29, 0x61,
  0x94, 0x05, 0x90, 0x0A, 0x0E, 0x04, 0x00, 0x00, 0x00, 0x84, 0x1C, 0xF8, 0x01, 0x00,
  0x00, 0x80, 0x00, 0x00, 0x00, 0x00, 0x00, 0x00, 0x00, 0x00, 0x00, 0x80, 0xC0, 0x4C,
  0x90, 0x18, 0x81, 0x20, 0x90, 0x01, 0x90, 0x0A, 0x06, 0x04, 0x00, 0x00, 0x00, 0x85,
  0x27, 0xC8, 0xA1, 0x02, 0x10, 0x08, 0x40, 0x40, 0x00, 0x04, 0x20, 0x88, 0x1C, 0x40,
  0xFB, 0x7F, 0xFF, 0x1B, 0x00, 0x00, 0x00, 0x00, 0x00, 0x00, 0x00, 0x00, 0x00, 0x80,
  0x13, 0xC8, 0xA1, 0x00, 0x18, 0x08, 0x40, 0x40, 0x00, 0x04, 0x00, 0x88, 0x60, 0x4C,
  0x9B, 0x48, 0x3D, 0x20, 0x30, 0x29, 0x91, 0x4A, 0x26, 0x04, 0x00, 0x00, 0x00, 0x85,
  0x20, 0xCC, 0x93, 0x11, 0x01, 0x02, 0xD0, 0x01, 0xD0, 0x0A, 0x16, 0x04, 0x00, 0x00,
  0x00, 0x84, 0x30, 0x6C, 0x1F, 0x28, 0x05, 0x20, 0x99, 0x23, 0x91, 0x4A, 0x06, 0x04,
  0x00, 0x00, 0x00, 0x84, 0xFE, 0x60, 0x23, 0x38, 0x04, 0xE1, 0x08, 0x80, 0x7E, 0x64,
  0xC2, 0x40, 0x06, 0xE4, 0x04, 0x80, 0xD0, 0xE2, 0x14, 0x40, 0x69, 0x60, 0x94, 0x05,
  0x90, 0x0A, 0x0E, 0x04, 0x00, 0x00, 0x00, 0x84, 0xF0, 0x6E, 0xB8, 0x18, 0x89, 0x22,
  0xB0, 0x01, 0x90, 0x0A, 0x06, 0x04, 0x00, 0x00, 0x40, 0x85, 0x50, 0x42, 0x17, 0x51,
  0x61, 0x22, 0xB0, 0x01, 0x90, 0x0A, 0x0E, 0x04, 0x00, 0x00, 0x00, 0x84, 0x1A, 0xB1,
  0x89, 0x2C, 0x00, 0x0A, 0x00, 0x80, 0x50, 0x42, 0x15, 0x48, 0x61, 0x22, 0xB0, 0x01,
  0x90, 0x0A, 0x0E, 0x05, 0x00, 0x00, 0x00, 0x84, 0x7E, 0x64, 0xC2, 0x38, 0x06, 0xE4,
  0x04, 0x80, 0xF0, 0x6E, 0x1C, 0x00, 0x05, 0x22, 0xB8, 0x23, 0x91, 0x0A, 0x2E, 0x04,
  0x00, 0x00, 0x00, 0x84, 0x27, 0x89, 0x85, 0x00, 0x08, 0x08, 0x40, 0x41, 0x00, 0x04,
  0x20, 0x88, 0x37, 0x89, 0xA5, 0x02, 0x10, 0x0A, 0x40, 0x40, 0x20, 0x04, 0x00, 0x88,
  0x30, 0x42, 0x13, 0x51, 0xCD, 0x3E, 0x98, 0x22, 0x00, 0x2A, 0x06, 0x16, 0x21, 0x00,
  0x00, 0x85, 0xF0, 0x62, 0x15, 0x11, 0x01, 0x3E, 0x10, 0x02, 0x80, 0x0E, 0x0E, 0x14,
  0x01, 0x00, 0x00, 0x84, 0x33, 0xC9, 0xA0, 0x00, 0x18, 0x08, 0x40, 0x41, 0x00, 0x04,
  0x20, 0x88, 0x50, 0xCE, 0x9C, 0x11, 0x2D, 0x27, 0x30, 0x01, 0x91, 0x0A, 0x2E, 0x04,
  0x00, 0x00, 0x00, 0x84, 0x70, 0xE3, 0x03, 0x11, 0x89, 0x60, 0x94, 0x05, 0x90, 0x0A,
  0x06, 0x04, 0x00, 0x00, 0x00, 0x85, 0x70, 0xCE, 0x8F, 0x11, 0x01, 0x22, 0xB0, 0x01,
  0x92, 0x0A, 0x1E, 0x04, 0x00, 0x00, 0x00, 0x84, 0xD0, 0xC2, 0x18, 0x58, 0x81, 0x20,
  0x90, 0x01, 0x92, 0x0A, 0x06, 0x04, 0x00, 0x00, 0x00, 0x85, 0x70, 0xE3, 0x07, 0x11,
  0x09, 0x60, 0x94, 0x05, 0x90, 0x0A, 0x0E, 0x04, 0x00, 0x00, 0x00, 0x84, 0xD0, 0xC2,
  0x18, 0x58, 0x81, 0x20, 0x90, 0x01, 0x92, 0x0A, 0x06, 0x04, 0x00, 0x00, 0x00, 0x85,
  0xD0, 0xCE, 0x94, 0x00, 0x2D, 0x27, 0x98, 0x01, 0x91, 0x0A, 0x2E, 0x04, 0x00, 0x00,
  0x00, 0x84, 0x33, 0xC9, 0xA5, 0x00, 0x08, 0x0A, 0x40, 0x40, 0x00, 0x04, 0x00, 0x88,
  0x38, 0xD3, 0x04, 0x49, 0x09, 0x28, 0x97, 0xA5, 0x30, 0xCC, 0x9D, 0x10, 0x01, 0x20,
  0xD1, 0x01, 0x90, 0x0A, 0x0E, 0x04, 0x00, 0x00, 0x00, 0x84, 0x70, 0x6C, 0x19, 0x00,
  0x95, 0x24, 0x11, 0x01, 0x91, 0x4A, 0x06, 0x04, 0x00, 0x00, 0x00, 0x85, 0x70, 0xEF,
  0x82, 0x12, 0x99, 0x60, 0x94, 0x05, 0x90, 0x0A, 0x06, 0x04, 0x00, 0x00, 0x00, 0x85,
  0x1C, 0x98, 0x04, 0x00, 0x00, 0x84, 0x00, 0x00, 0x00, 0x00, 0x00, 0x00, 0x00, 0x00,
  0x00, 0x80, 0x30, 0xEF, 0x93, 0x0A, 0x89, 0x60, 0xD5, 0x01, 0x90, 0x4A, 0x06, 0x04,
  0x00, 0x00, 0x00, 0x85, 0x70, 0x62, 0x17, 0x08, 0x05, 0x32, 0xB9, 0x21, 0x82, 0x42,
  0x0E, 0x10, 0x01, 0x00, 0x00, 0x84, 0x38, 0x11, 0x84, 0x6B, 0xB9, 0x7A, 0xA7, 0x25,
  0x00, 0x82, 0x00, 0x1A, 0x00, 0x02, 0x08, 0x80, 0x00, 0xEC, 0xBD, 0x11, 0x09, 0xA0,
  0x90, 0x01, 0xD0, 0x0A, 0x0E, 0x04, 0x00, 0x00, 0x40, 0x84, 0x10, 0x4E, 0x93, 0x48,
  0xC9, 0x26, 0x11, 0x01, 0xB1, 0x4A, 0x26, 0x04, 0x00, 0x00, 0x00, 0x85, 0x38, 0xB0,
  0x95, 0x43, 0x08, 0x0C, 0x36, 0x21, 0x78, 0x86, 0x00, 0x1A, 0x00, 0x02, 0x08, 0x80,
  0x30, 0xCE, 0x97, 0x08, 0x01, 0x22, 0xF1, 0x01, 0x92, 0x4A, 0x1E, 0x04, 0x00, 0x00,
  0x00, 0x84, 0x10, 0x4E, 0x93, 0x51, 0xC1, 0x22, 0x90, 0x01, 0x92, 0x0A, 0x16, 0x04,
  0x00, 0x00, 0x00, 0x85, 0x1C, 0x58, 0x05, 0x00, 0x00, 0x00, 0x00, 0x00, 0x00, 0x00,
  0x00, 0x00, 0x00, 0x00, 0x00, 0x80, 0x70, 0xEF, 0x94, 0x0A, 0x19, 0x60, 0xD5, 0x01,
  0x90, 0x4A, 0x0E, 0x04, 0x00, 0x00, 0x00, 0x84, 0x30, 0x62, 0x11, 0x08, 0x95, 0x32,
  0xB9, 0x21, 0x82, 0x42, 0x06, 0x10, 0x01, 0x00, 0x00, 0x85, 0x38, 0x35, 0x82, 0x6B,
  0xB9, 0x7A, 0xA7, 0x25, 0x00, 0xA2, 0x00, 0x9A, 0x00, 0xEC, 0xB9, 0x11, 0x89, 0xA0,
  0x90, 0x01, 0xD0, 0x0A, 0x06, 0x04, 0x00, 0x00, 0x40, 0x85, 0x50, 0x4E, 0x94, 0x48,
  0x59, 0x26, 0x11, 0x01, 0xB1, 0x4A, 0x2E, 0x04, 0x00, 0x00, 0x00, 0x84, 0x38, 0xB0,
  0x95, 0x43, 0x08, 0x0C, 0x36, 0x21, 0x78, 0x86, 0x00, 0x1A, 0x00, 0x02, 0x08, 0x80,
  0x70, 0xCE, 0x94, 0x08, 0x11, 0x22, 0xF1, 0x01, 0x92, 0x4A, 0x1E, 0x04, 0x00, 0x00,
  0x00, 0x84, 0x10, 0x4E, 0x93, 0x51, 0xC1, 0x22, 0x90, 0x01, 0x92, 0x0A, 0x16, 0x04,
  0x00, 0x00, 0x00, 0x85, 0x10, 0x4C, 0x9B, 0x48, 0xCD, 0x24, 0x99, 0x01, 0x91, 0x4A,
  0x06, 0x04, 0x00, 0x00, 0x00, 0x85, 0xB8, 0xB0, 0x95, 0x43, 0x00, 0x0C, 0x36, 0x21,
  0x78, 0x86, 0x00, 0x1A, 0x00, 0x02, 0x08, 0x80, 0x00, 0xCC, 0x99, 0x10, 0x81, 0xA0,
  0x91, 0x01, 0xD2, 0x0A, 0x16, 0x04, 0x00, 0x00, 0x00, 0x85, 0xD0, 0x6F, 0x84, 0x1A,
  0x29, 0xE0, 0xD4, 0x01, 0x94, 0x0A, 0x0E, 0x04, 0x00, 0x00, 0x00, 0x84, 0x27, 0xC9,
  0x01, 0x01, 0x00, 0x08, 0x40, 0x49, 0x20, 0x04, 0x00, 0x88, 0x33, 0xC8, 0x00, 0x00,
  0x28, 0x08, 0x40, 0x48, 0x00, 0x04, 0x00, 0x88, 0x17, 0x88, 0xA0, 0x02, 0x10, 0x0E,
  0x40, 0x48, 0x00, 0x04, 0x00, 0x88, 0x20, 0x6C, 0x11, 0x20, 0x91, 0x22, 0x11, 0x01,
  0xD1, 0x4A, 0x06, 0x04, 0x00, 0x00, 0x00, 0x85, 0xF0, 0x0E, 0x9A, 0x58, 0x91, 0x02,
  0xB0, 0x01, 0x90, 0x08, 0x2A, 0x04, 0x00, 0x04, 0x00, 0x84, 0xF0, 0x0E, 0x94, 0x58,
  0x01, 0x22, 0xB0, 0x01, 0x90, 0x08, 0x22, 0x04, 0x00, 0x04, 0x00, 0x84, 0x38, 0x32,
  0x91, 0x63, 0x94, 0x0C, 0x36, 0x21, 0x78, 0x82, 0x00, 0x1A, 0x00, 0x02, 0x08, 0x80,
  0x1C, 0x18, 0x04, 0x00, 0x00, 0x80, 0x00, 0x00, 0x00, 0x00, 0x00, 0x00, 0x00, 0x00,
  0x00, 0x80, 0x40, 0x4C, 0x9B, 0x00, 0x49, 0xA4, 0x11, 0x01, 0xF1, 0x0A, 0x06, 0x05,
  0x00, 0x00, 0x00, 0x85, 0x70, 0x4E, 0x9F, 0x00, 0x1D, 0x28, 0x99, 0x23, 0x91, 0x0A,
  0x06, 0x05, 0x00, 0x00, 0x00, 0x84, 0x40, 0xCC, 0x9B, 0x00, 0x0D, 0xA0, 0x99, 0x23,
  0xD1, 0x0A, 0x06, 0x05, 0x00, 0x00, 0x00, 0x85, 0x27, 0x89, 0x01, 0x00, 0x0A, 0x08,
  0x40, 0x40, 0x00, 0x04, 0x00, 0x88, 0x37, 0x89, 0x00, 0x01, 0x0A, 0x08, 0x40, 0x40,
  0x00, 0x04, 0x00, 0x88, 0x27, 0x89, 0x00, 0x01, 0x0A, 0x08, 0x40, 0x40, 0x00, 0x04,
  0x00, 0x88, 0x33, 0xC9, 0x81, 0x00, 0x2A, 0x08, 0x40, 0x40, 0x00, 0x04, 0x20, 0x88,
  0x1C, 0xB8, 0x02, 0x00, 0x00, 0x00, 0x00, 0x00, 0x00, 0x00, 0x00, 0x00, 0x00, 0x00,
  0x00, 0x80, 0x60, 0x6C, 0x18, 0x00, 0x15, 0x24, 0x11, 0x01, 0xD1, 0x0A, 0x06, 0x05,
  0x00, 0x00, 0x00, 0x85, 0x50, 0xCE, 0x8F, 0x00, 0x7D, 0xAD, 0x99, 0x23, 0x91, 0x1A,
  0x06, 0x05, 0x00, 0x00, 0x00, 0x84, 0x40, 0xCC, 0x9B, 0x00, 0x0D, 0xA4, 0x99, 0x23,
  0xD1, 0x0A, 0x06, 0x05, 0x00, 0x00, 0x00, 0x85, 0x27, 0x89, 0x01, 0x00, 0x0A, 0x08,
  0x40, 0x40, 0x00, 0x04, 0x00, 0x88, 0x37, 0x89, 0x00, 0x01, 0x0A, 0x08, 0x40, 0x40,
  0x00, 0x04, 0x00, 0x88, 0x33, 0xC9, 0x01, 0x00, 0x2A, 0x08, 0x40, 0x40, 0x20, 0x04,
  0x00, 0x88, 0x23, 0x89, 0x80, 0x01, 0x0A, 0x08, 0x40, 0x40, 0x00, 0x04, 0x20, 0x88,
  0x30, 0xCE, 0x98, 0x48, 0x8D, 0x00, 0x98, 0x23, 0x91, 0x0E, 0x0E, 0x05, 0x00, 0x00,
  0x00, 0x84, 0x9C, 0x02, 0x00, 0x80, 0x9C, 0x1A, 0x00, 0x00, 0x00, 0x00, 0x10, 0x80,
  0x85, 0x91, 0x11, 0x11, 0x0B, 0x28, 0x40, 0x04, 0x21, 0x04, 0xC4, 0x89, 0x85, 0x91,
  0x89, 0x10, 0x09, 0x2E, 0x40, 0x04, 0x01, 0x04, 0xC4, 0x89, 0x03, 0xB1, 0x19, 0x13,
  0x82, 0x38, 0x61, 0x40, 0x05, 0x04, 0x00, 0x88, 0x53, 0xB1, 0x19, 0x13, 0x82, 0x38,
  0x61, 0x40, 0x05, 0x04, 0x00, 0x88, 0x03, 0xA1, 0x00, 0x32, 0x80, 0x3C, 0x61, 0x40,
  0x05, 0x04, 0x00, 0x88, 0x53, 0xA1, 0x80, 0x32, 0x80, 0x3E, 0x61, 0x40, 0x05, 0x04,
  0x00, 0x88, 0x1A, 0xA1, 0x49, 0x64, 0x14, 0x0A, 0x06, 0x80, 0x85, 0x91, 0x19, 0x31,
  0x49, 0x2C, 0xC4, 0x04, 0x01, 0x04, 0xC4, 0x8B, 0x03, 0xB1, 0x01, 0x32, 0x80, 0x3C,
  0x61, 0x40, 0x05, 0x04, 0x00, 0x88, 0x53, 0xB1, 0x01, 0x32, 0x80, 0x3C, 0x61, 0x40,
  0x05, 0x04, 0x00, 0x88, 0x03, 0xA1, 0x10, 0x33, 0x80, 0x3C, 0x61, 0x40, 0x05, 0x04,
  0x00, 0x88, 0x53, 0xA1, 0x90, 0x33, 0x80, 0x3E, 0x61, 0x40, 0x05, 0x04, 0x00, 0x88,
  0x1A, 0xA1, 0x10, 0x64, 0x16, 0x8A, 0x06, 0x80, 0x85, 0x91, 0x81, 0x00, 0x0B, 0x6F,
  0xC4, 0x04, 0x01, 0x04, 0xC4, 0x8B, 0x9C, 0x1A, 0x00, 0x00, 0x00, 0x00, 0x20, 0x80,
  0x85, 0x80, 0x00, 0x10, 0x49, 0x28, 0x44, 0x04, 0x00, 0x04, 0xC4, 0x89, 0x85, 0x80,
  0x10, 0x11, 0x49, 0x28, 0x44, 0x04, 0x00, 0x04, 0xC4, 0x89, 0x85, 0x80, 0x08, 0x10,
  0x4B, 0x28, 0x44, 0x04, 0x00, 0x04, 0xC4, 0x89, 0x85, 0x80, 0x18, 0x11, 0x4B, 0x28,
  0x44, 0x04, 0x00, 0x04, 0xC4, 0x89, 0x85, 0x80, 0x40, 0x30, 0x49, 0x2C, 0x44, 0x04,
  0x00, 0x04, 0xC4, 0x89, 0x85, 0x80, 0x50, 0x31, 0x49, 0x2C, 0x44, 0x04, 0x00, 0x04,
  0xC4, 0x89, 0x85, 0x80, 0x48, 0x30, 0x4B, 0x2C, 0x44, 0x04, 0x00, 0x04, 0xC4, 0x89,
  0x85, 0x80, 0x58, 0x31, 0x4B, 0x2C, 0x44, 0x04, 0x00, 0x04, 0xC4, 0x89, 0x85, 0x80,
  0x04, 0x00, 0x08, 0x49, 0x44, 0x04, 0x00, 0x04, 0xC4, 0x89, 0x85, 0x80, 0x14, 0x01,
  0x08, 0x49, 0x44, 0x04, 0x00, 0x04, 0xC4, 0x89, 0x85, 0x80, 0x0C, 0x00, 0x0A, 0x49,
  0x44, 0x04, 0x00, 0x04, 0xC4, 0x89, 0x85, 0x80, 0x1C, 0x01, 0x0A, 0x49, 0x44, 0x04,
  0x00, 0x04, 0xC4, 0x89, 0x85, 0x80, 0x44, 0x20, 0x08, 0x4D, 0x44, 0x04, 0x00, 0x04,
  0xC4, 0x89, 0x85, 0x80, 0x54, 0x21, 0x08, 0x4D, 0x44, 0x04, 0x00, 0x04, 0xC4, 0x89,
  0x85, 0x80, 0x4C, 0x20, 0x0A, 0x4D, 0x44, 0x04, 0x00, 0x04, 0xC4, 0x89, 0x85, 0x80,
  0x5C, 0x21, 0x0A, 0x4D, 0x44, 0x04, 0x00, 0x04, 0xC4, 0x89, 0x85, 0x80, 0x04, 0x10,
  0x09, 0x69, 0x44, 0x04, 0x00, 0x04, 0xC4, 0x89, 0x85, 0x80, 0x14, 0x11, 0x09, 0x69,
  0x44, 0x04, 0x00, 0x04, 0xC4, 0x89, 0x85, 0x80, 0x0C, 0x10, 0x0B, 0x69, 0x44, 0x04,
  0x00, 0x04, 0xC4, 0x89, 0x85, 0x80, 0x1C, 0x11, 0x0B, 0x69, 0x44, 0x04, 0x00, 0x04,
  0xC4, 0x89, 0x85, 0x80, 0x44, 0x30, 0x09, 0x6D, 0x44, 0x04, 0x00, 0x04, 0xC4, 0x89,
  0x85, 0x80, 0x54, 0x31, 0x09, 0x6D, 0x44, 0x04, 0x00, 0x04, 0xC4, 0x89, 0x85, 0x80,
  0x4C, 0x30, 0x0B, 0x6D, 0x44, 0x04, 0x00, 0x04, 0xC4, 0x89, 0x85, 0x80, 0x5C, 0x31,
  0x0B, 0x6D, 0x44, 0x04, 0x00, 0x04, 0xC4, 0x89, 0x85, 0x81, 0x00, 0x00, 0x48, 0x09,
  0x44, 0x04, 0x01, 0x04, 0xC4, 0x89, 0x85, 0x81, 0x10, 0x01, 0x48, 0x09, 0x44, 0x04,
  0x01, 0x04, 0xC4, 0x89, 0x85, 0x81, 0x08, 0x00, 0x4A, 0x09, 0x44, 0x04, 0x01, 0x04,
  0xC4, 0x89, 0x85, 0x81, 0x18, 0x01, 0x4A, 0x09, 0x44, 0x04, 0x01, 0x04, 0xC4, 0x89,
  0x85, 0x81, 0x40, 0x20, 0x48, 0x0D, 0x44, 0x04, 0x01, 0x04, 0xC4, 0x89, 0x85, 0x81,
  0x50, 0x21, 0x48, 0x0D, 0x44, 0x04, 0x01, 0x04, 0xC4, 0x89, 0x85, 0x81, 0x48, 0x20,
  0x4A, 0x0D, 0x44, 0x04, 0x01, 0x04, 0xC4, 0x89, 0x85, 0x81, 0x58, 0x21, 0x4A, 0x0F,
  0x44, 0x04, 0x01, 0x04, 0xE4, 0x89, 0x03, 0x89, 0x21, 0x0B, 0x8A, 0x2C, 0x40, 0x41,
  0x04, 0x04, 0xC0, 0x8C, 0x03, 0x89, 0xA5, 0x00, 0xA8, 0x0A, 0x40, 0x40, 0x04, 0x04,
  0xC0, 0x8C, 0x00, 0xCC, 0x87, 0x10, 0x71, 0xA2, 0xB4, 0x0D, 0x91, 0x9A, 0x1F, 0x04,
  0x00, 0x00, 0x00, 0x84, 0x1C, 0x78, 0xFE, 0x7F, 0x7F, 0x8B, 0x00, 0x00, 0x00, 0x00,
  0x00, 0x00, 0x00, 0x00, 0x00, 0x80, 0x38, 0x36, 0x91, 0x43, 0x90, 0x0C, 0x36, 0x21,
  0x78, 0x82, 0x00, 0x9A, 0x90, 0x8E, 0x11, 0x38, 0x8D, 0x27, 0xB9, 0x23, 0x93, 0x0E,
  0x06, 0x04, 0x40, 0x00, 0x00, 0x85, 0x23, 0x89, 0xA0, 0x02, 0x18, 0x0A, 0x40, 0x48,
  0x00, 0x04, 0x00, 0x88, 0x02, 0x28, 0x01, 0x1C, 0x1B, 0x19, 0x09, 0x80, 0x70, 0xCA,
  0x90, 0x30, 0x11, 0x22, 0xF0, 0x01, 0x90, 0x08, 0x06, 0x04, 0x00, 0x00, 0x00, 0x85,
  0x23, 0xC9, 0xA0, 0x02, 0x18, 0x0A, 0x40, 0x40, 0x00, 0x04, 0x00, 0x88, 0x02, 0x28,
  0x01, 0x1C, 0x19, 0x19, 0x09, 0x80, 0x9C, 0x02, 0x00, 0x00, 0x00, 0x00, 0x20, 0x80,
  0x74, 0x90, 0x02, 0x0B, 0xB5, 0x08, 0x08, 0x10, 0x05, 0x00, 0x00, 0x0B, 0x0B, 0x40,
  0x00, 0x80, 0x70, 0xDB, 0xD0, 0x12, 0x31, 0x27, 0xF0, 0x15, 0x11, 0x88, 0x04, 0x04,
  0x00, 0x08, 0x00, 0x85, 0x9C, 0x02, 0x00, 0x00, 0x00, 0x00, 0x04, 0x80, 0x02, 0x28,
  0x01, 0x14, 0x19, 0x19, 0x09, 0x80, 0xB0, 0x62, 0x90, 0x13, 0x89, 0x60, 0x94, 0x05,
  0x90, 0x08, 0x02, 0x04, 0x80, 0x00, 0x00, 0x85, 0x90, 0x8E, 0x15, 0x18, 0x0D, 0x23,
  0xB9, 0x23, 0x91, 0x0E, 0x06, 0x04, 0x00, 0x04, 0x00, 0x84, 0x50, 0xEF, 0x82, 0x13,
  0x19, 0xE0, 0x94, 0x05, 0x94, 0x0A, 0x06, 0x04, 0x00, 0x00, 0x04, 0x85, 0x10, 0x6F,
  0x80, 0x12, 0x49, 0xE0, 0x94, 0x05, 0x94, 0x0A, 0x06, 0x04, 0x00, 0x00, 0x04, 0x85,
  0x1C, 0x98, 0x00, 0x10, 0x00, 0x84, 0x00, 0x00, 0x00, 0x00, 0x00, 0x00, 0x00, 0x00,
  0x00, 0x80, 0xB0, 0xE2, 0x90, 0x11, 0x09, 0x60, 0xD4, 0x05, 0x90, 0x08, 0x02, 0x04,
  0x80, 0x00, 0x00, 0x85, 0x1C, 0xF8, 0x02, 0x00, 0x00, 0x80, 0x00, 0x00, 0x00, 0x00,
  0x00, 0x00, 0x00, 0x00, 0x00, 0x80, 0x82, 0x4F, 0x24, 0x0C, 0x19, 0x18, 0x09, 0x80,
  0x9C, 0x02, 0x00, 0x00, 0x00, 0x00, 0x20, 0x80, 0x12, 0x1A, 0xAC, 0x7A, 0x11, 0x40,
  0x05, 0x50, 0x00, 0x00, 0x02, 0x00, 0x70, 0x00, 0x00, 0x80, 0x02, 0x28, 0x01, 0x14,
  0x19, 0x18, 0x09, 0x80, 0xD0, 0x5F, 0x94, 0x5A, 0x61, 0x23, 0xB0, 0x1D, 0x11, 0x8A,
  0x04, 0x04, 0x00, 0x00, 0x00, 0x84, 0x50, 0xCE, 0x9B, 0x40, 0x21, 0x21, 0xB1, 0x09,
  0x90, 0x0A, 0x06, 0x05, 0x00, 0x00, 0x00, 0x85, 0x50, 0x4E, 0x93, 0x60, 0x41, 0x03,
  0x91, 0x09, 0x90, 0x0A, 0x06, 0x05, 0x00, 0x00, 0x00, 0x84, 0x1C, 0xC0, 0x02, 0x00,
  0x00, 0x00, 0x00, 0x00, 0x00, 0x00, 0x00, 0x00, 0x00, 0x00, 0x00, 0x80, 0x82, 0x4F,
  0x24, 0x0C, 0x19, 0x18, 0x09, 0x80, 0x9C, 0x02, 0x00, 0x00, 0x00, 0x00, 0x20, 0x80,
  0x12, 0x22, 0x2C, 0x7B, 0x11, 0x40, 0x04, 0x50, 0x00, 0x00, 0x00, 0x00, 0x70, 0x00,
  0x00, 0x80, 0x02, 0x28, 0x01, 0x14, 0x19, 0x18, 0x09, 0x80, 0xD0, 0x5F, 0x94, 0x5A,
  0x61, 0x23, 0xB0, 0x1D, 0x11, 0x8A, 0x04, 0x04, 0x00, 0x00, 0x00, 0x84, 0x50, 0xCE,
  0x9B, 0x40, 0x21, 0x01, 0xB1, 0x09, 0x90, 0x0A, 0x06, 0x05, 0x00, 0x00, 0x00, 0x84,
  0x50, 0x4E, 0x93, 0x60, 0x41, 0x23, 0x91, 0x09, 0x90, 0x0A, 0x06, 0x05, 0x00, 0x00,
  0x00, 0x85, 0x30, 0xCE, 0x98, 0x48, 0x8D, 0x00, 0x98, 0x23, 0x91, 0x0E, 0x0E, 0x05,
  0x00, 0x00, 0x00, 0x84, 0x50, 0xEF, 0x82, 0x13, 0x19, 0xE0, 0x94, 0x05, 0x94, 0x0A,
  0x06, 0x04, 0x00, 0x00, 0x00, 0x85, 0x1C, 0x58, 0x00, 0x00, 0xC0, 0xAF, 0x00, 0x00,
  0x00, 0x00, 0x00, 0x00, 0x00, 0x00, 0x00, 0x80, 0xD0, 0xDF, 0x98, 0x5A, 0x61, 0x23,
  0xB4, 0x1D, 0x11, 0x8A, 0x04, 0x04, 0x00, 0x00, 0x00, 0x85, 0xB8, 0xF7, 0xDB, 0x1A,
  0x05, 0x09, 0xB6, 0x24, 0x40, 0xC4, 0x00, 0x9B, 0xB8, 0xD2, 0xDB, 0x1A, 0x05, 0x49,
  0xB6, 0x24, 0x00, 0xC4, 0x00, 0x1B, 0x00, 0x02, 0x08, 0x80, 0x9C, 0x1A, 0x00, 0x00,
  0x00, 0x00, 0x20, 0x80, 0x85, 0x80, 0x00, 0x10, 0x49, 0x29, 0x44, 0x04, 0x00, 0x04,
  0xC4, 0x89, 0x85, 0x80, 0x10, 0x11, 0x49, 0x29, 0x44, 0x04, 0x00, 0x04, 0xC4, 0x89,
  0x85, 0x80, 0x08, 0x10, 0x4B, 0x29, 0x44, 0x04, 0x00, 0x04, 0xC4, 0x89, 0x85, 0x80,
  0x18, 0x11, 0x4B, 0x29, 0x44, 0x04, 0x00, 0x04, 0xC4, 0x89, 0x85, 0x80, 0x40, 0x30,
  0x49, 0x2D, 0x44, 0x04, 0x00, 0x04, 0xC4, 0x89, 0x85, 0x80, 0x50, 0x31, 0x49, 0x2D,
  0x44, 0x04, 0x00, 0x04, 0xC4, 0x89, 0x85, 0x80, 0x48, 0x30, 0x4B, 0x2D, 0x44, 0x04,
  0x00, 0x04, 0xC4, 0x89, 0x85, 0x80, 0x58, 0x31, 0x4B, 0x2D, 0x44, 0x04, 0x00, 0x04,
  0xC4, 0x89, 0x85, 0x80, 0x04, 0x00, 0x08, 0x48, 0x40, 0x00, 0x80, 0x04, 0xC4, 0x89,
  0x85, 0x80, 0x14, 0x01, 0x08, 0x48, 0x40, 0x00, 0x80, 0x04, 0xC4, 0x89, 0x85, 0x80,
  0x0C, 0x00, 0x0A, 0x48, 0x40, 0x00, 0x80, 0x04, 0xC4, 0x89, 0x85, 0x80, 0x1C, 0x01,
  0x0A, 0x48, 0x40, 0x00, 0x80, 0x04, 0xC4, 0x89, 0x85, 0x80, 0x44, 0x20, 0x08, 0x4C,
  0x40, 0x00, 0x80, 0x04, 0xC4, 0x89, 0x85, 0x80, 0x54, 0x21, 0x08, 0x4C, 0x40, 0x00,
  0x80, 0x04, 0xC4, 0x89, 0x85, 0x80, 0x4C, 0x20, 0x0A, 0x4C, 0x40, 0x00, 0x80, 0x04,
  0xC4, 0x89, 0x85, 0x80, 0x5C, 0x21, 0x0A, 0x4C, 0x40, 0x00, 0x80, 0x04, 0xC4, 0x89,
  0x85, 0x80, 0x04, 0x10, 0x09, 0x68, 0x40, 0x00, 0x80, 0x04, 0xC4, 0x89, 0x85, 0x80,
  0x14, 0x11, 0x09, 0x68, 0x40, 0x00, 0x80, 0x04, 0xC4, 0x89, 0x85, 0x80, 0x0C, 0x10,
  0x0B, 0x68, 0x40, 0x00, 0x80, 0x04, 0xC4, 0x89, 0x85, 0x80, 0x1C, 0x11, 0x0B, 0x68,
  0x40, 0x00, 0x80, 0x04, 0xC4, 0x89, 0x85, 0x80, 0x44, 0x30, 0x09, 0x6C, 0x40, 0x00,
  0x80, 0x04, 0xC4, 0x89, 0x85, 0x80, 0x54, 0x31, 0x09, 0x6C, 0x40, 0x00, 0x80, 0x04,
  0xC4, 0x89, 0x85, 0x80, 0x4C, 0x30, 0x0B, 0x6C, 0x40, 0x00, 0x80, 0x04, 0xC4, 0x89,
  0x85, 0x80, 0x5C, 0x31, 0x0B, 0x6C, 0x40, 0x00, 0x80, 0x04, 0xC4, 0x89, 0x85, 0x81,
  0x00, 0x00, 0x48, 0x08, 0x40, 0x00, 0x81, 0x04, 0xC4, 0x89, 0x85, 0x81, 0x10, 0x01,
  0x48, 0x08, 0x40, 0x00, 0x81, 0x04, 0xC4, 0x89, 0x85, 0x81, 0x08, 0x00, 0x4A, 0x08,
  0x40, 0x00, 0x81, 0x04, 0xC4, 0x89, 0x85, 0x81, 0x18, 0x01, 0x4A, 0x08, 0x40, 0x00,
  0x81, 0x04, 0xC4, 0x89, 0x85, 0x81, 0x40, 0x20, 0x48, 0x0C, 0x40, 0x00, 0x81, 0x04,
  0xC4, 0x89, 0x85, 0x81, 0x50, 0x21, 0x48, 0x0C, 0x40, 0x00, 0x81, 0x04, 0xC4, 0x89,
  0x85, 0x81, 0x48, 0x20, 0x4A, 0x0C, 0x40, 0x00, 0x81, 0x04, 0xC4, 0x89, 0x85, 0x81,
  0x58, 0x21, 0x4A, 0x0E, 0x40, 0x00, 0x81, 0x04, 0xE4, 0x89, 0x03, 0x89, 0x21, 0x0B,
  0x8A, 0x2C, 0x40, 0x41, 0x04, 0x04, 0xC0, 0x8C, 0x03, 0x89, 0xA5, 0x00, 0xA8, 0x0A,
  0x40, 0x40, 0x04, 0x04, 0xC0, 0x8C, 0x70, 0xEF, 0x93, 0x0A, 0x99, 0x60, 0x95, 0x01,
  0x90, 0x0A, 0x06, 0x04, 0x00, 0x00, 0x00, 0x85, 0x9C, 0x02, 0x00, 0x00, 0x00, 0x00,
  0x14, 0x80, 0x1C, 0x9C, 0x05, 0x10, 0x00, 0x80, 0x00, 0x00, 0x00, 0x00, 0x00, 0x00,
  0x00, 0x00, 0x00, 0x80, 0x23, 0xC9, 0x20, 0x0B, 0xA0, 0x08, 0x40, 0x40, 0x00, 0x04,
  0x00, 0x88, 0x9C, 0x02, 0x00, 0x00, 0x00, 0x00, 0x20, 0x80, 0x85, 0x08, 0x10, 0x40,
  0x08, 0x28, 0x40, 0x04, 0x20, 0x04, 0xC0, 0x8A, 0x85, 0x08, 0x10, 0x41, 0x48, 0x28,
  0x40, 0x04, 0x00, 0x04, 0xC0, 0x8A, 0x85, 0x08, 0x10, 0x40, 0x0A, 0x29, 0x40, 0x04,
  0x00, 0x04, 0xC0, 0x8A, 0x85, 0x08, 0x10, 0x41, 0x4A, 0x29, 0x40, 0x04, 0x00, 0x04,
  0xC0, 0x8A, 0x85, 0x08, 0x10, 0x40, 0x08, 0x2C, 0x44, 0x04, 0x00, 0x04, 0xC0, 0x8A,
  0x85, 0x08, 0x10, 0x41, 0x48, 0x2C, 0x44, 0x04, 0x00, 0x04, 0xC0, 0x8A, 0x85, 0x08,
  0x10, 0x40, 0x0A, 0x2D, 0x44, 0x04, 0x00, 0x04, 0xC0, 0x8A, 0x85, 0x08, 0x10, 0x41,
  0x4A, 0x2D, 0x44, 0x04, 0x00, 0x04, 0xC0, 0x8A, 0x85, 0x08, 0x14, 0x40, 0x08, 0x08,
  0x40, 0x00, 0x80, 0x04, 0xC0, 0x8A, 0x85, 0x08, 0x14, 0x41, 0x48, 0x08, 0x40, 0x00,
  0x80, 0x04, 0xC0, 0x8A, 0x85, 0x08, 0x14, 0x40, 0x0A, 0x09, 0x40, 0x00, 0x80, 0x04,
  0xC0, 0x8A, 0x85, 0x08, 0x14, 0x41, 0x4A, 0x09, 0x40, 0x00, 0x80, 0x04, 0xC0, 0x8A,
  0x85, 0x08, 0x14, 0x40, 0x08, 0x0C, 0x44, 0x00, 0x80, 0x04, 0xC0, 0x8A, 0x85, 0x08,
  0x14, 0x41, 0x48, 0x0C, 0x44, 0x00, 0x80, 0x04, 0xC0, 0x8A, 0x85, 0x08, 0x14, 0x40,
  0x0A, 0x0D, 0x44, 0x00, 0x80, 0x04, 0xC0, 0x8A, 0x85, 0x08, 0x14, 0x41, 0x4A, 0x0D,
  0x44, 0x00, 0x80, 0x04, 0xC0, 0x8A, 0x85, 0x08, 0x14, 0x40, 0x08, 0x28, 0x40, 0x04,
  0x80, 0x04, 0xC0, 0x8A, 0x85, 0x08, 0x14, 0x41, 0x48, 0x28, 0x40, 0x04, 0x80, 0x04,
  0xC0, 0x8A, 0x85, 0x08, 0x14, 0x40, 0x0A, 0x29, 0x40, 0x04, 0x80, 0x04, 0xC0, 0x8A,
  0x85, 0x08, 0x14, 0x41, 0x4A, 0x29, 0x40, 0x04, 0x80, 0x04, 0xC0, 0x8A, 0x85, 0x08,
  0x14, 0x40, 0x08, 0x2C, 0x44, 0x04, 0x80, 0x04, 0xC0, 0x8A, 0x85, 0x08, 0x14, 0x41,
  0x48, 0x2C, 0x44, 0x04, 0x80, 0x04, 0xC0, 0x8A, 0x85, 0x08, 0x14, 0x40, 0x0A, 0x2D,
  0x44, 0x04, 0x80, 0x04, 0xC0, 0x8A, 0x85, 0x08, 0x14, 0x41, 0x4A, 0x2D, 0x44, 0x04,
  0x80, 0x04, 0xC0, 0x8A, 0x85, 0x09, 0x10, 0x40, 0x08, 0x08, 0x40, 0x00, 0x00, 0x04,
  0xC4, 0x8A, 0x85, 0x09, 0x10, 0x41, 0x48, 0x08, 0x40, 0x00, 0x00, 0x04, 0xC4, 0x8A,
  0x85, 0x09, 0x10, 0x40, 0x0A, 0x09, 0x40, 0x00, 0x00, 0x04, 0xC4, 0x8A, 0x85, 0x09,
  0x10, 0x41, 0x4A, 0x09, 0x40, 0x00, 0x00, 0x04, 0xC4, 0x8A, 0x85, 0x09, 0x10, 0x40,
  0x08, 0x0C, 0x44, 0x00, 0x00, 0x04, 0xC4, 0x8A, 0x85, 0x09, 0x10, 0x41, 0x48, 0x0C,
  0x44, 0x00, 0x00, 0x04, 0xC4, 0x8A, 0x85, 0x09, 0x10, 0x40, 0x0A, 0x0D, 0x44, 0x00,
  0x00, 0x04, 0xC4, 0x8A, 0x85, 0x09, 0x90, 0x41, 0x4A, 0x0D, 0x44, 0x00, 0x00, 0x04,
  0xE4, 0x8A, 0x38, 0x34, 0xD1, 0x59, 0x09, 0x0C, 0x86, 0x25, 0x5A, 0xE2, 0x00, 0x9B,
  0x30, 0x6F, 0x90, 0x02, 0x89, 0x60, 0x94, 0x01, 0x90, 0x4A, 0x06, 0x04, 0x08, 0x00,
  0x04, 0x85, 0x1C, 0x9C, 0x05, 0x10, 0x80, 0x82, 0x00, 0x00, 0x00, 0x00, 0x00, 0x00,
  0x00, 0x00, 0x00, 0x80, 0x13, 0x88, 0x80, 0x03, 0x22, 0x08, 0x48, 0x41, 0x00, 0x04,
  0x20, 0x88, 0x23, 0x89, 0x81, 0x01, 0x20, 0x0A, 0x40, 0x40, 0x20, 0x04, 0x00, 0x88,
  0x33, 0xC9, 0x81, 0x01, 0x20, 0x08, 0x40, 0x41, 0x00, 0x04, 0x20, 0x88, 0x00, 0x4C,
  0x92, 0x00, 0xA9, 0x27, 0x31, 0x29, 0xD1, 0x4E, 0x06, 0x04, 0x00, 0x00, 0x00, 0x85,
  0x38, 0x72, 0x8C, 0x49, 0x93, 0x9A, 0xB6, 0x25, 0x42, 0x82, 0x20, 0x1A, 0x00, 0x02,
  0x08, 0x80, 0x20, 0x6C, 0x1D, 0x00, 0x11, 0x24, 0x30, 0x0B, 0x91, 0x0E, 0x0E, 0x05,
  0x00, 0x00, 0x00, 0x84, 0x10, 0x4E, 0x92, 0x20, 0x89, 0x37, 0x11, 0x22, 0x81, 0x42,
  0x06, 0x14, 0x01, 0x00, 0x00, 0x85, 0x30, 0x62, 0x55, 0x11, 0x01, 0x34, 0x90, 0x02,
  0x80, 0x06, 0x0E, 0x14, 0x00, 0x00, 0x00, 0x84, 0x50, 0xCE, 0xD9, 0x51, 0x89, 0x24,
  0x90, 0x03, 0x91, 0x0E, 0x06, 0x04, 0x00, 0x00, 0x00, 0x85, 0x10, 0x4E, 0x94, 0x51,
  0x65, 0x34, 0x98, 0x00, 0x00, 0x23, 0x0E, 0x16, 0x20, 0x00, 0x00, 0x82, 0x30, 0x4E,
  0x94, 0x11, 0x05, 0x36, 0x98, 0x00, 0x80, 0x03, 0x0E, 0x14, 0x01, 0x00, 0x00, 0x84,
  0x0E, 0x50, 0x2A, 0x0C, 0x6D, 0x4A, 0x2D, 0x30, 0x80, 0x01, 0x04, 0x01, 0x48, 0x01,
  0x00, 0x80, 0x10, 0xCE, 0x91, 0x11, 0x25, 0x37, 0x98, 0x20, 0x80, 0x03, 0x06, 0x14,
  0x01, 0x00, 0x00, 0x85, 0x01, 0x90, 0x18, 0x00, 0x88, 0x20, 0x40, 0x00, 0xA0, 0x04,
  0x02, 0x88, 0x51, 0xD0, 0x18, 0x00, 0x88, 0x20, 0x40, 0x00, 0x80, 0x04, 0x02, 0x88,
  0x01, 0x80, 0x21, 0x20, 0x88, 0x20, 0x40, 0x00, 0x80, 0x04, 0x02, 0x88, 0x51, 0xC0,
  0x21, 0x20, 0x88, 0x20, 0x40, 0x00, 0x80, 0x04, 0x02, 0x88, 0x01, 0x90, 0x00, 0x23,
  0x88, 0x20, 0x40, 0x00, 0x80, 0x04, 0x02, 0x88, 0x51, 0xD0, 0x00, 0x23, 0x88, 0x20,
  0x40, 0x00, 0x80, 0x04, 0x02, 0x88, 0x01, 0x80, 0x31, 0x23, 0x88, 0x20, 0x40, 0x00,
  0x80, 0x04, 0x02, 0x88, 0x51, 0xC0, 0x31, 0x23, 0x88, 0x20, 0x40, 0x00, 0x80, 0x04,
  0x02, 0x88, 0x01, 0x90, 0x10, 0x28, 0x8A, 0x20, 0x40, 0x00, 0x80, 0x04, 0x02, 0x88,
  0x51, 0xD0, 0x10, 0x28, 0x8A, 0x20, 0x40, 0x00, 0x80, 0x04, 0x02, 0x88, 0x01, 0x80,
  0x29, 0x28, 0x8A, 0x20, 0x40, 0x00, 0x80, 0x04, 0x02, 0x88, 0x51, 0xC0, 0x29, 0x28,
  0x8A, 0x20, 0x40, 0x00, 0x80, 0x04, 0x02, 0x88, 0x01, 0x90, 0x08, 0x2B, 0x8A, 0x20,
  0x40, 0x00, 0x80, 0x04, 0x02, 0x88, 0x51, 0xD0, 0x08, 0x2B, 0x8A, 0x20, 0x40, 0x00,
  0x80, 0x04, 0x02, 0x88, 0x01, 0x80, 0x39, 0x2B, 0x8A, 0x20, 0x40, 0x00, 0x80, 0x04,
  0x02, 0x88, 0x51, 0xC0, 0xB9, 0x2B, 0x8A, 0x20, 0x40, 0x00, 0x80, 0x04, 0x22, 0x88,
  0x0E, 0x50, 0x2A, 0x0C, 0x6D, 0x4A, 0x2C, 0x30, 0x80, 0x01, 0x04, 0x01, 0x48, 0x01,
  0x00, 0x80, 0x10, 0xCE, 0x91, 0x11, 0x25, 0x37, 0x98, 0x20, 0x80, 0x03, 0x06, 0x14,
  0x01, 0x00, 0x00, 0x85, 0x01, 0x90, 0x18, 0x00, 0xA8, 0x24, 0x40, 0x00, 0xA0, 0x04,
  0x02, 0x88, 0x51, 0xD0, 0x18, 0x00, 0xA8, 0x24, 0x40, 0x00, 0x80, 0x04, 0x02, 0x88,
  0x01, 0x80, 0x21, 0x20, 0xA8, 0x24, 0x40, 0x00, 0x80, 0x04, 0x02, 0x88, 0x51, 0xC0,
  0x21, 0x20, 0xA8, 0x24, 0x40, 0x00, 0x80, 0x04, 0x02, 0x88, 0x01, 0x90, 0x00, 0x23,
  0xA8, 0x24, 0x40, 0x00, 0x80, 0x04, 0x02, 0x88, 0x51, 0xD0, 0x00, 0x23, 0xA8, 0x24,
  0x40, 0x00, 0x80, 0x04, 0x02, 0x88, 0x01, 0x80, 0x31, 0x23, 0xA8, 0x24, 0x40, 0x00,
  0x80, 0x04, 0x02, 0x88, 0x51, 0xC0, 0x31, 0x23, 0xA8, 0x24, 0x40, 0x00, 0x80, 0x04,
  0x02, 0x88, 0x01, 0x90, 0x10, 0x28, 0xAA, 0x24, 0x40, 0x00, 0x80, 0x04, 0x02, 0x88,
  0x51, 0xD0, 0x10, 0x28, 0xAA, 0x24, 0x40, 0x00, 0x80, 0x04, 0x02, 0x88, 0x01, 0x80,
  0x29, 0x28, 0xAA, 0x24, 0x40, 0x00, 0x80, 0x04, 0x02, 0x88, 0x51, 0xC0, 0x29, 0x28,
  0xAA, 0x24, 0x40, 0x00, 0x80, 0x04, 0x02, 0x88, 0x01, 0x90, 0x08, 0x2B, 0xAA, 0x24,
  0x40, 0x00, 0x80, 0x04, 0x02, 0x88, 0x51, 0xD0, 0x08, 0x2B, 0xAA, 0x24, 0x40, 0x00,
  0x80, 0x04, 0x02, 0x88, 0x01, 0x80, 0x39, 0x2B, 0xAA, 0x24, 0x40, 0x00, 0x80, 0x04,
  0x02, 0x88, 0x51, 0xC0, 0xB9, 0x2B, 0xAA, 0x24, 0x40, 0x00, 0x80, 0x04, 0x22, 0x88,
  0x0E, 0x50, 0x2A, 0x0C, 0x6D, 0x4A, 0x2C, 0x30, 0x80, 0x01, 0x04, 0x01, 0x48, 0x01,
  0x00, 0x80, 0x10, 0xCE, 0x91, 0x11, 0x25, 0x37, 0x98, 0x20, 0x80, 0x03, 0x06, 0x14,
  0x01, 0x00, 0x00, 0x85, 0x01, 0x90, 0x1C, 0x00, 0x08, 0x00, 0x48, 0x00, 0xA0, 0x04,
  0x02, 0x88, 0x51, 0xD0, 0x1C, 0x00, 0x08, 0x00, 0x48, 0x00, 0x80, 0x04, 0x02, 0x88,
  0x01, 0x80, 0x25, 0x20, 0x08, 0x00, 0x48, 0x00, 0x80, 0x04, 0x02, 0x88, 0x51, 0xC0,
  0x25, 0x20, 0x08, 0x00, 0x48, 0x00, 0x80, 0x04, 0x02, 0x88, 0x01, 0x90, 0x04, 0x23,
  0x08, 0x00, 0x48, 0x00, 0x80, 0x04, 0x02, 0x88, 0x51, 0xD0, 0x04, 0x23, 0x08, 0x00,
  0x48, 0x00, 0x80, 0x04, 0x02, 0x88, 0x01, 0x80, 0x35, 0x23, 0x08, 0x00, 0x48, 0x00,
  0x80, 0x04, 0x02, 0x88, 0x51, 0xC0, 0x35, 0x23, 0x08, 0x00, 0x48, 0x00, 0x80, 0x04,
  0x02, 0x88, 0x01, 0x90, 0x14, 0x28, 0x0A, 0x00, 0x48, 0x00, 0x80, 0x04, 0x02, 0x88,
  0x51, 0xD0, 0x14, 0x28, 0x0A, 0x00, 0x48, 0x00, 0x80, 0x04, 0x02, 0x88, 0x01, 0x80,
  0x2D, 0x28, 0x0A, 0x00, 0x48, 0x00, 0x80, 0x04, 0x02, 0x88, 0x51, 0xC0, 0x2D, 0x28,
  0x0A, 0x00, 0x48, 0x00, 0x80, 0x04, 0x02, 0x88, 0x01, 0x90, 0x0C, 0x2B, 0x0A, 0x00,
  0x48, 0x00, 0x80, 0x04, 0x02, 0x88, 0x51, 0xD0, 0x0C, 0x2B, 0x0A, 0x00, 0x48, 0x00,
  0x80, 0x04, 0x02, 0x88, 0x01, 0x80, 0x3D, 0x2B, 0x0A, 0x00, 0x48, 0x00, 0x80, 0x04,
  0x02, 0x88, 0x51, 0xC0, 0xBD, 0x2B, 0x0A, 0x00, 0x48, 0x00, 0x80, 0x04, 0x22, 0x88,
  0x0E, 0x50, 0x2A, 0x0C, 0x6D, 0x4A, 0x2C, 0x30, 0x80, 0x01, 0x04, 0x01, 0x48, 0x01,
  0x00, 0x80, 0x10, 0xCE, 0x91, 0x11, 0x25, 0x37, 0x98, 0x20, 0x80, 0x03, 0x06, 0x14,
  0x01, 0x00, 0x00, 0x85, 0x01, 0x90, 0x1C, 0x00, 0x28, 0x04, 0x48, 0x00, 0xA0, 0x04,
  0x02, 0x88, 0x51, 0xD0, 0x1C, 0x00, 0x28, 0x04, 0x48, 0x00, 0x80, 0x04, 0x02, 0x88,
  0x01, 0x80, 0x25, 0x20, 0x28, 0x04, 0x48, 0x00, 0x80, 0x04, 0x02, 0x88, 0x51, 0xC0,
  0x25, 0x20, 0x28, 0x04, 0x48, 0x00, 0x80, 0x04, 0x02, 0x88, 0x01, 0x90, 0x04, 0x23,
  0x28, 0x04, 0x48, 0x00, 0x80, 0x04, 0x02, 0x88, 0x51, 0xD0, 0x04, 0x23, 0x28, 0x04,
  0x48, 0x00, 0x80, 0x04, 0x02, 0x88, 0x01, 0x80, 0x35, 0x23, 0x28, 0x04, 0x48, 0x00,
  0x80, 0x04, 0x02, 0x88, 0x51, 0xC0, 0x35, 0x23, 0x28, 0x04, 0x48, 0x00, 0x80, 0x04,
  0x02, 0x88, 0x01, 0x90, 0x14, 0x28, 0x2A, 0x04, 0x48, 0x00, 0x80, 0x04, 0x02, 0x88,
  0x51, 0xD0, 0x14, 0x28, 0x2A, 0x04, 0x48, 0x00, 0x80, 0x04, 0x02, 0x88, 0x01, 0x80,
  0x2D, 0x28, 0x2A, 0x04, 0x48, 0x00, 0x80, 0x04, 0x02, 0x88, 0x51, 0xC0, 0x2D, 0x28,
  0x2A, 0x04, 0x48, 0x00, 0x80, 0x04, 0x02, 0x88, 0x01, 0x90, 0x0C, 0x2B, 0x2A, 0x04,
  0x48, 0x00, 0x80, 0x04, 0x02, 0x88, 0x51, 0xD0, 0x0C, 0x2B, 0x2A, 0x04, 0x48, 0x00,
  0x80, 0x04, 0x02, 0x88, 0x01, 0x80, 0x3D, 0x2B, 0x2A, 0x04, 0x48, 0x00, 0x80, 0x04,
  0x02, 0x88, 0x51, 0xC0, 0xBD, 0x2B, 0x2A, 0x04, 0x48, 0x00, 0x80, 0x04, 0x22, 0x88,
  0x0E, 0x50, 0x2A, 0x0C, 0x6D, 0x4A, 0x2C, 0x30, 0x80, 0x01, 0x04, 0x01, 0x48, 0x01,
  0x00, 0x80, 0x10, 0xCE, 0x91, 0x11, 0x25, 0x37, 0x98, 0x20, 0x80, 0x03, 0x06, 0x14,
  0x01, 0x00, 0x00, 0x85, 0x01, 0x90, 0x1C, 0x00, 0x88, 0x20, 0x48, 0x00, 0xA0, 0x04,
  0x02, 0x88, 0x51, 0xD0, 0x1C, 0x00, 0x88, 0x20, 0x48, 0x00, 0x80, 0x04, 0x02, 0x88,
  0x01, 0x80, 0x25, 0x20, 0x88, 0x20, 0x48, 0x00, 0x80, 0x04, 0x02, 0x88, 0x51, 0xC0,
  0x25, 0x20, 0x88, 0x20, 0x48, 0x00, 0x80, 0x04, 0x02, 0x88, 0x01, 0x90, 0x04, 0x23,
  0x88, 0x20, 0x48, 0x00, 0x80, 0x04, 0x02, 0x88, 0x51, 0xD0, 0x04, 0x23, 0x88, 0x20,
  0x48, 0x00, 0x80, 0x04, 0x02, 0x88, 0x01, 0x80, 0x35, 0x23, 0x88, 0x20, 0x48, 0x00,
  0x80, 0x04, 0x02, 0x88, 0x51, 0xC0, 0x35, 0x23, 0x88, 0x20, 0x48, 0x00, 0x80, 0x04,
  0x02, 0x88, 0x01, 0x90, 0x14, 0x28, 0x8A, 0x20, 0x48, 0x00, 0x80, 0x04, 0x02, 0x88,
  0x51, 0xD0, 0x14, 0x28, 0x8A, 0x20, 0x48, 0x00, 0x80, 0x04, 0x02, 0x88, 0x01, 0x80,
  0x2D, 0x28, 0x8A, 0x20, 0x48, 0x00, 0x80, 0x04, 0x02, 0x88, 0x51, 0xC0, 0x2D, 0x28,
  0x8A, 0x20, 0x48, 0x00, 0x80, 0x04, 0x02, 0x88, 0x01, 0x90, 0x0C, 0x2B, 0x8A, 0x20,
  0x48, 0x00, 0x80, 0x04, 0x02, 0x88, 0x51, 0xD0, 0x0C, 0x2B, 0x8A, 0x20, 0x48, 0x00,
  0x80, 0x04, 0x02, 0x88, 0x01, 0x80, 0x3D, 0x2B, 0x8A, 0x20, 0x48, 0x00, 0x80, 0x04,
  0x02, 0x88, 0x51, 0xC0, 0xBD, 0x2B, 0x8A, 0x20, 0x48, 0x00, 0x80, 0x04, 0x22, 0x88,
  0x0E, 0x50, 0x2A, 0x0C, 0x6D, 0x4A, 0x2C, 0x30, 0x80, 0x01, 0x04, 0x01, 0x48, 0x01,
  0x00, 0x80, 0x10, 0xCE, 0x91, 0x11, 0x25, 0x37, 0x98, 0x20, 0x80, 0x03, 0x06, 0x14,
  0x01, 0x00, 0x00, 0x85, 0x01, 0x90, 0x1C, 0x00, 0xA8, 0x24, 0x48, 0x00, 0xA0, 0x04,
  0x02, 0x88, 0x51, 0xD0, 0x1C, 0x00, 0xA8, 0x24, 0x48, 0x00, 0x80, 0x04, 0x02, 0x88,
  0x01, 0x80, 0x25, 0x20, 0xA8, 0x24, 0x48, 0x00, 0x80, 0x04, 0x02, 0x88, 0x51, 0xC0,
  0x25, 0x20, 0xA8, 0x24, 0x48, 0x00, 0x80, 0x04, 0x02, 0x88, 0x01, 0x90, 0x04, 0x23,
  0xA8, 0x24, 0x48, 0x00, 0x80, 0x04, 0x02, 0x88, 0x51, 0xD0, 0x04, 0x23, 0xA8, 0x24,
  0x48, 0x00, 0x80, 0x04, 0x02, 0x88, 0x01, 0x80, 0x35, 0x23, 0xA8, 0x24, 0x48, 0x00,
  0x80, 0x04, 0x02, 0x88, 0x51, 0xC0, 0x35, 0x23, 0xA8, 0x24, 0x48, 0x00, 0x80, 0x04,
  0x02, 0x88, 0x01, 0x90, 0x14, 0x28, 0xAA, 0x24, 0x48, 0x00, 0x80, 0x04, 0x02, 0x88,
  0x51, 0xD0, 0x14, 0x28, 0xAA, 0x24, 0x48, 0x00, 0x80, 0x04, 0x02, 0x88, 0x01, 0x80,
  0x2D, 0x28, 0xAA, 0x24, 0x48, 0x00, 0x80, 0x04, 0x02, 0x88, 0x51, 0xC0, 0x2D, 0x28,
  0xAA, 0x24, 0x48, 0x00, 0x80, 0x04, 0x02, 0x88, 0x01, 0x90, 0x0C, 0x2B, 0xAA, 0x24,
  0x48, 0x00, 0x80, 0x04, 0x02, 0x88, 0x51, 0xD0, 0x0C, 0x2B, 0xAA, 0x24, 0x48, 0x00,
  0x80, 0x04, 0x02, 0x88, 0x01, 0x80, 0x3D, 0x2B, 0xAA, 0x24, 0x48, 0x00, 0x80, 0x04,
  0x02, 0x88, 0x51, 0xC0, 0xBD, 0x2B, 0xAA, 0x24, 0x48, 0x00, 0x80, 0x04, 0x22, 0x88,
  0x0E, 0x50, 0x2A, 0x0C, 0x6D, 0x4A, 0x2C, 0x30, 0x80, 0x01, 0x04, 0x01, 0x48, 0x01,
  0x00, 0x80, 0x10, 0xCE, 0x91, 0x11, 0x25, 0x37, 0x98, 0x20, 0x80, 0x03, 0x06, 0x14,
  0x01, 0x00, 0x00, 0x85, 0x01, 0x91, 0x18, 0x00, 0x08, 0x00, 0x40, 0x00, 0xA4, 0x04,
  0x02, 0x88, 0x51, 0xD1, 0x18, 0x00, 0x08, 0x00, 0x40, 0x00, 0x84, 0x04, 0x02, 0x88,
  0x01, 0x81, 0x21, 0x20, 0x08, 0x00, 0x40, 0x00, 0x84, 0x04, 0x02, 0x88, 0x51, 0xC1,
  0x21, 0x20, 0x08, 0x00, 0x40, 0x00, 0x84, 0x04, 0x02, 0x88, 0x01, 0x91, 0x00, 0x23,
  0x08, 0x00, 0x40, 0x00, 0x84, 0x04, 0x02, 0x88, 0x51, 0xD1, 0x00, 0x23, 0x08, 0x00,
  0x40, 0x00, 0x84, 0x04, 0x02, 0x88, 0x01, 0x81, 0x31, 0x23, 0x08, 0x00, 0x40, 0x00,
  0x84, 0x04, 0x02, 0x88, 0x51, 0xC1, 0x31, 0x23, 0x08, 0x00, 0x40, 0x00, 0x84, 0x04,
  0x02, 0x88, 0x01, 0x91, 0x10, 0x28, 0x0A, 0x00, 0x40, 0x00, 0x84, 0x04, 0x02, 0x88,
  0x51, 0xD1, 0x10, 0x28, 0x0A, 0x00, 0x40, 0x00, 0x84, 0x04, 0x02, 0x88, 0x01, 0x81,
  0x29, 0x28, 0x0A, 0x00, 0x40, 0x00, 0x84, 0x04, 0x02, 0x88, 0x51, 0xC1, 0x29, 0x28,
  0x0A, 0x00, 0x40, 0x00, 0x84, 0x04, 0x02, 0x88, 0x01, 0x91, 0x08, 0x2B, 0x0A, 0x00,
  0x40, 0x00, 0x84, 0x04, 0x02, 0x88, 0x51, 0xD1, 0x08, 0x2B, 0x0A, 0x00, 0x40, 0x00,
  0x84, 0x04, 0x02, 0x88, 0x01, 0x81, 0x39, 0x2B, 0x0A, 0x00, 0x40, 0x00, 0x84, 0x04,
  0x02, 0x88, 0x51, 0xC1, 0xB9, 0x2B, 0x0A, 0x00, 0x40, 0x00, 0x84, 0x04, 0x22, 0x88,
  0x0E, 0x50, 0x2A, 0x0C, 0x6D, 0x4A, 0x2C, 0x30, 0x80, 0x01, 0x04, 0x01, 0x48, 0x01,
  0x00, 0x80, 0x01, 0x91, 0x18, 0x00, 0x28, 0x04, 0x40, 0x00, 0xA4, 0x04, 0x02, 0x88,
  0x51, 0xD1, 0x18, 0x00, 0x28, 0x04, 0x40, 0x00, 0x84, 0x04, 0x02, 0x88, 0x01, 0x81,
  0x21, 0x20, 0x28, 0x04, 0x40, 0x00, 0x84, 0x04, 0x02, 0x88, 0x51, 0xC1, 0x21, 0x20,
  0x28, 0x04, 0x40, 0x00, 0x84, 0x04, 0x02, 0x88, 0x01, 0x91, 0x00, 0x23, 0x28, 0x04,
  0x40, 0x00, 0x84, 0x04, 0x02, 0x88, 0x51, 0xD1, 0x00, 0x23, 0x28, 0x04, 0x40, 0x00,
  0x84, 0x04, 0x02, 0x88, 0x01, 0x81, 0x31, 0x23, 0x28, 0x04, 0x40, 0x00, 0x84, 0x04,
  0x02, 0x88, 0x51, 0xC1, 0x31, 0x23, 0x28, 0x04, 0x40, 0x00, 0x84, 0x04, 0x02, 0x88,
  0x01, 0x91, 0x10, 0x28, 0x2A, 0x04, 0x40, 0x00, 0x84, 0x04, 0x02, 0x88, 0x51, 0xD1,
  0x10, 0x28, 0x2A, 0x04, 0x40, 0x00, 0x84, 0x04, 0x02, 0x88, 0x01, 0x81, 0x29, 0x28,
  0x2A, 0x04, 0x40, 0x00, 0x84, 0x04, 0x02, 0x88, 0x51, 0xC1, 0x29, 0x28, 0x2A, 0x04,
  0x40, 0x00, 0x84, 0x04, 0x02, 0x88, 0x01, 0x91, 0x08, 0x2B, 0x2A, 0x04, 0x40, 0x00,
  0x84, 0x04, 0x02, 0x88, 0x51, 0xD1, 0x08, 0x2B, 0x2A, 0x04, 0x40, 0x00, 0x84, 0x04,
  0x02, 0x88, 0x01, 0x81, 0x39, 0x2B, 0x2A, 0x04, 0x40, 0x00, 0x84, 0x04, 0x02, 0x88,
  0x51, 0xC1, 0xB9, 0x2B, 0x2A, 0x04, 0x40, 0x00, 0x84, 0x04, 0x22, 0x88, 0x38, 0x34,
  0xD1, 0x79, 0x05, 0x9C, 0x86, 0x25, 0x58, 0xE2, 0x00, 0x9B, 0x70, 0x6F, 0x90, 0x02,
  0x89, 0x60, 0x94, 0x01, 0x90, 0x4A, 0x06, 0x04, 0x08, 0x00, 0x04, 0x85, 0x1C, 0x58,
  0x02, 0x00, 0x80, 0x82, 0x00, 0x00, 0x00, 0x00, 0x00, 0x00, 0x00, 0x00, 0x00, 0x80,
  0x00, 0x4C, 0x90, 0x10, 0xB1, 0x23, 0xB0, 0x09, 0x90, 0x0A, 0x06, 0x04, 0x00, 0x00,
  0x00, 0x85, 0xE0, 0x6C, 0x16, 0x18, 0x11, 0x22, 0x30, 0x2B, 0x91, 0x0E, 0x0E, 0x04,
  0x00, 0x00, 0x00, 0x84, 0x0E, 0x40, 0x68, 0x6C, 0x69, 0x42, 0x2C, 0x20, 0x80, 0x01,
  0x04, 0x01, 0x48, 0x30, 0x00, 0x80, 0x9C, 0x02, 0x00, 0x00, 0x00, 0x00, 0x20, 0x80,
  0x41, 0x90, 0x58, 0x00, 0x88, 0x20, 0x40, 0x00, 0xA0, 0x04, 0x02, 0x88, 0x11, 0xC0,
  0x40, 0x20, 0x88, 0x20, 0x40, 0x00, 0x80, 0x04, 0x02, 0x88, 0x41, 0x80, 0x61, 0x20,
  0x88, 0x20, 0x40, 0x00, 0x80, 0x04, 0x02, 0x88, 0x11, 0xD0, 0x61, 0x20, 0x88, 0x20,
  0x40, 0x00, 0x80, 0x04, 0x02, 0x88, 0x41, 0x90, 0x40, 0x23, 0x88, 0x20, 0x40, 0x00,
  0x80, 0x04, 0x02, 0x88, 0x11, 0xC0, 0x50, 0x23, 0x88, 0x20, 0x40, 0x00, 0x80, 0x04,
  0x02, 0x88, 0x41, 0x80, 0x71, 0x23, 0x88, 0x20, 0x40, 0x00, 0x80, 0x04, 0x02, 0x88,
  0x11, 0xD0, 0x71, 0x23, 0x88, 0x20, 0x40, 0x00, 0x80, 0x04, 0x02, 0x88, 0x41, 0x90,
  0x50, 0x28, 0x8A, 0x20, 0x40, 0x00, 0x80, 0x04, 0x02, 0x88, 0x11, 0xC0, 0x48, 0x28,
  0x8A, 0x20, 0x40, 0x00, 0x80, 0x04, 0x02, 0x88, 0x41, 0x80, 0x69, 0x28, 0x8A, 0x20,
  0x40, 0x00, 0x80, 0x04, 0x02, 0x88, 0x11, 0xD0, 0x69, 0x28, 0x8A, 0x20, 0x40, 0x00,
  0x80, 0x04, 0x02, 0x88, 0x41, 0x90, 0x48, 0x2B, 0x8A, 0x20, 0x40, 0x00, 0x80, 0x04,
  0x02, 0x88, 0x11, 0xC0, 0x58, 0x2B, 0x8A, 0x20, 0x40, 0x00, 0x80, 0x04, 0x02, 0x88,
  0x41, 0x80, 0x79, 0x2B, 0x8A, 0x20, 0x40, 0x00, 0x80, 0x04, 0x02, 0x88, 0x11, 0xD0,
  0x79, 0x2B, 0x8A, 0x20, 0x40, 0x00, 0x80, 0x04, 0x02, 0x88, 0x41, 0x90, 0x58, 0x00,
  0xA8, 0x24, 0x40, 0x00, 0x80, 0x04, 0x02, 0x88, 0x11, 0xC0, 0x40, 0x20, 0xA8, 0x24,
  0x40, 0x00, 0x80, 0x04, 0x02, 0x88, 0x41, 0x80, 0x61, 0x20, 0xA8, 0x24, 0x40, 0x00,
  0x80, 0x04, 0x02, 0x88, 0x11, 0xD0, 0x61, 0x20, 0xA8, 0x24, 0x40, 0x00, 0x80, 0x04,
  0x02, 0x88, 0x41, 0x90, 0x40, 0x23, 0xA8, 0x24, 0x40, 0x00, 0x80, 0x04, 0x02, 0x88,
  0x11, 0xC0, 0x50, 0x23, 0xA8, 0x24, 0x40, 0x00, 0x80, 0x04, 0x02, 0x88, 0x41, 0x80,
  0x71, 0x23, 0xA8, 0x24, 0x40, 0x00, 0x80, 0x04, 0x02, 0x88, 0x11, 0xD0, 0x71, 0x23,
  0xA8, 0x24, 0x40, 0x00, 0x80, 0x04, 0x02, 0x88, 0x41, 0x90, 0x50, 0x28, 0xAA, 0x24,
  0x40, 0x00, 0x80, 0x04, 0x02, 0x88, 0x11, 0xC0, 0x48, 0x28, 0xAA, 0x24, 0x40, 0x00,
  0x80, 0x04, 0x02, 0x88, 0x41, 0x80, 0x69, 0x28, 0xAA, 0x24, 0x40, 0x00, 0x80, 0x04,
  0x02, 0x88, 0x11, 0xD0, 0x69, 0x28, 0xAA, 0x24, 0x40, 0x00, 0x80, 0x04, 0x02, 0x88,
  0x41, 0x90, 0x48, 0x2B, 0xAA, 0x24, 0x40, 0x00, 0x80, 0x04, 0x02, 0x88, 0x11, 0xC0,
  0x58, 0x2B, 0xAA, 0x24, 0x40, 0x00, 0x80, 0x04, 0x02, 0x88, 0x41, 0x80, 0x79, 0x2B,
  0xAA, 0x24, 0x40, 0x00, 0x80, 0x04, 0x02, 0x88, 0x11, 0xD0, 0x79, 0x2B, 0xAA, 0x24,
  0x40, 0x00, 0x80, 0x04, 0x02, 0x88, 0x41, 0x90, 0x5C, 0x00, 0x08, 0x00, 0x48, 0x00,
  0x80, 0x04, 0x02, 0x88, 0x11, 0xC0, 0x44, 0x20, 0x08, 0x00, 0x48, 0x00, 0x80, 0x04,
  0x02, 0x88, 0x41, 0x80, 0x65, 0x20, 0x08, 0x00, 0x48, 0x00, 0x80, 0x04, 0x02, 0x88,
  0x11, 0xD0, 0x65, 0x20, 0x08, 0x00, 0x48, 0x00, 0x80, 0x04, 0x02, 0x88, 0x41, 0x90,
  0x44, 0x23, 0x08, 0x00, 0x48, 0x00, 0x80, 0x04, 0x02, 0x88, 0x11, 0xC0, 0x54, 0x23,
  0x08, 0x00, 0x48, 0x00, 0x80, 0x04, 0x02, 0x88, 0x41, 0x80, 0x75, 0x23, 0x08, 0x00,
  0x48, 0x00, 0x80, 0x04, 0x02, 0x88, 0x11, 0xD0, 0x75, 0x23, 0x08, 0x00, 0x48, 0x00,
  0x80, 0x04, 0x02, 0x88, 0x41, 0x90, 0x54, 0x28, 0x0A, 0x00, 0x48, 0x00, 0x80, 0x04,
  0x02, 0x88, 0x11, 0xC0, 0x4C, 0x28, 0x0A, 0x00, 0x48, 0x00, 0x80, 0x04, 0x02, 0x88,
  0x41, 0x80, 0x6D, 0x28, 0x0A, 0x00, 0x48, 0x00, 0x80, 0x04, 0x02, 0x88, 0x11, 0xD0,
  0x6D, 0x28, 0x0A, 0x00, 0x48, 0x00, 0x80, 0x04, 0x02, 0x88, 0x41, 0x90, 0x4C, 0x2B,
  0x0A, 0x00, 0x48, 0x00, 0x80, 0x04, 0x02, 0x88, 0x11, 0xC0, 0x5C, 0x2B, 0x0A, 0x00,
  0x48, 0x00, 0x80, 0x04, 0x02, 0x88, 0x41, 0x80, 0x7D, 0x2B, 0x0A, 0x00, 0x48, 0x00,
  0x80, 0x04, 0x02, 0x88, 0x11, 0xD0, 0x7D, 0x2B, 0x0A, 0x00, 0x48, 0x00, 0x80, 0x04,
  0x02, 0x88, 0x41, 0x90, 0x5C, 0x00, 0x28, 0x04, 0x48, 0x00, 0x80, 0x04, 0x02, 0x88,
  0x11, 0xC0, 0x44, 0x20, 0x28, 0x04, 0x48, 0x00, 0x80, 0x04, 0x02, 0x88, 0x41, 0x80,
  0x65, 0x20, 0x28, 0x04, 0x48, 0x00, 0x80, 0x04, 0x02, 0x88, 0x11, 0xD0, 0x65, 0x20,
  0x28, 0x04, 0x48, 0x00, 0x80, 0x04, 0x02, 0x88, 0x41, 0x90, 0x44, 0x23, 0x28, 0x04,
  0x48, 0x00, 0x80, 0x04, 0x02, 0x88, 0x11, 0xC0, 0x54, 0x23, 0x28, 0x04, 0x48, 0x00,
  0x80, 0x04, 0x02, 0x88, 0x41, 0x80, 0x75, 0x23, 0x28, 0x04, 0x48, 0x00, 0x80, 0x04,
  0x02, 0x88, 0x11, 0xD0, 0x75, 0x23, 0x28, 0x04, 0x48, 0x00, 0x80, 0x04, 0x02, 0x88,
  0x41, 0x90, 0x54, 0x28, 0x2A, 0x04, 0x48, 0x00, 0x80, 0x04, 0x02, 0x88, 0x11, 0xC0,
  0x4C, 0x28, 0x2A, 0x04, 0x48, 0x00, 0x80, 0x04, 0x02, 0x88, 0x41, 0x80, 0x6D, 0x28,
  0x2A, 0x04, 0x48, 0x00, 0x80, 0x04, 0x02, 0x88, 0x11, 0xD0, 0x6D, 0x28, 0x2A, 0x04,
  0x48, 0x00, 0x80, 0x04, 0x02, 0x88, 0x41, 0x90, 0x4C, 0x2B, 0x2A, 0x04, 0x48, 0x00,
  0x80, 0x04, 0x02, 0x88, 0x11, 0xC0, 0x5C, 0x2B, 0x2A, 0x04, 0x48, 0x00, 0x80, 0x04,
  0x02, 0x88, 0x41, 0x80, 0x7D, 0x2B, 0x2A, 0x04, 0x48, 0x00, 0x80, 0x04, 0x02, 0x88,
  0x11, 0xD0, 0x7D, 0x2B, 0x2A, 0x04, 0x48, 0x00, 0x80, 0x04, 0x02, 0x88, 0x41, 0x90,
  0x5C, 0x00, 0x88, 0x20, 0x48, 0x00, 0x80, 0x04, 0x02, 0x88, 0x11, 0xC0, 0x44, 0x20,
  0x88, 0x20, 0x48, 0x00, 0x80, 0x04, 0x02, 0x88, 0x41, 0x80, 0x65, 0x20, 0x88, 0x20,
  0x48, 0x00, 0x80, 0x04, 0x02, 0x88, 0x11, 0xD0, 0x65, 0x20, 0x88, 0x20, 0x48, 0x00,
  0x80, 0x04, 0x02, 0x88, 0x41, 0x90, 0x44, 0x23, 0x88, 0x20, 0x48, 0x00, 0x80, 0x04,
  0x02, 0x88, 0x11, 0xC0, 0x54, 0x23, 0x88, 0x20, 0x48, 0x00, 0x80, 0x04, 0x02, 0x88,
  0x41, 0x80, 0x75, 0x23, 0x88, 0x20, 0x48, 0x00, 0x80, 0x04, 0x02, 0x88, 0x11, 0xD0,
  0x75, 0x23, 0x88, 0x20, 0x48, 0x00, 0x80, 0x04, 0x02, 0x88, 0x41, 0x90, 0x54, 0x28,
  0x8A, 0x20, 0x48, 0x00, 0x80, 0x04, 0x02, 0x88, 0x11, 0xC0, 0x4C, 0x28, 0x8A, 0x20,
  0x48, 0x00, 0x80, 0x04, 0x02, 0x88, 0x41, 0x80, 0x6D, 0x28, 0x8A, 0x20, 0x48, 0x00,
  0x80, 0x04, 0x02, 0x88, 0x11, 0xD0, 0x6D, 0x28, 0x8A, 0x20, 0x48, 0x00, 0x80, 0x04,
  0x02, 0x88, 0x41, 0x90, 0x4C, 0x2B, 0x8A, 0x20, 0x48, 0x00, 0x80, 0x04, 0x02, 0x88,
  0x11, 0xC0, 0x5C, 0x2B, 0x8A, 0x20, 0x48, 0x00, 0x80, 0x04, 0x02, 0x88, 0x41, 0x80,
  0x7D, 0x2B, 0x8A, 0x20, 0x48, 0x00, 0x80, 0x04, 0x02, 0x88, 0x11, 0xD0, 0x7D, 0x2B,
  0x8A, 0x20, 0x48, 0x00, 0x80, 0x04, 0x02, 0x88, 0x41, 0x90, 0x5C, 0x00, 0xA8, 0x24,
  0x48, 0x00, 0x80, 0x04, 0x02, 0x88, 0x11, 0xC0, 0x44, 0x20, 0xA8, 0x24, 0x48, 0x00,
  0x80, 0x04, 0x02, 0x88, 0x41, 0x80, 0x65, 0x20, 0xA8, 0x24, 0x48, 0x00, 0x80, 0x04,
  0x02, 0x88, 0x11, 0xD0, 0x65, 0x20, 0xA8, 0x24, 0x48, 0x00, 0x80, 0x04, 0x02, 0x88,
  0x41, 0x90, 0x44, 0x23, 0xA8, 0x24, 0x48, 0x00, 0x80, 0x04, 0x02, 0x88, 0x11, 0xC0,
  0x54, 0x23, 0xA8, 0x24, 0x48, 0x00, 0x80, 0x04, 0x02, 0x88, 0x41, 0x80, 0x75, 0x23,
  0xA8, 0x24, 0x48, 0x00, 0x80, 0x04, 0x02, 0x88, 0x11, 0xD0, 0x75, 0x23, 0xA8, 0x24,
  0x48, 0x00, 0x80, 0x04, 0x02, 0x88, 0x41, 0x90, 0x54, 0x28, 0xAA, 0x24, 0x48, 0x00,
  0x80, 0x04, 0x02, 0x88, 0x11, 0xC0, 0x4C, 0x28, 0xAA, 0x24, 0x48, 0x00, 0x80, 0x04,
  0x02, 0x88, 0x41, 0x80, 0x6D, 0x28, 0xAA, 0x24, 0x48, 0x00, 0x80, 0x04, 0x02, 0x88,
  0x11, 0xD0, 0x6D, 0x28, 0xAA, 0x24, 0x48, 0x00, 0x80, 0x04, 0x02, 0x88, 0x41, 0x90,
  0x4C, 0x2B, 0xAA, 0x24, 0x48, 0x00, 0x80, 0x04, 0x02, 0x88, 0x11, 0xC0, 0x5C, 0x2B,
  0xAA, 0x24, 0x48, 0x00, 0x80, 0x04, 0x02, 0x88, 0x41, 0x80, 0x7D, 0x2B, 0xAA, 0x24,
  0x48, 0x00, 0x80, 0x04, 0x02, 0x88, 0x11, 0xD0, 0x7D, 0x2B, 0xAA, 0x24, 0x48, 0x00,
  0x80, 0x04, 0x02, 0x88, 0x41, 0x91, 0x58, 0x00, 0x08, 0x00, 0x40, 0x00, 0x84, 0x04,
  0x02, 0x88, 0x11, 0xC1, 0x40, 0x20, 0x08, 0x00, 0x40, 0x00, 0x84, 0x04, 0x02, 0x88,
  0x41, 0x81, 0x61, 0x20, 0x08, 0x00, 0x40, 0x00, 0x84, 0x04, 0x02, 0x88, 0x11, 0xD1,
  0x61, 0x20, 0x08, 0x00, 0x40, 0x00, 0x84, 0x04, 0x02, 0x88, 0x41, 0x91, 0x40, 0x23,
  0x08, 0x00, 0x40, 0x00, 0x84, 0x04, 0x02, 0x88, 0x11, 0xC1, 0x50, 0x23, 0x08, 0x00,
  0x40, 0x00, 0x84, 0x04, 0x02, 0x88, 0x41, 0x81, 0x71, 0x23, 0x08, 0x00, 0x40, 0x00,
  0x84, 0x04, 0x02, 0x88, 0x11, 0xD1, 0x71, 0x23, 0x08, 0x00, 0x40, 0x00, 0x84, 0x04,
  0x02, 0x88, 0x41, 0x91, 0x50, 0x28, 0x0A, 0x00, 0x40, 0x00, 0x84, 0x04, 0x02, 0x88,
  0x11, 0xC1, 0x48, 0x28, 0x0A, 0x00, 0x40, 0x00, 0x84, 0x04, 0x02, 0x88, 0x41, 0x81,
  0x69, 0x28, 0x0A, 0x00, 0x40, 0x00, 0x84, 0x04, 0x02, 0x88, 0x11, 0xD1, 0x69, 0x28,
  0x0A, 0x00, 0x40, 0x00, 0x84, 0x04, 0x02, 0x88, 0x41, 0x91, 0x48, 0x2B, 0x0A, 0x00,
  0x40, 0x00, 0x84, 0x04, 0x02, 0x88, 0x11, 0xC1, 0x58, 0x2B, 0x0A, 0x00, 0x40, 0x00,
  0x84, 0x04, 0x02, 0x88, 0x41, 0x81, 0x79, 0x2B, 0x0A, 0x00, 0x40, 0x00, 0x84, 0x04,
  0x02, 0x88, 0x11, 0xD1, 0x79, 0x2B, 0x0A, 0x00, 0x40, 0x00, 0x84, 0x04, 0x02, 0x88,
  0x41, 0x91, 0x58, 0x00, 0x28, 0x04, 0x40, 0x00, 0x84, 0x04, 0x02, 0x88, 0x11, 0xC1,
  0x40, 0x20, 0x28, 0x04, 0x40, 0x00, 0x84, 0x04, 0x02, 0x88, 0x41, 0x81, 0x61, 0x20,
  0x28, 0x04, 0x40, 0x00, 0x84, 0x04, 0x02, 0x88, 0x11, 0xD1, 0x61, 0x20, 0x28, 0x04,
  0x40, 0x00, 0x84, 0x04, 0x02, 0x88, 0x41, 0x91, 0x40, 0x23, 0x28, 0x04, 0x40, 0x00,
  0x84, 0x04, 0x02, 0x88, 0x11, 0xC1, 0x50, 0x23, 0x28, 0x04, 0x40, 0x00, 0x84, 0x04,
  0x02, 0x88, 0x41, 0x81, 0x71, 0x23, 0x28, 0x04, 0x40, 0x00, 0x84, 0x04, 0x02, 0x88,
  0x11, 0xD1, 0x71, 0x23, 0x28, 0x04, 0x40, 0x00, 0x84, 0x04, 0x02, 0x88, 0x41, 0x91,
  0x50, 0x28, 0x2A, 0x04, 0x40, 0x00, 0x84, 0x04, 0x02, 0x88, 0x11, 0xC1, 0x48, 0x28,
  0x2A, 0x04, 0x40, 0x00, 0x84, 0x04, 0x02, 0x88, 0x41, 0x81, 0x69, 0x28, 0x2A, 0x04,
  0x40, 0x00, 0x84, 0x04, 0x02, 0x88, 0x11, 0xD1, 0x69, 0x28, 0x2A, 0x04, 0x40, 0x00,
  0x84, 0x04, 0x02, 0x88, 0x41, 0x91, 0x48, 0x2B, 0x2A, 0x04, 0x40, 0x00, 0x84, 0x04,
  0x02, 0x88, 0x11, 0xC1, 0x58, 0x2B, 0x2A, 0x04, 0x40, 0x00, 0x84, 0x04, 0x02, 0x88,
  0x41, 0x81, 0x79, 0x2B, 0x2A, 0x04, 0x40, 0x00, 0x84, 0x04, 0x02, 0x88, 0x11, 0xD1,
  0xF9, 0x2B, 0x2A, 0x04, 0x40, 0x00, 0x84, 0x04, 0x22, 0x88, 0x30, 0x6F, 0x93, 0x02,
  0x99, 0x60, 0x94, 0x01, 0x90, 0x4A, 0x06, 0x04, 0x00, 0x00, 0x00, 0x85, 0x1C, 0x78,
  0x00, 0x00, 0x00, 0x8A, 0x00, 0x00, 0x00, 0x00, 0x00, 0x00, 0x00, 0x00, 0x00, 0x80,
  0x9C, 0x02, 0x00, 0x00, 0x00, 0x00, 0x20, 0x80, 0x30, 0xEF, 0x93, 0x02, 0xB9, 0x61,
  0xD4, 0x01, 0x90, 0x4A, 0x06, 0x04, 0x00, 0x00, 0x00, 0x85, 0x1C, 0x98, 0x04, 0x00,
  0x00, 0x80, 0x00, 0x00, 0x00, 0x00, 0x00, 0x00, 0x00, 0x00, 0x00, 0x80, 0x30, 0x6F,
  0x93, 0x02, 0xF9, 0x61, 0xD4, 0x01, 0x90, 0x4A, 0x06, 0x04, 0x00, 0x00, 0x00, 0x85,
  0x1C, 0x38, 0x00, 0x00, 0x80, 0x80, 0x00, 0x00, 0x00, 0x00, 0x00, 0x00, 0x00, 0x00,
  0x00, 0x80, 0x30, 0xEF, 0x93, 0x02, 0x99, 0x60, 0xD4, 0x01, 0x90, 0x4A, 0x06, 0x04,
  0x00, 0x00, 0x00, 0x85, 0x1C, 0x18, 0x04, 0x00, 0x80, 0x82, 0x00, 0x00, 0x00, 0x00,
  0x00, 0x00, 0x00, 0x00, 0x00, 0x80, 0x30, 0xEF, 0x93, 0x02, 0xD9, 0xE1, 0xD4, 0x01,
  0x90, 0x4A, 0x06, 0x04, 0x00, 0x00, 0x00, 0x85, 0x1C, 0xB8, 0x02, 0x10, 0x80, 0x90,
  0x00, 0x00, 0x00, 0x00, 0x00, 0x00, 0x00, 0x00, 0x00, 0x80, 0x10, 0xEF, 0x83, 0x02,
  0x99, 0x61, 0x94, 0x01, 0x90, 0x5A, 0x06, 0x04, 0x00, 0x00, 0x00, 0x85, 0x1C, 0x98,
  0x02, 0x00, 0x80, 0x88, 0x00, 0x00, 0x00, 0x00, 0x00, 0x00, 0x00, 0x00, 0x00, 0x80,
  0x1C, 0x98, 0x02, 0x10, 0x80, 0x08, 0x00, 0x00, 0x00, 0x00, 0x00, 0x00, 0x00, 0x00,
  0x00, 0x80, 0x07, 0xA0, 0x00, 0x10, 0x08, 0x38, 0x61, 0x40, 0x20, 0x04, 0xC0, 0x89,
  0x07, 0xA0, 0x10, 0x11, 0x08, 0x38, 0x61, 0x40, 0x00, 0x04, 0xC0, 0x89, 0x07, 0xA0,
  0x08, 0x10, 0x0A, 0x38, 0x61, 0x40, 0x00, 0x04, 0xC0, 0x89, 0x07, 0xA0, 0x18, 0x11,
  0x0A, 0x38, 0x61, 0x40, 0x00, 0x04, 0xC0, 0x89, 0x07, 0xA0, 0x00, 0x30, 0x08, 0x3C,
  0x61, 0x40, 0x00, 0x04, 0xC0, 0x89, 0x07, 0xA0, 0x10, 0x31, 0x08, 0x3C, 0x61, 0x40,
  0x00, 0x04, 0xC0, 0x89, 0x07, 0xA0, 0x08, 0x30, 0x0A, 0x3C, 0x61, 0x40, 0x00, 0x04,
  0xC0, 0x89, 0x07, 0xA0, 0x18, 0x31, 0x0A, 0x3C, 0x61, 0x40, 0x00, 0x04, 0xC0, 0x89,
  0x07, 0xA0, 0x04, 0x00, 0x08, 0x58, 0x61, 0x40, 0x00, 0x04, 0xC0, 0x89, 0x07, 0xA0,
  0x14, 0x01, 0x08, 0x58, 0x61, 0x40, 0x00, 0x04, 0xC0, 0x89, 0x07, 0xA0, 0x0C, 0x00,
  0x0A, 0x58, 0x61, 0x40, 0x00, 0x04, 0xC0, 0x89, 0x07, 0xA0, 0x1C, 0x01, 0x0A, 0x58,
  0x61, 0x40, 0x00, 0x04, 0xC0, 0x89, 0x07, 0xA0, 0x04, 0x20, 0x08, 0x5C, 0x61, 0x40,
  0x00, 0x04, 0xC0, 0x89, 0x07, 0xA0, 0x14, 0x21, 0x08, 0x5C, 0x61, 0x40, 0x00, 0x04,
  0xC0, 0x89, 0x07, 0xA0, 0x0C, 0x20, 0x0A, 0x5C, 0x61, 0x40, 0x00, 0x04, 0xC0, 0x89,
  0x07, 0xA0, 0x1C, 0x21, 0x0A, 0x5C, 0x61, 0x40, 0x00, 0x04, 0xC0, 0x89, 0x07, 0xA0,
  0x04, 0x10, 0x08, 0x78, 0x61, 0x40, 0x00, 0x04, 0xC0, 0x89, 0x07, 0xA0, 0x14, 0x11,
  0x08, 0x78, 0x61, 0x40, 0x00, 0x04, 0xC0, 0x89, 0x07, 0xA0, 0x0C, 0x10, 0x0A, 0x78,
  0x61, 0x40, 0x00, 0x04, 0xC0, 0x89, 0x07, 0xA0, 0x1C, 0x11, 0x0A, 0x78, 0x61, 0x40,
  0x00, 0x04, 0xC0, 0x89, 0x07, 0xA0, 0x04, 0x30, 0x08, 0x7C, 0x61, 0x40, 0x00, 0x04,
  0xC0, 0x89, 0x07, 0xA0, 0x14, 0x31, 0x08, 0x7C, 0x61, 0x40, 0x00, 0x04, 0xC0, 0x89,
  0x07, 0xA0, 0x0C, 0x30, 0x0A, 0x7C, 0x61, 0x40, 0x00, 0x04, 0xC0, 0x89, 0x07, 0xA0,
  0x1C, 0x31, 0x0A, 0x7C, 0x61, 0x40, 0x00, 0x04, 0xC0, 0x89, 0x07, 0xA1, 0x00, 0x00,
  0x08, 0x18, 0x61, 0x40, 0x01, 0x04, 0xC0, 0x89, 0x07, 0xA1, 0x10, 0x01, 0x08, 0x18,
  0x61, 0x40, 0x01, 0x04, 0xC0, 0x89, 0x07, 0xA1, 0x08, 0x00, 0x0A, 0x18, 0x61, 0x40,
  0x01, 0x04, 0xC0, 0x89, 0x07, 0xA1, 0x18, 0x01, 0x0A, 0x18, 0x61, 0x40, 0x01, 0x04,
  0xC0, 0x89, 0x07, 0xA1, 0x00, 0x20, 0x08, 0x1C, 0x61, 0x40, 0x01, 0x04, 0xC0, 0x89,
  0x07, 0xA1, 0x10, 0x21, 0x08, 0x1C, 0x61, 0x40, 0x01, 0x04, 0xC0, 0x89, 0x07, 0xA1,
  0x08, 0x20, 0x0A, 0x1C, 0x61, 0x40, 0x01, 0x04, 0xC0, 0x89, 0x07, 0xA1, 0x98, 0x21,
  0x0A, 0x1C, 0x61, 0x40, 0x01, 0x04, 0xE0, 0x89, 0x1C, 0x38, 0x06, 0x10, 0x00, 0x08,
  0x00, 0x00, 0x00, 0x00, 0x00, 0x00, 0x00, 0x00, 0x00, 0x80, 0x07, 0xA0, 0x00, 0x10,
  0x08, 0x1C, 0x60, 0x40, 0x00, 0x04, 0xC0, 0x89, 0x07, 0xA0, 0x00, 0x10, 0x08, 0x38,
  0x61, 0x40, 0x00, 0x04, 0xC0, 0x89, 0x01, 0x10, 0x00, 0x00, 0x88, 0x68, 0x44, 0x00,
  0x20, 0x04, 0xC0, 0x8E, 0x07, 0xA0, 0x10, 0x10, 0x08, 0x1C, 0x60, 0x40, 0x00, 0x04,
  0xC0, 0x89, 0x07, 0xA0, 0x10, 0x11, 0x08, 0x38, 0x61, 0x40, 0x00, 0x04, 0xC0, 0x89,
  0x01, 0x10, 0x00, 0x03, 0x88, 0x68, 0x44, 0x00, 0x00, 0x04, 0xC0, 0x8E, 0x07, 0xA0,
  0x08, 0x10, 0x08, 0x1C, 0x60, 0x40, 0x00, 0x04, 0xC0, 0x89, 0x07, 0xA0, 0x08, 0x10,
  0x0A, 0x38, 0x61, 0x40, 0x00, 0x04, 0xC0, 0x89, 0x01, 0x10, 0x00, 0x08, 0x8A, 0x68,
  0x44, 0x00, 0x00, 0x04, 0xC0, 0x8E, 0x07, 0xA0, 0x18, 0x10, 0x08, 0x1C, 0x60, 0x40,
  0x00, 0x04, 0xC0, 0x89, 0x07, 0xA0, 0x18, 0x11, 0x0A, 0x38, 0x61, 0x40, 0x00, 0x04,
  0xC0, 0x89, 0x01, 0x10, 0x00, 0x0B, 0x8A, 0x68, 0x44, 0x00, 0x00, 0x04, 0xC0, 0x8E,
  0x07, 0xA0, 0x00, 0x30, 0x08, 0x1C, 0x60, 0x40, 0x00, 0x04, 0xC0, 0x89, 0x07, 0xA0,
  0x00, 0x30, 0x08, 0x3C, 0x61, 0x40, 0x00, 0x04, 0xC0, 0x89, 0x01, 0x10, 0x00, 0x00,
  0xA8, 0x6C, 0x44, 0x00, 0x00, 0x04, 0xC0, 0x8E, 0x07, 0xA0, 0x10, 0x30, 0x08, 0x1C,
  0x60, 0x40, 0x00, 0x04, 0xC0, 0x89, 0x07, 0xA0, 0x10, 0x31, 0x08, 0x3C, 0x61, 0x40,
  0x00, 0x04, 0xC0, 0x89, 0x01, 0x10, 0x00, 0x03, 0xA8, 0x6C, 0x44, 0x00, 0x00, 0x04,
  0xC0, 0x8E, 0x07, 0xA0, 0x08, 0x30, 0x08, 0x1C, 0x60, 0x40, 0x00, 0x04, 0xC0, 0x89,
  0x07, 0xA0, 0x08, 0x30, 0x0A, 0x3C, 0x61, 0x40, 0x00, 0x04, 0xC0, 0x89, 0x01, 0x10,
  0x00, 0x08, 0xAA, 0x6C, 0x44, 0x00, 0x00, 0x04, 0xC0, 0x8E, 0x07, 0xA0, 0x18, 0x30,
  0x08, 0x1C, 0x60, 0x40, 0x00, 0x04, 0xC0, 0x89, 0x07, 0xA0, 0x18, 0x31, 0x0A, 0x3C,
  0x61, 0x40, 0x00, 0x04, 0xC0, 0x89, 0x01, 0x10, 0x00, 0x0B, 0xAA, 0x6C, 0x44, 0x00,
  0x00, 0x04, 0xC0, 0x8E, 0x07, 0xA0, 0x00, 0x00, 0x08, 0x5C, 0x60, 0x40, 0x00, 0x04,
  0xC0, 0x89, 0x07, 0xA0, 0x04, 0x00, 0x08, 0x58, 0x61, 0x40, 0x00, 0x04, 0xC0, 0x89,
  0x01, 0x10, 0x04, 0x00, 0x08, 0x48, 0x4C, 0x00, 0x00, 0x04, 0xC0, 0x8E, 0x07, 0xA0,
  0x10, 0x00, 0x08, 0x5C, 0x60, 0x40, 0x00, 0x04, 0xC0, 0x89, 0x07, 0xA0, 0x14, 0x01,
  0x08, 0x58, 0x61, 0x40, 0x00, 0x04, 0xC0, 0x89, 0x01, 0x10, 0x04, 0x03, 0x08, 0x48,
  0x4C, 0x00, 0x00, 0x04, 0xC0, 0x8E, 0x07, 0xA0, 0x08, 0x00, 0x08, 0x5C, 0x60, 0x40,
  0x00, 0x04, 0xC0, 0x89, 0x07, 0xA0, 0x0C, 0x00, 0x0A, 0x58, 0x61, 0x40, 0x00, 0x04,
  0xC0, 0x89, 0x01, 0x10, 0x04, 0x08, 0x0A, 0x48, 0x4C, 0x00, 0x00, 0x04, 0xC0, 0x8E,
  0x07, 0xA0, 0x18, 0x00, 0x08, 0x5C, 0x60, 0x40, 0x00, 0x04, 0xC0, 0x89, 0x07, 0xA0,
  0x1C, 0x01, 0x0A, 0x58, 0x61, 0x40, 0x00, 0x04, 0xC0, 0x89, 0x01, 0x10, 0x04, 0x0B,
  0x0A, 0x48, 0x4C, 0x00, 0x00, 0x04, 0xC0, 0x8E, 0x07, 0xA0, 0x00, 0x20, 0x08, 0x5C,
  0x60, 0x40, 0x00, 0x04, 0xC0, 0x89, 0x07, 0xA0, 0x04, 0x20, 0x08, 0x5C, 0x61, 0x40,
  0x00, 0x04, 0xC0, 0x89, 0x01, 0x10, 0x04, 0x00, 0x28, 0x4C, 0x4C, 0x00, 0x00, 0x04,
  0xC0, 0x8E, 0x07, 0xA0, 0x10, 0x20, 0x08, 0x5C, 0x60, 0x40, 0x00, 0x04, 0xC0, 0x89,
  0x07, 0xA0, 0x14, 0x21, 0x08, 0x5C, 0x61, 0x40, 0x00, 0x04, 0xC0, 0x89, 0x01, 0x10,
  0x04, 0x03, 0x28, 0x4C, 0x4C, 0x00, 0x00, 0x04, 0xC0, 0x8E, 0x07, 0xA0, 0x08, 0x20,
  0x08, 0x5C, 0x60, 0x40, 0x00, 0x04, 0xC0, 0x89, 0x07, 0xA0, 0x0C, 0x20, 0x0A, 0x5C,
  0x61, 0x40, 0x00, 0x04, 0xC0, 0x89, 0x01, 0x10, 0x04, 0x08, 0x2A, 0x4C, 0x4C, 0x00,
  0x00, 0x04, 0xC0, 0x8E, 0x07, 0xA0, 0x18, 0x20, 0x08, 0x5C, 0x60, 0x40, 0x00, 0x04,
  0xC0, 0x89, 0x07, 0xA0, 0x1C, 0x21, 0x0A, 0x5C, 0x61, 0x40, 0x00, 0x04, 0xC0, 0x89,
  0x01, 0x10, 0x04, 0x0B, 0x2A, 0x4C, 0x4C, 0x00, 0x00, 0x04, 0xC0, 0x8E, 0x07, 0xA0,
  0x00, 0x10, 0x08, 0x5C, 0x60, 0x40, 0x00, 0x04, 0xC0, 0x89, 0x07, 0xA0, 0x04, 0x10,
  0x08, 0x78, 0x61, 0x40, 0x00, 0x04, 0xC0, 0x89, 0x01, 0x10, 0x04, 0x00, 0x88, 0x68,
  0x4C, 0x00, 0x00, 0x04, 0xC0, 0x8E, 0x07, 0xA0, 0x10, 0x10, 0x08, 0x5C, 0x60, 0x40,
  0x00, 0x04, 0xC0, 0x89, 0x07, 0xA0, 0x14, 0x11, 0x08, 0x78, 0x61, 0x40, 0x00, 0x04,
  0xC0, 0x89, 0x01, 0x10, 0x04, 0x03, 0x88, 0x68, 0x4C, 0x00, 0x00, 0x04, 0xC0, 0x8E,
  0x07, 0xA0, 0x08, 0x10, 0x08, 0x5C, 0x60, 0x40, 0x00, 0x04, 0xC0, 0x89, 0x07, 0xA0,
  0x0C, 0x10, 0x0A, 0x78, 0x61, 0x40, 0x00, 0x04, 0xC0, 0x89, 0x01, 0x10, 0x04, 0x08,
  0x8A, 0x68, 0x4C, 0x00, 0x00, 0x04, 0xC0, 0x8E, 0x07, 0xA0, 0x18, 0x10, 0x08, 0x5C,
  0x60, 0x40, 0x00, 0x04, 0xC0, 0x89, 0x07, 0xA0, 0x1C, 0x11, 0x0A, 0x78, 0x61, 0x40,
  0x00, 0x04, 0xC0, 0x89, 0x01, 0x10, 0x04, 0x0B, 0x8A, 0x68, 0x4C, 0x00, 0x00, 0x04,
  0xC0, 0x8E, 0x07, 0xA0, 0x00, 0x30, 0x08, 0x5C, 0x60, 0x40, 0x00, 0x04, 0xC0, 0x89,
  0x07, 0xA0, 0x04, 0x30, 0x08, 0x7C, 0x61, 0x40, 0x00, 0x04, 0xC0, 0x89, 0x01, 0x10,
  0x04, 0x00, 0xA8, 0x6C, 0x4C, 0x00, 0x00, 0x04, 0xC0, 0x8E, 0x07, 0xA0, 0x10, 0x30,
  0x08, 0x5C, 0x60, 0x40, 0x00, 0x04, 0xC0, 0x89, 0x07, 0xA0, 0x14, 0x31, 0x08, 0x7C,
  0x61, 0x40, 0x00, 0x04, 0xC0, 0x89, 0x01, 0x10, 0x04, 0x03, 0xA8, 0x6C, 0x4C, 0x00,
  0x00, 0x04, 0xC0, 0x8E, 0x07, 0xA0, 0x08, 0x30, 0x08, 0x5C, 0x60, 0x40, 0x00, 0x04,
  0xC0, 0x89, 0x07, 0xA0, 0x0C, 0x30, 0x0A, 0x7C, 0x61, 0x40, 0x00, 0x04, 0xC0, 0x89,
  0x01, 0x10, 0x04, 0x08, 0xAA, 0x6C, 0x4C, 0x00, 0x00, 0x04, 0xC0, 0x8E, 0x07, 0xA0,
  0x18, 0x30, 0x08, 0x5C, 0x60, 0x40, 0x00, 0x04, 0xC0, 0x89, 0x07, 0xA0, 0x1C, 0x31,
  0x0A, 0x7C, 0x61, 0x40, 0x00, 0x04, 0xC0, 0x89, 0x01, 0x10, 0x04, 0x0B, 0xAA, 0x6C,
  0x4C, 0x00, 0x00, 0x04, 0xC0, 0x8E, 0x07, 0xA0, 0x00, 0x00, 0x08, 0x1C, 0x60, 0x40,
  0x01, 0x04, 0xC0, 0x89, 0x07, 0xA1, 0x00, 0x00, 0x08, 0x18, 0x61, 0x40, 0x01, 0x04,
  0xC0, 0x89, 0x01, 0x11, 0x00, 0x00, 0x08, 0x48, 0x44, 0x00, 0x04, 0x04, 0xC0, 0x8E,
  0x07, 0xA0, 0x10, 0x00, 0x08, 0x1C, 0x60, 0x40, 0x01, 0x04, 0xC0, 0x89, 0x07, 0xA1,
  0x10, 0x01, 0x08, 0x18, 0x61, 0x40, 0x01, 0x04, 0xC0, 0x89, 0x01, 0x11, 0x00, 0x03,
  0x08, 0x48, 0x44, 0x00, 0x04, 0x04, 0xC0, 0x8E, 0x07, 0xA0, 0x08, 0x00, 0x08, 0x1C,
  0x60, 0x40, 0x01, 0x04, 0xC0, 0x89, 0x07, 0xA1, 0x08, 0x00, 0x0A, 0x18, 0x61, 0x40,
  0x01, 0x04, 0xC0, 0x89, 0x01, 0x11, 0x00, 0x08, 0x0A, 0x48, 0x44, 0x00, 0x04, 0x04,
  0xC0, 0x8E, 0x07, 0xA0, 0x18, 0x00, 0x08, 0x1C, 0x60, 0x40, 0x01, 0x04, 0xC0, 0x89,
  0x07, 0xA1, 0x18, 0x01, 0x0A, 0x18, 0x61, 0x40, 0x01, 0x04, 0xC0, 0x89, 0x01, 0x11,
  0x00, 0x0B, 0x0A, 0x48, 0x44, 0x00, 0x04, 0x04, 0xC0, 0x8E, 0x07, 0xA0, 0x00, 0x20,
  0x08, 0x1C, 0x60, 0x40, 0x01, 0x04, 0xC0, 0x89, 0x07, 0xA1, 0x00, 0x20, 0x08, 0x1C,
  0x61, 0x40, 0x01, 0x04, 0xC0, 0x89, 0x01, 0x11, 0x00, 0x00, 0x28, 0x4C, 0x44, 0x00,
  0x04, 0x04, 0xC0, 0x8E, 0x07, 0xA0, 0x10, 0x20, 0x08, 0x1C, 0x60, 0x40, 0x01, 0x04,
  0xC0, 0x89, 0x07, 0xA1, 0x10, 0x21, 0x08, 0x1C, 0x61, 0x40, 0x01, 0x04, 0xC0, 0x89,
  0x01, 0x11, 0x00, 0x03, 0x28, 0x4C, 0x44, 0x00, 0x04, 0x04, 0xC0, 0x8E, 0x07, 0xA0,
  0x08, 0x20, 0x08, 0x1C, 0x60, 0x40, 0x01, 0x04, 0xC0, 0x89, 0x07, 0xA1, 0x08, 0x20,
  0x0A, 0x1C, 0x61, 0x40, 0x01, 0x04, 0xC0, 0x89, 0x01, 0x11, 0x00, 0x08, 0x2A, 0x4C,
  0x44, 0x00, 0x04, 0x04, 0xC0, 0x8E, 0x07, 0xA0, 0x18, 0x20, 0x08, 0x1C, 0x60, 0x40,
  0x01, 0x04, 0xC0, 0x89, 0x07, 0xA1, 0x18, 0x21, 0x0A, 0x1C, 0x61, 0x40, 0x01, 0x04,
  0xC0, 0x89, 0x01, 0x11, 0x80, 0x0B, 0x2A, 0x4C, 0x44, 0x00, 0x04, 0x04, 0xE0, 0x8E,
  0x1C, 0x18, 0x02, 0x10, 0x00, 0x12, 0x00, 0x00, 0x00, 0x00, 0x00, 0x00, 0x00, 0x00,
  0x00, 0x80, 0x85, 0x80, 0xC0, 0x10, 0x48, 0x20, 0x40, 0x04, 0x00, 0x04, 0xE4, 0x89,
  0x1A, 0x10, 0x02, 0x00, 0x15, 0x0A, 0x06, 0x80, 0x07, 0xE0, 0x80, 0x10, 0x08, 0x28,
  0x40, 0x00, 0x00, 0x04, 0xE0, 0x89, 0x1A, 0x10, 0x00, 0x00, 0x14, 0x0A, 0x06, 0x80,
  0x85, 0x80, 0xD0, 0x11, 0x48, 0x20, 0x40, 0x04, 0x00, 0x04, 0xE4, 0x89, 0x1A, 0x10,
  0x0B, 0x00, 0x15, 0x0A, 0x06, 0x80, 0x07, 0xE0, 0x90, 0x11, 0x08, 0x28, 0x40, 0x00,
  0x00, 0x04, 0xE0, 0x89, 0x1A, 0x10, 0x09, 0x00, 0x14, 0x0A, 0x06, 0x80, 0x85, 0x80,
  0xC8, 0x10, 0x4A, 0x20, 0x40, 0x04, 0x00, 0x04, 0xE4, 0x89, 0x1A, 0x10, 0x52, 0x00,
  0x15, 0x0A, 0x06, 0x80, 0x07, 0xE0, 0x88, 0x10, 0x0A, 0x28, 0x40, 0x00, 0x00, 0x04,
  0xE0, 0x89, 0x1A, 0x10, 0x50, 0x00, 0x14, 0x0A, 0x06, 0x80, 0x85, 0x80, 0xD8, 0x11,
  0x4A, 0x20, 0x40, 0x04, 0x00, 0x04, 0xE4, 0x89, 0x1A, 0x10, 0x5B, 0x00, 0x15, 0x0A,
  0x06, 0x80, 0x07, 0xE0, 0x98, 0x11, 0x0A, 0x28, 0x40, 0x00, 0x00, 0x04, 0xE0, 0x89,
  0x1A, 0x10, 0x59, 0x00, 0x14, 0x0A, 0x06, 0x80, 0x85, 0x80, 0xC0, 0x30, 0x48, 0x24,
  0x40, 0x04, 0x00, 0x04, 0xE4, 0x89, 0x1A, 0x10, 0x02, 0x40, 0x17, 0x0A, 0x06, 0x80,
  0x07, 0xE0, 0x80, 0x30, 0x08, 0x2C, 0x40, 0x00, 0x00, 0x04, 0xE0, 0x89, 0x1A, 0x10,
  0x00, 0x40, 0x16, 0x0A, 0x06, 0x80, 0x85, 0x80, 0xD0, 0x31, 0x48, 0x24, 0x40, 0x04,
  0x00, 0x04, 0xE4, 0x89, 0x1A, 0x10, 0x0B, 0x40, 0x17, 0x0A, 0x06, 0x80, 0x07, 0xE0,
  0x90, 0x31, 0x08, 0x2C, 0x40, 0x00, 0x00, 0x04, 0xE0, 0x89, 0x1A, 0x10, 0x09, 0x40,
  0x16, 0x0A, 0x06, 0x80, 0x85, 0x80, 0xC8, 0x30, 0x4A, 0x24, 0x40, 0x04, 0x00, 0x04,
  0xE4, 0x89, 0x1A, 0x10, 0x52, 0x40, 0x17, 0x0A, 0x06, 0x80, 0x07, 0xE0, 0x88, 0x30,
  0x0A, 0x2C, 0x40, 0x00, 0x00, 0x04, 0xE0, 0x89, 0x1A, 0x10, 0x50, 0x40, 0x16, 0x0A,
  0x06, 0x80, 0x85, 0x80, 0xD8, 0x31, 0x4A, 0x24, 0x40, 0x04, 0x00, 0x04, 0xE4, 0x89,
  0x1A, 0x10, 0x5B, 0x40, 0x17, 0x0A, 0x06, 0x80, 0x07, 0xE0, 0x98, 0x31, 0x0A, 0x2C,
  0x40, 0x00, 0x00, 0x04, 0xE0, 0x89, 0x1A, 0x10, 0x59, 0x40, 0x16, 0x0A, 0x06, 0x80,
  0x85, 0x80, 0xC4, 0x00, 0x48, 0x40, 0x40, 0x04, 0x00, 0x04, 0xE4, 0x89, 0x1A, 0x10,
  0x02, 0x00, 0xC1, 0x0A, 0x06, 0x80, 0x07, 0xE0, 0x84, 0x00, 0x08, 0x48, 0x40, 0x00,
  0x00, 0x04, 0xE0, 0x89, 0x1A, 0x10, 0x00, 0x00, 0xC0, 0x0A, 0x06, 0x80, 0x85, 0x80,
  0xD4, 0x01, 0x48, 0x40, 0x40, 0x04, 0x00, 0x04, 0xE4, 0x89, 0x1A, 0x10, 0x0B, 0x00,
  0xC1, 0x0A, 0x06, 0x80, 0x07, 0xE0, 0x94, 0x01, 0x08, 0x48, 0x40, 0x00, 0x00, 0x04,
  0xE0, 0x89, 0x1A, 0x10, 0x09, 0x00, 0xC0, 0x0A, 0x06, 0x80, 0x85, 0x80, 0xCC, 0x00,
  0x4A, 0x40, 0x40, 0x04, 0x00, 0x04, 0xE4, 0x89, 0x1A, 0x10, 0x52, 0x00, 0xC1, 0x0A,
  0x06, 0x80, 0x07, 0xE0, 0x8C, 0x00, 0x0A, 0x48, 0x40, 0x00, 0x00, 0x04, 0xE0, 0x89,
  0x1A, 0x10, 0x50, 0x00, 0xC0, 0x0A, 0x06, 0x80, 0x85, 0x80, 0xDC, 0x01, 0x4A, 0x40,
  0x40, 0x04, 0x00, 0x04, 0xE4, 0x89, 0x1A, 0x10, 0x5B, 0x00, 0xC1, 0x0A, 0x06, 0x80,
  0x07, 0xE0, 0x9C, 0x01, 0x0A, 0x48, 0x40, 0x00, 0x00, 0x04, 0xE0, 0x89, 0x1A, 0x10,
  0x59, 0x00, 0xC0, 0x0A, 0x06, 0x80, 0x85, 0x80, 0xC4, 0x20, 0x48, 0x44, 0x40, 0x04,
  0x00, 0x04, 0xE4, 0x89, 0x1A, 0x10, 0x02, 0x40, 0xC3, 0x0A, 0x06, 0x80, 0x07, 0xE0,
  0x84, 0x20, 0x08, 0x4C, 0x40, 0x00, 0x00, 0x04, 0xE0, 0x89, 0x1A, 0x10, 0x00, 0x40,
  0xC2, 0x0A, 0x06, 0x80, 0x85, 0x80, 0xD4, 0x21, 0x48, 0x44, 0x40, 0x04, 0x00, 0x04,
  0xE4, 0x89, 0x1A, 0x10, 0x0B, 0x40, 0xC3, 0x0A, 0x06, 0x80, 0x07, 0xE0, 0x94, 0x21,
  0x08, 0x4C, 0x40, 0x00, 0x00, 0x04, 0xE0, 0x89, 0x1A, 0x10, 0x09, 0x40, 0xC2, 0x0A,
  0x06, 0x80, 0x85, 0x80, 0xCC, 0x20, 0x4A, 0x44, 0x40, 0x04, 0x00, 0x04, 0xE4, 0x89,
  0x1A, 0x10, 0x52, 0x40, 0xC3, 0x0A, 0x06, 0x80, 0x07, 0xE0, 0x8C, 0x20, 0x0A, 0x4C,
  0x40, 0x00, 0x00, 0x04, 0xE0, 0x89, 0x1A, 0x10, 0x50, 0x40, 0xC2, 0x0A, 0x06, 0x80,
  0x85, 0x80, 0xDC, 0x21, 0x4A, 0x44, 0x40, 0x04, 0x00, 0x04, 0xE4, 0x89, 0x1A, 0x10,
  0x5B, 0x40, 0xC3, 0x0A, 0x06, 0x80, 0x07, 0xE0, 0x9C, 0x21, 0x0A, 0x4C, 0x40, 0x00,
  0x00, 0x04, 0xE0, 0x89, 0x1A, 0x10, 0x59, 0x40, 0xC2, 0x0A, 0x06, 0x80, 0x85, 0x80,
  0xC4, 0x10, 0x48, 0x60, 0x40, 0x04, 0x00, 0x04, 0xE4, 0x89, 0x1A, 0x10, 0x02, 0x00,
  0xD5, 0x0A, 0x06, 0x80, 0x07, 0xE0, 0x84, 0x10, 0x08, 0x68, 0x40, 0x00, 0x00, 0x04,
  0xE0, 0x89, 0x1A, 0x10, 0x00, 0x00, 0xD4, 0x0A, 0x06, 0x80, 0x85, 0x80, 0xD4, 0x11,
  0x48, 0x60, 0x40, 0x04, 0x00, 0x04, 0xE4, 0x89, 0x1A, 0x10, 0x0B, 0x00, 0xD5, 0x0A,
  0x06, 0x80, 0x07, 0xE0, 0x94, 0x11, 0x08, 0x68, 0x40, 0x00, 0x00, 0x04, 0xE0, 0x89,
  0x1A, 0x10, 0x09, 0x00, 0xD4, 0x0A, 0x06, 0x80, 0x85, 0x80, 0xCC, 0x10, 0x4A, 0x60,
  0x40, 0x04, 0x00, 0x04, 0xE4, 0x89, 0x1A, 0x10, 0x52, 0x00, 0xD5, 0x0A, 0x06, 0x80,
  0x07, 0xE0, 0x8C, 0x10, 0x0A, 0x68, 0x40, 0x00, 0x00, 0x04, 0xE0, 0x89, 0x1A, 0x10,
  0x50, 0x00, 0xD4, 0x0A, 0x06, 0x80, 0x85, 0x80, 0xDC, 0x11, 0x4A, 0x60, 0x40, 0x04,
  0x00, 0x04, 0xE4, 0x89, 0x1A, 0x10, 0x5B, 0x00, 0xD5, 0x0A, 0x06, 0x80, 0x07, 0xE0,
  0x9C, 0x11, 0x0A, 0x68, 0x40, 0x00, 0x00, 0x04, 0xE0, 0x89, 0x1A, 0x10, 0x59, 0x00,
  0xD4, 0x0A, 0x06, 0x80, 0x85, 0x80, 0xC4, 0x30, 0x48, 0x64, 0x40, 0x04, 0x00, 0x04,
  0xE4, 0x89, 0x1A, 0x10, 0x02, 0x40, 0xD7, 0x0A, 0x06, 0x80, 0x07, 0xE0, 0x84, 0x30,
  0x08, 0x6C, 0x40, 0x00, 0x00, 0x04, 0xE0, 0x89, 0x1A, 0x10, 0x00, 0x40, 0xD6, 0x0A,
  0x06, 0x80, 0x85, 0x80, 0xD4, 0x31, 0x48, 0x64, 0x40, 0x04, 0x00, 0x04, 0xE4, 0x89,
  0x1A, 0x10, 0x0B, 0x40, 0xD7, 0x0A, 0x06, 0x80, 0x07, 0xE0, 0x94, 0x31, 0x08, 0x6C,
  0x40, 0x00, 0x00, 0x04, 0xE0, 0x89, 0x1A, 0x10, 0x09, 0x40, 0xD6, 0x0A, 0x06, 0x80,
  0x85, 0x80, 0xCC, 0x30, 0x4A, 0x64, 0x40, 0x04, 0x00, 0x04, 0xE4, 0x89, 0x1A, 0x10,
  0x52, 0x40, 0xD7, 0x0A, 0x06, 0x80, 0x07, 0xE0, 0x8C, 0x30, 0x0A, 0x6C, 0x40, 0x00,
  0x00, 0x04, 0xE0, 0x89, 0x1A, 0x10, 0x50, 0x40, 0xD6, 0x0A, 0x06, 0x80, 0x85, 0x80,
  0xDC, 0x31, 0x4A, 0x64, 0x40, 0x04, 0x00, 0x04, 0xE4, 0x89, 0x1A, 0x10, 0x5B, 0x40,
  0xD7, 0x0A, 0x06, 0x80, 0x07, 0xE0, 0x9C, 0x31, 0x0A, 0x6C, 0x40, 0x00, 0x00, 0x04,
  0xE0, 0x89, 0x1A, 0x10, 0x59, 0x40, 0xD6, 0x0A, 0x06, 0x80, 0x85, 0x81, 0xC0, 0x00,
  0x48, 0x00, 0x40, 0x04, 0x01, 0x04, 0xE4, 0x89, 0x1A, 0x10, 0x02, 0x24, 0x01, 0x0A,
  0x06, 0x80, 0x07, 0xE1, 0x80, 0x00, 0x08, 0x08, 0x40, 0x00, 0x01, 0x04, 0xE0, 0x89,
  0x1A, 0x10, 0x00, 0x24, 0x00, 0x0A, 0x06, 0x80, 0x85, 0x81, 0xD0, 0x01, 0x48, 0x00,
  0x40, 0x04, 0x01, 0x04, 0xE4, 0x89, 0x1A, 0x10, 0x0B, 0x24, 0x01, 0x0A, 0x06, 0x80,
  0x07, 0xE1, 0x90, 0x01, 0x08, 0x08, 0x40, 0x00, 0x01, 0x04, 0xE0, 0x89, 0x1A, 0x10,
  0x09, 0x24, 0x00, 0x0A, 0x06, 0x80, 0x85, 0x81, 0xC8, 0x00, 0x4A, 0x00, 0x40, 0x04,
  0x01, 0x04, 0xE4, 0x89, 0x1A, 0x10, 0x52, 0x24, 0x01, 0x0A, 0x06, 0x80, 0x07, 0xE1,
  0x88, 0x00, 0x0A, 0x08, 0x40, 0x00, 0x01, 0x04, 0xE0, 0x89, 0x1A, 0x10, 0x50, 0x24,
  0x00, 0x0A, 0x06, 0x80, 0x85, 0x81, 0xD8, 0x01, 0x4A, 0x00, 0x40, 0x04, 0x01, 0x04,
  0xE4, 0x89, 0x1A, 0x10, 0x5B, 0x24, 0x01, 0x0A, 0x06, 0x80, 0x07, 0xE1, 0x98, 0x01,
  0x0A, 0x08, 0x40, 0x00, 0x01, 0x04, 0xE0, 0x89, 0x1A, 0x10, 0x59, 0x24, 0x00, 0x0A,
  0x06, 0x80, 0x85, 0x81, 0xC0, 0x20, 0x48, 0x04, 0x40, 0x04, 0x01, 0x04, 0xE4, 0x89,
  0x1A, 0x10, 0x02, 0x64, 0x03, 0x0A, 0x06, 0x80, 0x07, 0xE1, 0x80, 0x20, 0x08, 0x0C,
  0x40, 0x00, 0x01, 0x04, 0xE0, 0x89, 0x1A, 0x10, 0x00, 0x64, 0x02, 0x0A, 0x06, 0x80,
  0x85, 0x81, 0xD0, 0x21, 0x48, 0x04, 0x40, 0x04, 0x01, 0x04, 0xE4, 0x89, 0x1A, 0x10,
  0x0B, 0x64, 0x03, 0x0A, 0x06, 0x80, 0x07, 0xE1, 0x90, 0x21, 0x08, 0x0C, 0x40, 0x00,
  0x01, 0x04, 0xE0, 0x89, 0x1A, 0x10, 0x09, 0x64, 0x02, 0x0A, 0x06, 0x80, 0x85, 0x81,
  0xC8, 0x20, 0x4A, 0x04, 0x40, 0x04, 0x01, 0x04, 0xE4, 0x89, 0x1A, 0x10, 0x52, 0x64,
  0x03, 0x0A, 0x06, 0x80, 0x07, 0xE1, 0x88, 0x20, 0x0A, 0x0C, 0x40, 0x00, 0x01, 0x04,
  0xE0, 0x89, 0x1A, 0x10, 0x50, 0x64, 0x02, 0x0A, 0x06, 0x80, 0x85, 0x81, 0xD8, 0x21,
  0x4A, 0x04, 0x40, 0x04, 0x01, 0x04, 0xE4, 0x89, 0x1A, 0x10, 0x5B, 0x64, 0x03, 0x0A,
  0x06, 0x80, 0x07, 0xE1, 0x98, 0x21, 0x0A, 0x0C, 0x40, 0x00, 0x01, 0x04, 0xE0, 0x89,
  0x1A, 0x10, 0x59, 0x64, 0x02, 0x0A, 0x06, 0x80, 0x1C, 0xB8, 0x00, 0x00, 0x00, 0x10,
  0x00, 0x00, 0x00, 0x00, 0x00, 0x00, 0x00, 0x00, 0x00, 0x80, 0x85, 0x80, 0xC0, 0x10,
  0x48, 0x04, 0x40, 0x04, 0x00, 0x04, 0xE4, 0x89, 0x1A, 0x10, 0x02, 0x40, 0x03, 0x0A,
  0x06, 0x80, 0x07, 0xE0, 0x80, 0x20, 0x08, 0x0C, 0x40, 0x00, 0x00, 0x04, 0xE0, 0x89,
  0x1A, 0x10, 0x00, 0x40, 0x02, 0x0A, 0x06, 0x80, 0x85, 0x80, 0x80, 0x10, 0x08, 0x28,
  0x44, 0x00, 0x00, 0x04, 0xE0, 0x8B, 0x9C, 0x02, 0x00, 0x80, 0x85, 0x80, 0xD0, 0x10,
  0x48, 0x04, 0x40, 0x04, 0x00, 0x04, 0xE4, 0x89, 0x1A, 0x10, 0x02, 0x40, 0x03, 0x0A,
  0x06, 0x80, 0x07, 0xE0, 0x80, 0x20, 0x08, 0x0C, 0x40, 0x00, 0x00, 0x04, 0xE0, 0x89,
  0x1A, 0x10, 0x00, 0x40, 0x02, 0x0A, 0x06, 0x80, 0x85, 0x80, 0x90, 0x11, 0x08, 0x28,
  0x44, 0x00, 0x00, 0x04, 0xE0, 0x8B, 0x9C, 0x02, 0x00, 0x80, 0x85, 0x80, 0xC8, 0x10,
  0x48, 0x04, 0x40, 0x04, 0x00, 0x04, 0xE4, 0x89, 0x1A, 0x10, 0x02, 0x40, 0x03, 0x0A,
  0x06, 0x80, 0x07, 0xE0, 0x80, 0x20, 0x08, 0x0C, 0x40, 0x00, 0x00, 0x04, 0xE0, 0x89,
  0x1A, 0x10, 0x00, 0x40, 0x02, 0x0A, 0x06, 0x80, 0x85, 0x80, 0x88, 0x10, 0x0A, 0x28,
  0x44, 0x00, 0x00, 0x04, 0xE0, 0x8B, 0x9C, 0x02, 0x00, 0x80, 0x85, 0x80, 0xD8, 0x10,
  0x48, 0x04, 0x40, 0x04, 0x00, 0x04, 0xE4, 0x89, 0x1A, 0x10, 0x02, 0x40, 0x03, 0x0A,
  0x06, 0x80, 0x07, 0xE0, 0x80, 0x20, 0x08, 0x0C, 0x40, 0x00, 0x00, 0x04, 0xE0, 0x89,
  0x1A, 0x10, 0x00, 0x40, 0x02, 0x0A, 0x06, 0x80, 0x85, 0x80, 0x98, 0x11, 0x0A, 0x28,
  0x44, 0x00, 0x00, 0x04, 0xE0, 0x8B, 0x9C, 0x02, 0x00, 0x80, 0x85, 0x80, 0xC0, 0x30,
  0x48, 0x04, 0x40, 0x04, 0x00, 0x04, 0xE4, 0x89, 0x1A, 0x10, 0x02, 0x40, 0x03, 0x0A,
  0x06, 0x80, 0x07, 0xE0, 0x80, 0x20, 0x08, 0x0C, 0x40, 0x00, 0x00, 0x04, 0xE0, 0x89,
  0x1A, 0x10, 0x00, 0x40, 0x02, 0x0A, 0x06, 0x80, 0x85, 0x80, 0x80, 0x30, 0x08, 0x2C,
  0x44, 0x00, 0x00, 0x04, 0xE0, 0x8B, 0x9C, 0x02, 0x00, 0x80, 0x85, 0x80, 0xD0, 0x30,
  0x48, 0x04, 0x40, 0x04, 0x00, 0x04, 0xE4, 0x89, 0x1A, 0x10, 0x02, 0x40, 0x03, 0x0A,
  0x06, 0x80, 0x07, 0xE0, 0x80, 0x20, 0x08, 0x0C, 0x40, 0x00, 0x00, 0x04, 0xE0, 0x89,
  0x1A, 0x10, 0x00, 0x40, 0x02, 0x0A, 0x06, 0x80, 0x85, 0x80, 0x90, 0x31, 0x08, 0x2C,
  0x44, 0x00, 0x00, 0x04, 0xE0, 0x8B, 0x9C, 0x02, 0x00, 0x80, 0x85, 0x80, 0xC8, 0x30,
  0x48, 0x04, 0x40, 0x04, 0x00, 0x04, 0xE4, 0x89, 0x1A, 0x10, 0x02, 0x40, 0x03, 0x0A,
  0x06, 0x80, 0x07, 0xE0, 0x80, 0x20, 0x08, 0x0C, 0x40, 0x00, 0x00, 0x04, 0xE0, 0x89,
  0x1A, 0x10, 0x00, 0x40, 0x02, 0x0A, 0x06, 0x80, 0x85, 0x80, 0x88, 0x30, 0x0A, 0x2C,
  0x44, 0x00, 0x00, 0x04, 0xE0, 0x8B, 0x9C, 0x02, 0x00, 0x80, 0x85, 0x80, 0xD8, 0x30,
  0x48, 0x04, 0x40, 0x04, 0x00, 0x04, 0xE4, 0x89, 0x1A, 0x10, 0x02, 0x40, 0x03, 0x0A,
  0x06, 0x80, 0x07, 0xE0, 0x80, 0x20, 0x08, 0x0C, 0x40, 0x00, 0x00, 0x04, 0xE0, 0x89,
  0x1A, 0x10, 0x00, 0x40, 0x02, 0x0A, 0x06, 0x80, 0x85, 0x80, 0x98, 0x31, 0x0A, 0x2C,
  0x44, 0x00, 0x00, 0x04, 0xE0, 0x8B, 0x9C, 0x02, 0x00, 0x80, 0x85, 0x80, 0xC0, 0x00,
  0x48, 0x44, 0x40, 0x04, 0x00, 0x04, 0xE4, 0x89, 0x1A, 0x10, 0x02, 0x40, 0x03, 0x0A,
  0x06, 0x80, 0x07, 0xE0, 0x80, 0x20, 0x08, 0x0C, 0x40, 0x00, 0x00, 0x04, 0xE0, 0x89,
  0x1A, 0x10, 0x00, 0x40, 0x02, 0x0A, 0x06, 0x80, 0x85, 0x80, 0x84, 0x00, 0x08, 0x48,
  0x44, 0x00, 0x00, 0x04, 0xE0, 0x8B, 0x9C, 0x02, 0x00, 0x80, 0x85, 0x80, 0xD0, 0x00,
  0x48, 0x44, 0x40, 0x04, 0x00, 0x04, 0xE4, 0x89, 0x1A, 0x10, 0x02, 0x40, 0x03, 0x0A,
  0x06, 0x80, 0x07, 0xE0, 0x80, 0x20, 0x08, 0x0C, 0x40, 0x00, 0x00, 0x04, 0xE0, 0x89,
  0x1A, 0x10, 0x00, 0x40, 0x02, 0x0A, 0x06, 0x80, 0x85, 0x80, 0x94, 0x01, 0x08, 0x48,
  0x44, 0x00, 0x00, 0x04, 0xE0, 0x8B, 0x9C, 0x02, 0x00, 0x80, 0x85, 0x80, 0xC8, 0x00,
  0x48, 0x44, 0x40, 0x04, 0x00, 0x04, 0xE4, 0x89, 0x1A, 0x10, 0x02, 0x40, 0x03, 0x0A,
  0x06, 0x80, 0x07, 0xE0, 0x80, 0x20, 0x08, 0x0C, 0x40, 0x00, 0x00, 0x04, 0xE0, 0x89,
  0x1A, 0x10, 0x00, 0x40, 0x02, 0x0A, 0x06, 0x80, 0x85, 0x80, 0x8C, 0x00, 0x0A, 0x48,
  0x44, 0x00, 0x00, 0x04, 0xE0, 0x8B, 0x9C, 0x02, 0x00, 0x80, 0x85, 0x80, 0xD8, 0x00,
  0x48, 0x44, 0x40, 0x04, 0x00, 0x04, 0xE4, 0x89, 0x1A, 0x10, 0x02, 0x40, 0x03, 0x0A,
  0x06, 0x80, 0x07, 0xE0, 0x80, 0x20, 0x08, 0x0C, 0x40, 0x00, 0x00, 0x04, 0xE0, 0x89,
  0x1A, 0x10, 0x00, 0x40, 0x02, 0x0A, 0x06, 0x80, 0x85, 0x80, 0x9C, 0x01, 0x0A, 0x48,
  0x44, 0x00, 0x00, 0x04, 0xE0, 0x8B, 0x9C, 0x02, 0x00, 0x80, 0x85, 0x80, 0xC0, 0x20,
  0x48, 0x44, 0x40, 0x04, 0x00, 0x04, 0xE4, 0x89, 0x1A, 0x10, 0x02, 0x40, 0x03, 0x0A,
  0x06, 0x80, 0x07, 0xE0, 0x80, 0x20, 0x08, 0x0C, 0x40, 0x00, 0x00, 0x04, 0xE0, 0x89,
  0x1A, 0x10, 0x00, 0x40, 0x02, 0x0A, 0x06, 0x80, 0x85, 0x80, 0x84, 0x20, 0x08, 0x4C,
  0x44, 0x00, 0x00, 0x04, 0xE0, 0x8B, 0x9C, 0x02, 0x00, 0x80, 0x85, 0x80, 0xD0, 0x20,
  0x48, 0x44, 0x40, 0x04, 0x00, 0x04, 0xE4, 0x89, 0x1A, 0x10, 0x02, 0x40, 0x03, 0x0A,
  0x06, 0x80, 0x07, 0xE0, 0x80, 0x20, 0x08, 0x0C, 0x40, 0x00, 0x00, 0x04, 0xE0, 0x89,
  0x1A, 0x10, 0x00, 0x40, 0x02, 0x0A, 0x06, 0x80, 0x85, 0x80, 0x94, 0x21, 0x08, 0x4C,
  0x44, 0x00, 0x00, 0x04, 0xE0, 0x8B, 0x9C, 0x02, 0x00, 0x80, 0x85, 0x80, 0xC8, 0x20,
  0x48, 0x44, 0x40, 0x04, 0x00, 0x04, 0xE4, 0x89, 0x1A, 0x10, 0x02, 0x40, 0x03, 0x0A,
  0x06, 0x80, 0x07, 0xE0, 0x80, 0x20, 0x08, 0x0C, 0x40, 0x00, 0x00, 0x04, 0xE0, 0x89,
  0x1A, 0x10, 0x00, 0x40, 0x02, 0x0A, 0x06, 0x80, 0x85, 0x80, 0x8C, 0x20, 0x0A, 0x4C,
  0x44, 0x00, 0x00, 0x04, 0xE0, 0x8B, 0x9C, 0x02, 0x00, 0x80, 0x85, 0x80, 0xD8, 0x20,
  0x48, 0x44, 0x40, 0x04, 0x00, 0x04, 0xE4, 0x89, 0x1A, 0x10, 0x02, 0x40, 0x03, 0x0A,
  0x06, 0x80, 0x07, 0xE0, 0x80, 0x20, 0x08, 0x0C, 0x40, 0x00, 0x00, 0x04, 0xE0, 0x89,
  0x1A, 0x10, 0x00, 0x40, 0x02, 0x0A, 0x06, 0x80, 0x85, 0x80, 0x9C, 0x21, 0x0A, 0x4C,
  0x44, 0x00, 0x00, 0x04, 0xE0, 0x8B, 0x9C, 0x02, 0x00, 0x80, 0x85, 0x80, 0xC0, 0x10,
  0x48, 0x44, 0x40, 0x04, 0x00, 0x04, 0xE4, 0x89, 0x1A, 0x10, 0x02, 0x40, 0x03, 0x0A,
  0x06, 0x80, 0x07, 0xE0, 0x80, 0x20, 0x08, 0x0C, 0x40, 0x00, 0x00, 0x04, 0xE0, 0x89,
  0x1A, 0x10, 0x00, 0x40, 0x02, 0x0A, 0x06, 0x80, 0x85, 0x80, 0x84, 0x10, 0x08, 0x68,
  0x44, 0x00, 0x00, 0x04, 0xE0, 0x8B, 0x9C, 0x02, 0x00, 0x80, 0x85, 0x80, 0xD0, 0x10,
  0x48, 0x44, 0x40, 0x04, 0x00, 0x04, 0xE4, 0x89, 0x1A, 0x10, 0x02, 0x40, 0x03, 0x0A,
  0x06, 0x80, 0x07, 0xE0, 0x80, 0x20, 0x08, 0x0C, 0x40, 0x00, 0x00, 0x04, 0xE0, 0x89,
  0x1A, 0x10, 0x00, 0x40, 0x02, 0x0A, 0x06, 0x80, 0x85, 0x80, 0x94, 0x11, 0x08, 0x68,
  0x44, 0x00, 0x00, 0x04, 0xE0, 0x8B, 0x9C, 0x02, 0x00, 0x80, 0x85, 0x80, 0xC8, 0x10,
  0x48, 0x44, 0x40, 0x04, 0x00, 0x04, 0xE4, 0x89, 0x1A, 0x10, 0x02, 0x40, 0x03, 0x0A,
  0x06, 0x80, 0x07, 0xE0, 0x80, 0x20, 0x08, 0x0C, 0x40, 0x00, 0x00, 0x04, 0xE0, 0x89,
  0x1A, 0x10, 0x00, 0x40, 0x02, 0x0A, 0x06, 0x80, 0x85, 0x80, 0x8C, 0x10, 0x0A, 0x68,
  0x44, 0x00, 0x00, 0x04, 0xE0, 0x8B, 0x9C, 0x02, 0x00, 0x80, 0x85, 0x80, 0xD8, 0x10,
  0x48, 0x44, 0x40, 0x04, 0x00, 0x04, 0xE4, 0x89, 0x1A, 0x10, 0x02, 0x40, 0x03, 0x0A,
  0x06, 0x80, 0x07, 0xE0, 0x80, 0x20, 0x08, 0x0C, 0x40, 0x00, 0x00, 0x04, 0xE0, 0x89,
  0x1A, 0x10, 0x00, 0x40, 0x02, 0x0A, 0x06, 0x80, 0x85, 0x80, 0x9C, 0x11, 0x0A, 0x68,
  0x44, 0x00, 0x00, 0x04, 0xE0, 0x8B, 0x9C, 0x02, 0x00, 0x80, 0x85, 0x80, 0xC0, 0x30,
  0x48, 0x44, 0x40, 0x04, 0x00, 0x04, 0xE4, 0x89, 0x1A, 0x10, 0x02, 0x40, 0x03, 0x0A,
  0x06, 0x80, 0x07, 0xE0, 0x80, 0x20, 0x08, 0x0C, 0x40, 0x00, 0x00, 0x04, 0xE0, 0x89,
  0x1A, 0x10, 0x00, 0x40, 0x02, 0x0A, 0x06, 0x80, 0x85, 0x80, 0x84, 0x30, 0x08, 0x6C,
  0x44, 0x00, 0x00, 0x04, 0xE0, 0x8B, 0x9C, 0x02, 0x00, 0x80, 0x85, 0x80, 0xD0, 0x30,
  0x48, 0x44, 0x40, 0x04, 0x00, 0x04, 0xE4, 0x89, 0x1A, 0x10, 0x02, 0x40, 0x03, 0x0A,
  0x06, 0x80, 0x07, 0xE0, 0x80, 0x20, 0x08, 0x0C, 0x40, 0x00, 0x00, 0x04, 0xE0, 0x89,
  0x1A, 0x10, 0x00, 0x40, 0x02, 0x0A, 0x06, 0x80, 0x85, 0x80, 0x94, 0x31, 0x08, 0x6C,
  0x44, 0x00, 0x00, 0x04, 0xE0, 0x8B, 0x9C, 0x02, 0x00, 0x80, 0x85, 0x80, 0xC8, 0x30,
  0x48, 0x44, 0x40, 0x04, 0x00, 0x04, 0xE4, 0x89, 0x1A, 0x10, 0x02, 0x40, 0x03, 0x0A,
  0x06, 0x80, 0x07, 0xE0, 0x80, 0x20, 0x08, 0x0C, 0x40, 0x00, 0x00, 0x04, 0xE0, 0x89,
  0x1A, 0x10, 0x00, 0x40, 0x02, 0x0A, 0x06, 0x80, 0x85, 0x80, 0x8C, 0x30, 0x0A, 0x6C,
  0x44, 0x00, 0x00, 0x04, 0xE0, 0x8B, 0x9C, 0x02, 0x00, 0x80, 0x85, 0x80, 0xD8, 0x30,
  0x48, 0x44, 0x40, 0x04, 0x00, 0x04, 0xE4, 0x89, 0x1A, 0x10, 0x02, 0x40, 0x03, 0x0A,
  0x06, 0x80, 0x07, 0xE0, 0x80, 0x20, 0x08, 0x0C, 0x40, 0x00, 0x00, 0x04, 0xE0, 0x89,
  0x1A, 0x10, 0x00, 0x40, 0x02, 0x0A, 0x06, 0x80, 0x85, 0x80, 0x9C, 0x31, 0x0A, 0x6C,
  0x44, 0x00, 0x00, 0x04, 0xE0, 0x8B, 0x9C, 0x02, 0x00, 0x80, 0x85, 0x80, 0xC0, 0x00,
  0x48, 0x04, 0x40, 0x04, 0x01, 0x04, 0xE4, 0x89, 0x1A, 0x10, 0x02, 0x40, 0x03, 0x0A,
  0x06, 0x80, 0x07, 0xE0, 0x80, 0x20, 0x08, 0x0C, 0x40, 0x00, 0x00, 0x04, 0xE0, 0x89,
  0x1A, 0x10, 0x00, 0x40, 0x02, 0x0A, 0x06, 0x80, 0x85, 0x81, 0x80, 0x00, 0x08, 0x08,
  0x44, 0x00, 0x01, 0x04, 0xE0, 0x8B, 0x9C, 0x02, 0x00, 0x80, 0x85, 0x80, 0xD0, 0x00,
  0x48, 0x04, 0x40, 0x04, 0x01, 0x04, 0xE4, 0x89, 0x1A, 0x10, 0x02, 0x40, 0x03, 0x0A,
  0x06, 0x80, 0x07, 0xE0, 0x80, 0x20, 0x08, 0x0C, 0x40, 0x00, 0x00, 0x04, 0xE0, 0x89,
  0x1A, 0x10, 0x00, 0x40, 0x02, 0x0A, 0x06, 0x80, 0x85, 0x81, 0x90, 0x01, 0x08, 0x08,
  0x44, 0x00, 0x01, 0x04, 0xE0, 0x8B, 0x9C, 0x02, 0x00, 0x80, 0x85, 0x80, 0xC8, 0x00,
  0x48, 0x04, 0x40, 0x04, 0x01, 0x04, 0xE4, 0x89, 0x1A, 0x10, 0x02, 0x40, 0x03, 0x0A,
  0x06, 0x80, 0x07, 0xE0, 0x80, 0x20, 0x08, 0x0C, 0x40, 0x00, 0x00, 0x04, 0xE0, 0x89,
  0x1A, 0x10, 0x00, 0x40, 0x02, 0x0A, 0x06, 0x80, 0x85, 0x81, 0x88, 0x00, 0x0A, 0x08,
  0x44, 0x00, 0x01, 0x04, 0xE0, 0x8B, 0x9C, 0x02, 0x00, 0x80, 0x85, 0x80, 0xD8, 0x00,
  0x48, 0x04, 0x40, 0x04, 0x01, 0x04, 0xE4, 0x89, 0x1A, 0x10, 0x02, 0x40, 0x03, 0x0A,
  0x06, 0x80, 0x07, 0xE0, 0x80, 0x20, 0x08, 0x0C, 0x40, 0x00, 0x00, 0x04, 0xE0, 0x89,
  0x1A, 0x10, 0x00, 0x40, 0x02, 0x0A, 0x06, 0x80, 0x85, 0x81, 0x98, 0x01, 0x0A, 0x08,
  0x44, 0x00, 0x01, 0x04, 0xE0, 0x8B, 0x9C, 0x02, 0x00, 0x80, 0x85, 0x80, 0xC0, 0x20,
  0x48, 0x04, 0x40, 0x04, 0x01, 0x04, 0xE4, 0x89, 0x1A, 0x10, 0x02, 0x40, 0x03, 0x0A,
  0x06, 0x80, 0x07, 0xE0, 0x80, 0x20, 0x08, 0x0C, 0x40, 0x00, 0x00, 0x04, 0xE0, 0x89,
  0x1A, 0x10, 0x00, 0x40, 0x02, 0x0A, 0x06, 0x80, 0x85, 0x81, 0x80, 0x20, 0x08, 0x0C,
  0x44, 0x00, 0x01, 0x04, 0xE0, 0x8B, 0x9C, 0x02, 0x00, 0x80, 0x85, 0x80, 0xD0, 0x20,
  0x48, 0x04, 0x40, 0x04, 0x01, 0x04, 0xE4, 0x89, 0x1A, 0x10, 0x02, 0x40, 0x03, 0x0A,
  0x06, 0x80, 0x07, 0xE0, 0x80, 0x20, 0x08, 0x0C, 0x40, 0x00, 0x00, 0x04, 0xE0, 0x89,
  0x1A, 0x10, 0x00, 0x40, 0x02, 0x0A, 0x06, 0x80, 0x85, 0x81, 0x90, 0x21, 0x08, 0x0C,
  0x44, 0x00, 0x01, 0x04, 0xE0, 0x8B, 0x9C, 0x02, 0x00, 0x80, 0x85, 0x80, 0xC8, 0x20,
  0x48, 0x04, 0x40, 0x04, 0x01, 0x04, 0xE4, 0x89, 0x1A, 0x10, 0x02, 0x40, 0x03, 0x0A,
  0x06, 0x80, 0x07, 0xE0, 0x80, 0x20, 0x08, 0x0C, 0x40, 0x00, 0x00, 0x04, 0xE0, 0x89,
  0x1A, 0x10, 0x00, 0x40, 0x02, 0x0A, 0x06, 0x80, 0x85, 0x81, 0x88, 0x20, 0x0A, 0x0C,
  0x44, 0x00, 0x01, 0x04, 0xE0, 0x8B, 0x9C, 0x02, 0x00, 0x80, 0x85, 0x80, 0xD8, 0x20,
  0x48, 0x04, 0x40, 0x04, 0x01, 0x04, 0xE4, 0x89, 0x1A, 0x10, 0x02, 0x40, 0x03, 0x0A,
  0x06, 0x80, 0x07, 0xE0, 0x80, 0x20, 0x08, 0x0C, 0x40, 0x00, 0x00, 0x04, 0xE0, 0x89,
  0x1A, 0x10, 0x00, 0x40, 0x02, 0x0A, 0x06, 0x80, 0x85, 0x81, 0x98, 0x21, 0x0A, 0x0C,
  0x44, 0x00, 0x01, 0x04, 0xE0, 0x8B, 0x9C, 0x02, 0x00, 0x80, 0x1C, 0x98, 0x00, 0x10,
  0x00, 0x00, 0x00, 0x00, 0x00, 0x00, 0x00, 0x00, 0x00, 0x00, 0x00, 0x80, 0x1A, 0x08,
  0x00, 0x02, 0x15, 0x82, 0x06, 0x80, 0x1A, 0x08, 0x09, 0x02, 0x15, 0x02, 0x06, 0x80,
  0x1A, 0x08, 0x50, 0x02, 0x15, 0x02, 0x06, 0x80, 0x1A, 0x08, 0x59, 0x02, 0x15, 0x02,
  0x06, 0x80, 0x1A, 0x08, 0x00, 0x42, 0x17, 0x02, 0x06, 0x80, 0x1A, 0x08, 0x09, 0x42,
  0x17, 0x02, 0x06, 0x80, 0x1A, 0x08, 0x50, 0x42, 0x17, 0x02, 0x06, 0x80, 0x1A, 0x08,
  0x59, 0x42, 0x17, 0x02, 0x06, 0x80, 0x1A, 0x08, 0x00, 0x02, 0xC1, 0x02, 0x06, 0x80,
  0x1A, 0x08, 0x09, 0x02, 0xC1, 0x02, 0x06, 0x80, 0x1A, 0x08, 0x50, 0x02, 0xC1, 0x02,
  0x06, 0x80, 0x1A, 0x08, 0x59, 0x02, 0xC1, 0x02, 0x06, 0x80, 0x1A, 0x08, 0x00, 0x42,
  0xC3, 0x02, 0x06, 0x80, 0x1A, 0x08, 0x09, 0x42, 0xC3, 0x02, 0x06, 0x80, 0x1A, 0x08,
  0x50, 0x42, 0xC3, 0x02, 0x06, 0x80, 0x1A, 0x08, 0x59, 0x42, 0xC3, 0x02, 0x06, 0x80,
  0x1A, 0x08, 0x00, 0x02, 0xD5, 0x02, 0x06, 0x80, 0x1A, 0x08, 0x09, 0x02, 0xD5, 0x02,
  0x06, 0x80, 0x1A, 0x08, 0x50, 0x02, 0xD5, 0x02, 0x06, 0x80, 0x1A, 0x08, 0x59, 0x02,
  0xD5, 0x02, 0x06, 0x80, 0x1A, 0x08, 0x00, 0x42, 0xD7, 0x02, 0x06, 0x80, 0x1A, 0x08,
  0x09, 0x42, 0xD7, 0x02, 0x06, 0x80, 0x1A, 0x08, 0x50, 0x42, 0xD7, 0x02, 0x06, 0x80,
  0x1A, 0x08, 0x59, 0x42, 0xD7, 0x02, 0x06, 0x80, 0x1A, 0x08, 0x00, 0x26, 0x01, 0x02,
  0x06, 0x80, 0x1A, 0x08, 0x09, 0x26, 0x01, 0x02, 0x06, 0x80, 0x1A, 0x08, 0x50, 0x26,
  0x01, 0x02, 0x06, 0x80, 0x1A, 0x08, 0x59, 0x26, 0x01, 0x02, 0x06, 0x80, 0x1A, 0x08,
  0x00, 0x66, 0x03, 0x02, 0x06, 0x80, 0x1A, 0x08, 0x09, 0x66, 0x03, 0x02, 0x06, 0x80,
  0x1A, 0x08, 0x50, 0x66, 0x03, 0x02, 0x06, 0x80, 0x1A, 0x18, 0x59, 0x66, 0x03, 0x0A,
  0x06, 0x80, 0x1C, 0x38, 0x00, 0x00, 0x00, 0x00, 0x00, 0x00, 0x00, 0x00, 0x00, 0x00,
  0x00, 0x00, 0x00, 0x80, 0x38, 0x34, 0xD3, 0x59, 0x11, 0x0C, 0x86, 0x25, 0x58, 0xE2,
  0x00, 0x9B, 0x70, 0x6F, 0x92, 0x02, 0x99, 0x60, 0x94, 0x01, 0x90, 0x4A, 0x06, 0x04,
  0x08, 0x00, 0x04, 0x85, 0x1C, 0x38, 0x01, 0x10, 0x80, 0x88, 0x00, 0x00, 0x00, 0x00,
  0x00, 0x00, 0x00, 0x00, 0x00, 0x80, 0x00, 0x4C, 0x98, 0x10, 0x31, 0x21, 0xB0, 0x09,
  0x90, 0x0A, 0x06, 0x04, 0x00, 0x00, 0x00, 0x85, 0x00, 0xCC, 0x98, 0x00, 0x21, 0x21,
  0xB1, 0x09, 0x90, 0x4A, 0x16, 0x04, 0x00, 0x00, 0x00, 0x85, 0x50, 0xEE, 0x82, 0x10,
  0x39, 0xE0, 0x94, 0x05, 0x90, 0x1A, 0x06, 0x04, 0x00, 0x00, 0x00, 0x85, 0x1C, 0x78,
  0x00, 0x10, 0x80, 0x82, 0x00, 0x20, 0x00, 0x00, 0x00, 0x00, 0x00, 0x00, 0x00, 0x80,
  0x9C, 0x02, 0x00, 0x00, 0x00, 0x00, 0x20, 0x80, 0x70, 0x6E, 0x92, 0x10, 0x19, 0x60,
  0x94, 0x05, 0x90, 0x0A, 0x06, 0x04, 0x00, 0x00, 0x00, 0x85, 0x07, 0x88, 0x00, 0x00,
  0x08, 0x28, 0x40, 0x48, 0x20, 0x00, 0x00, 0x88, 0x07, 0x88, 0x00, 0x00, 0x08, 0x2C,
  0x40, 0x48, 0x00, 0x00, 0x00, 0x88, 0x07, 0x88, 0x04, 0x00, 0x08, 0x08, 0x40, 0x48,
  0x00, 0x00, 0x00, 0x88, 0x07, 0x88, 0x04, 0x00, 0x08, 0x0C, 0x40, 0x48, 0x00, 0x00,
  0x00, 0x88, 0x07, 0x88, 0x04, 0x00, 0x08, 0x28, 0x40, 0x48, 0x00, 0x00, 0x00, 0x88,
  0x07, 0x88, 0x04, 0x00, 0x08, 0x2C, 0x40, 0x48, 0x00, 0x00, 0x00, 0x88, 0x07, 0x89,
  0x00, 0x00, 0x08, 0x08, 0x40, 0x48, 0x00, 0x00, 0x00, 0x88, 0x07, 0x89, 0x80, 0x00,
  0x08, 0x0C, 0x40, 0x48, 0x00, 0x00, 0x20, 0x88, 0x70, 0x6E, 0x92, 0x10, 0x79, 0x61,
  0xD4, 0x05, 0x90, 0x0A, 0x06, 0x04, 0x00, 0x00, 0x00, 0x85, 0x17, 0x88, 0x00, 0x00,
  0x08, 0x28, 0x40, 0x48, 0x20, 0x00, 0x00, 0x88, 0x17, 0x88, 0x00, 0x00, 0x08, 0x2C,
  0x40, 0x48, 0x00, 0x00, 0x00, 0x88, 0x17, 0x88, 0x04, 0x00, 0x08, 0x08, 0x40, 0x48,
  0x00, 0x00, 0x00, 0x88, 0x17, 0x88, 0x04, 0x00, 0x08, 0x0C, 0x40, 0x48, 0x00, 0x00,
  0x00, 0x88, 0x17, 0x88, 0x04, 0x00, 0x08, 0x28, 0x40, 0x48, 0x00, 0x00, 0x00, 0x88,
  0x17, 0x88, 0x04, 0x00, 0x08, 0x2C, 0x40, 0x48, 0x00, 0x00, 0x00, 0x88, 0x17, 0x89,
  0x00, 0x00, 0x08, 0x08, 0x40, 0x48, 0x00, 0x00, 0x00, 0x88, 0x17, 0x89, 0x80, 0x00,
  0x08, 0x0C, 0x40, 0x48, 0x00, 0x00, 0x20, 0x88, 0x70, 0xEE, 0x92, 0x10, 0x79, 0x60,
  0xD4, 0x05, 0x90, 0x0A, 0x06, 0x04, 0x00, 0x00, 0x00, 0x85, 0x07, 0x88, 0x01, 0x00,
  0x08, 0x28, 0x40, 0x48, 0x20, 0x00, 0x00, 0x88, 0x07, 0x88, 0x01, 0x00, 0x08, 0x2C,
  0x40, 0x48, 0x00, 0x00, 0x00, 0x88, 0x07, 0x88, 0x05, 0x00, 0x08, 0x08, 0x40, 0x48,
  0x00, 0x00, 0x00, 0x88, 0x07, 0x88, 0x05, 0x00, 0x08, 0x0C, 0x40, 0x48, 0x00, 0x00,
  0x00, 0x88, 0x07, 0x88, 0x05, 0x00, 0x08, 0x28, 0x40, 0x48, 0x00, 0x00, 0x00, 0x88,
  0x07, 0x88, 0x05, 0x00, 0x08, 0x2C, 0x40, 0x48, 0x00, 0x00, 0x00, 0x88, 0x07, 0x89,
  0x01, 0x00, 0x08, 0x08, 0x40, 0x48, 0x00, 0x00, 0x00, 0x88, 0x07, 0x89, 0x81, 0x00,
  0x08, 0x0C, 0x40, 0x48, 0x00, 0x00, 0x20, 0x88, 0x70, 0x6E, 0x92, 0x10, 0x19, 0xE0,
  0xD4, 0x05, 0x90, 0x0A, 0x06, 0x04, 0x00, 0x00, 0x00, 0x85, 0x17, 0x88, 0x01, 0x00,
  0x08, 0x28, 0x40, 0x48, 0x20, 0x00, 0x00, 0x88, 0x17, 0x88, 0x01, 0x00, 0x08, 0x2C,
  0x40, 0x48, 0x00, 0x00, 0x00, 0x88, 0x17, 0x88, 0x05, 0x00, 0x08, 0x08, 0x40, 0x48,
  0x00, 0x00, 0x00, 0x88, 0x17, 0x88, 0x05, 0x00, 0x08, 0x0C, 0x40, 0x48, 0x00, 0x00,
  0x00, 0x88, 0x17, 0x88, 0x05, 0x00, 0x08, 0x28, 0x40, 0x48, 0x00, 0x00, 0x00, 0x88,
  0x17, 0x88, 0x05, 0x00, 0x08, 0x2C, 0x40, 0x48, 0x00, 0x00, 0x00, 0x88, 0x17, 0x89,
  0x01, 0x00, 0x08, 0x08, 0x40, 0x48, 0x00, 0x00, 0x00, 0x88, 0x17, 0x89, 0x81, 0x00,
  0x08, 0x0C, 0x40, 0x48, 0x00, 0x00, 0x20, 0x88, 0x50, 0x6E, 0x82, 0x10, 0x59, 0x61,
  0x94, 0x05, 0x90, 0x1A, 0x06, 0x04, 0x00, 0x00, 0x00, 0x85, 0x07, 0x88, 0x00, 0x01,
  0x08, 0x28, 0x40, 0x48, 0x20, 0x00, 0x00, 0x88, 0x07, 0x88, 0x00, 0x01, 0x08, 0x2C,
  0x40, 0x48, 0x00, 0x00, 0x00, 0x88, 0x07, 0x88, 0x04, 0x01, 0x08, 0x08, 0x40, 0x48,
  0x00, 0x00, 0x00, 0x88, 0x07, 0x88, 0x04, 0x01, 0x08, 0x0C, 0x40, 0x48, 0x00, 0x00,
  0x00, 0x88, 0x07, 0x88, 0x04, 0x01, 0x08, 0x28, 0x40, 0x48, 0x00, 0x00, 0x00, 0x88,
  0x07, 0x88, 0x04, 0x01, 0x08, 0x2C, 0x40, 0x48, 0x00, 0x00, 0x00, 0x88, 0x07, 0x89,
  0x00, 0x01, 0x08, 0x08, 0x40, 0x48, 0x00, 0x00, 0x00, 0x88, 0x07, 0x89, 0x80, 0x01,
  0x08, 0x0C, 0x40, 0x48, 0x00, 0x00, 0x20, 0x88, 0x50, 0xEE, 0x82, 0x10, 0x59, 0x61,
  0x94, 0x05, 0x90, 0x1A, 0x06, 0x04, 0x00, 0x00, 0x00, 0x85, 0x17, 0x88, 0x00, 0x01,
  0x08, 0x28, 0x40, 0x48, 0x20, 0x00, 0x00, 0x88, 0x17, 0x88, 0x00, 0x01, 0x08, 0x2C,
  0x40, 0x48, 0x00, 0x00, 0x00, 0x88, 0x17, 0x88, 0x04, 0x01, 0x08, 0x08, 0x40, 0x48,
  0x00, 0x00, 0x00, 0x88, 0x17, 0x88, 0x04, 0x01, 0x08, 0x0C, 0x40, 0x48, 0x00, 0x00,
  0x00, 0x88, 0x17, 0x88, 0x04, 0x01, 0x08, 0x28, 0x40, 0x48, 0x00, 0x00, 0x00, 0x88,
  0x17, 0x88, 0x04, 0x01, 0x08, 0x2C, 0x40, 0x48, 0x00, 0x00, 0x00, 0x88, 0x17, 0x89,
  0x00, 0x01, 0x08, 0x08, 0x40, 0x48, 0x00, 0x00, 0x00, 0x88, 0x17, 0x89, 0x80, 0x01,
  0x08, 0x0C, 0x40, 0x48, 0x00, 0x00, 0x20, 0x88, 0x50, 0x6E, 0x82, 0x10, 0x39, 0x61,
  0x94, 0x05, 0x90, 0x1A, 0x06, 0x04, 0x00, 0x00, 0x00, 0x85, 0x07, 0x88, 0x01, 0x01,
  0x08, 0x28, 0x40, 0x48, 0x20, 0x00, 0x00, 0x88, 0x07, 0x88, 0x01, 0x01, 0x08, 0x2C,
  0x40, 0x48, 0x00, 0x00, 0x00, 0x88, 0x07, 0x88, 0x05, 0x01, 0x08, 0x08, 0x40, 0x48,
  0x00, 0x00, 0x00, 0x88, 0x07, 0x88, 0x05, 0x01, 0x08, 0x0C, 0x40, 0x48, 0x00, 0x00,
  0x00, 0x88, 0x07, 0x88, 0x05, 0x01, 0x08, 0x28, 0x40, 0x48, 0x00, 0x00, 0x00, 0x88,
  0x07, 0x88, 0x05, 0x01, 0x08, 0x2C, 0x40, 0x48, 0x00, 0x00, 0x00, 0x88, 0x07, 0x89,
  0x01, 0x01, 0x08, 0x08, 0x40, 0x48, 0x00, 0x00, 0x00, 0x88, 0x07, 0x89, 0x81, 0x01,
  0x08, 0x0C, 0x40, 0x48, 0x00, 0x00, 0x20, 0x88, 0x50, 0xEE, 0x82, 0x10, 0x39, 0x61,
  0x94, 0x05, 0x90, 0x1A, 0x06, 0x04, 0x00, 0x00, 0x00, 0x85, 0x17, 0x88, 0x01, 0x01,
  0x08, 0x28, 0x40, 0x48, 0x20, 0x00, 0x00, 0x88, 0x17, 0x88, 0x01, 0x01, 0x08, 0x2C,
  0x40, 0x48, 0x00, 0x00, 0x00, 0x88, 0x17, 0x88, 0x05, 0x01, 0x08, 0x08, 0x40, 0x48,
  0x00, 0x00, 0x00, 0x88, 0x17, 0x88, 0x05, 0x01, 0x08, 0x0C, 0x40, 0x48, 0x00, 0x00,
  0x00, 0x88, 0x17, 0x88, 0x05, 0x01, 0x08, 0x28, 0x40, 0x48, 0x00, 0x00, 0x00, 0x88,
  0x17, 0x88, 0x05, 0x01, 0x08, 0x2C, 0x40, 0x48, 0x00, 0x00, 0x00, 0x88, 0x17, 0x89,
  0x01, 0x01, 0x08, 0x08, 0x40, 0x48, 0x00, 0x00, 0x00, 0x88, 0x17, 0x89, 0x81, 0x01,
  0x08, 0x0C, 0x40, 0x48, 0x00, 0x00, 0x20, 0x88, 0x50, 0x6E, 0x82, 0x10, 0x79, 0x61,
  0x94, 0x05, 0x90, 0x1A, 0x06, 0x04, 0x00, 0x00, 0x00, 0x85, 0x07, 0x88, 0x00, 0x00,
  0x0A, 0x28, 0x40, 0x48, 0x20, 0x00, 0x00, 0x88, 0x07, 0x88, 0x00, 0x00, 0x0A, 0x2C,
  0x40, 0x48, 0x00, 0x00, 0x00, 0x88, 0x07, 0x88, 0x04, 0x00, 0x0A, 0x08, 0x40, 0x48,
  0x00, 0x00, 0x00, 0x88, 0x07, 0x88, 0x04, 0x00, 0x0A, 0x0C, 0x40, 0x48, 0x00, 0x00,
  0x00, 0x88, 0x07, 0x88, 0x04, 0x00, 0x0A, 0x28, 0x40, 0x48, 0x00, 0x00, 0x00, 0x88,
  0x07, 0x88, 0x04, 0x00, 0x0A, 0x2C, 0x40, 0x48, 0x00, 0x00, 0x00, 0x88, 0x07, 0x89,
  0x00, 0x00, 0x0A, 0x08, 0x40, 0x48, 0x00, 0x00, 0x00, 0x88, 0x07, 0x89, 0x80, 0x00,
  0x0A, 0x0C, 0x40, 0x48, 0x00, 0x00, 0x20, 0x88, 0x50, 0xEE, 0x82, 0x10, 0x79, 0x61,
  0x94, 0x05, 0x90, 0x1A, 0x06, 0x04, 0x00, 0x00, 0x00, 0x85, 0x17, 0x88, 0x00, 0x00,
  0x0A, 0x28, 0x40, 0x48, 0x20, 0x00, 0x00, 0x88, 0x17, 0x88, 0x00, 0x00, 0x0A, 0x2C,
  0x40, 0x48, 0x00, 0x00, 0x00, 0x88, 0x17, 0x88, 0x04, 0x00, 0x0A, 0x08, 0x40, 0x48,
  0x00, 0x00, 0x00, 0x88, 0x17, 0x88, 0x04, 0x00, 0x0A, 0x0C, 0x40, 0x48, 0x00, 0x00,
  0x00, 0x88, 0x17, 0x88, 0x04, 0x00, 0x0A, 0x28, 0x40, 0x48, 0x00, 0x00, 0x00, 0x88,
  0x17, 0x88, 0x04, 0x00, 0x0A, 0x2C, 0x40, 0x48, 0x00, 0x00, 0x00, 0x88, 0x17, 0x89,
  0x00, 0x00, 0x0A, 0x08, 0x40, 0x48, 0x00, 0x00, 0x00, 0x88, 0x17, 0x89, 0x80, 0x00,
  0x0A, 0x0C, 0x40, 0x48, 0x00, 0x00, 0x20, 0x88, 0x50, 0x6E, 0x82, 0x10, 0x19, 0xE0,
  0x94, 0x05, 0x90, 0x1A, 0x06, 0x04, 0x00, 0x00, 0x00, 0x85, 0x07, 0x88, 0x01, 0x00,
  0x0A, 0x28, 0x40, 0x48, 0x20, 0x00, 0x00, 0x88, 0x07, 0x88, 0x01, 0x00, 0x0A, 0x2C,
  0x40, 0x48, 0x00, 0x00, 0x00, 0x88, 0x07, 0x88, 0x05, 0x00, 0x0A, 0x08, 0x40, 0x48,
  0x00, 0x00, 0x00, 0x88, 0x07, 0x88, 0x05, 0x00, 0x0A, 0x0C, 0x40, 0x48, 0x00, 0x00,
  0x00, 0x88, 0x07, 0x88, 0x05, 0x00, 0x0A, 0x28, 0x40, 0x48, 0x00, 0x00, 0x00, 0x88,
  0x07, 0x88, 0x05, 0x00, 0x0A, 0x2C, 0x40, 0x48, 0x00, 0x00, 0x00, 0x88, 0x07, 0x89,
  0x01, 0x00, 0x0A, 0x08, 0x40, 0x48, 0x00, 0x00, 0x00, 0x88, 0x07, 0x89, 0x81, 0x00,
  0x0A, 0x0C, 0x40, 0x48, 0x00, 0x00, 0x20, 0x88, 0x50, 0xEE, 0x82, 0x10, 0x19, 0xE0,
  0x94, 0x05, 0x90, 0x1A, 0x06, 0x04, 0x00, 0x00, 0x00, 0x85, 0x17, 0x88, 0x01, 0x00,
  0x0A, 0x28, 0x40, 0x48, 0x20, 0x00, 0x00, 0x88, 0x17, 0x88, 0x01, 0x00, 0x0A, 0x2C,
  0x40, 0x48, 0x00, 0x00, 0x00, 0x88, 0x17, 0x88, 0x05, 0x00, 0x0A, 0x08, 0x40, 0x48,
  0x00, 0x00, 0x00, 0x88, 0x17, 0x88, 0x05, 0x00, 0x0A, 0x0C, 0x40, 0x48, 0x00, 0x00,
  0x00, 0x88, 0x17, 0x88, 0x05, 0x00, 0x0A, 0x28, 0x40, 0x48, 0x00, 0x00, 0x00, 0x88,
  0x17, 0x88, 0x05, 0x00, 0x0A, 0x2C, 0x40, 0x48, 0x00, 0x00, 0x00, 0x88, 0x17, 0x89,
  0x01, 0x00, 0x0A, 0x08, 0x40, 0x48, 0x00, 0x00, 0x00, 0x88, 0x17, 0x89, 0x81, 0x00,
  0x0A, 0x0C, 0x40, 0x48, 0x00, 0x00, 0x20, 0x88, 0x50, 0x6E, 0x82, 0x10, 0x59, 0xE0,
  0x94, 0x05, 0x90, 0x1A, 0x06, 0x04, 0x00, 0x00, 0x00, 0x85, 0x07, 0x88, 0x00, 0x01,
  0x0A, 0x28, 0x40, 0x48, 0x20, 0x00, 0x00, 0x88, 0x07, 0x88, 0x00, 0x01, 0x0A, 0x2C,
  0x40, 0x48, 0x00, 0x00, 0x00, 0x88, 0x07, 0x88, 0x04, 0x01, 0x0A, 0x08, 0x40, 0x48,
  0x00, 0x00, 0x00, 0x88, 0x07, 0x88, 0x04, 0x01, 0x0A, 0x0C, 0x40, 0x48, 0x00, 0x00,
  0x00, 0x88, 0x07, 0x88, 0x04, 0x01, 0x0A, 0x28, 0x40, 0x48, 0x00, 0x00, 0x00, 0x88,
  0x07, 0x88, 0x04, 0x01, 0x0A, 0x2C, 0x40, 0x48, 0x00, 0x00, 0x00, 0x88, 0x07, 0x89,
  0x00, 0x01, 0x0A, 0x08, 0x40, 0x48, 0x00, 0x00, 0x00, 0x88, 0x07, 0x89, 0x80, 0x01,
  0x0A, 0x0C, 0x40, 0x48, 0x00, 0x00, 0x20, 0x88, 0x50, 0xEE, 0x82, 0x10, 0x59, 0xE0,
  0x94, 0x05, 0x90, 0x1A, 0x06, 0x04, 0x00, 0x00, 0x00, 0x85, 0x17, 0x88, 0x00, 0x01,
  0x0A, 0x28, 0x40, 0x48, 0x20, 0x00, 0x00, 0x88, 0x17, 0x88, 0x00, 0x01, 0x0A, 0x2C,
  0x40, 0x48, 0x00, 0x00, 0x00, 0x88, 0x17, 0x88, 0x04, 0x01, 0x0A, 0x08, 0x40, 0x48,
  0x00, 0x00, 0x00, 0x88, 0x17, 0x88, 0x04, 0x01, 0x0A, 0x0C, 0x40, 0x48, 0x00, 0x00,
  0x00, 0x88, 0x17, 0x88, 0x04, 0x01, 0x0A, 0x28, 0x40, 0x48, 0x00, 0x00, 0x00, 0x88,
  0x17, 0x88, 0x04, 0x01, 0x0A, 0x2C, 0x40, 0x48, 0x00, 0x00, 0x00, 0x88, 0x17, 0x89,
  0x00, 0x01, 0x0A, 0x08, 0x40, 0x48, 0x00, 0x00, 0x00, 0x88, 0x17, 0x89, 0x80, 0x01,
  0x0A, 0x0C, 0x40, 0x48, 0x00, 0x00, 0x20, 0x88, 0x50, 0x6E, 0x82, 0x10, 0x39, 0xE0,
  0x94, 0x05, 0x90, 0x1A, 0x06, 0x04, 0x00, 0x00, 0x00, 0x85, 0x07, 0x88, 0x01, 0x01,
  0x0A, 0x28, 0x40, 0x48, 0x20, 0x00, 0x00, 0x88, 0x07, 0x88, 0x01, 0x01, 0x0A, 0x2C,
  0x40, 0x48, 0x00, 0x00, 0x00, 0x88, 0x07, 0x88, 0x05, 0x01, 0x0A, 0x08, 0x40, 0x48,
  0x00, 0x00, 0x00, 0x88, 0x07, 0x88, 0x05, 0x01, 0x0A, 0x0C, 0x40, 0x48, 0x00, 0x00,
  0x00, 0x88, 0x07, 0x88, 0x05, 0x01, 0x0A, 0x28, 0x40, 0x48, 0x00, 0x00, 0x00, 0x88,
  0x07, 0x88, 0x05, 0x01, 0x0A, 0x2C, 0x40, 0x48, 0x00, 0x00, 0x00, 0x88, 0x07, 0x89,
  0x01, 0x01, 0x0A, 0x08, 0x40, 0x48, 0x00, 0x00, 0x00, 0x88, 0x07, 0x89, 0x81, 0x01,
  0x0A, 0x0C, 0x40, 0x48, 0x00, 0x00, 0x20, 0x88, 0x50, 0xEE, 0x82, 0x10, 0x39, 0xE0,
  0x94, 0x05, 0x90, 0x1A, 0x06, 0x04, 0x00, 0x00, 0x00, 0x85, 0x17, 0x88, 0x01, 0x01,
  0x0A, 0x28, 0x40, 0x48, 0x20, 0x00, 0x00, 0x88, 0x17, 0x88, 0x01, 0x01, 0x0A, 0x2C,
  0x40, 0x48, 0x00, 0x00, 0x00, 0x88, 0x17, 0x88, 0x05, 0x01, 0x0A, 0x08, 0x40, 0x48,
  0x00, 0x00, 0x00, 0x88, 0x17, 0x88, 0x05, 0x01, 0x0A, 0x0C, 0x40, 0x48, 0x00, 0x00,
  0x00, 0x88, 0x17, 0x88, 0x05, 0x01, 0x0A, 0x28, 0x40, 0x48, 0x00, 0x00, 0x00, 0x88,
  0x17, 0x88, 0x05, 0x01, 0x0A, 0x2C, 0x40, 0x48, 0x00, 0x00, 0x00, 0x88, 0x17, 0x89,
  0x01, 0x01, 0x0A, 0x08, 0x40, 0x48, 0x00, 0x00, 0x00, 0x88, 0x17, 0x89, 0x81, 0x01,
  0x0A, 0x0C, 0x40, 0x48, 0x00, 0x00, 0x20, 0x88, 0x40, 0xCC, 0x9B, 0x10, 0x41, 0x21,
  0xB0, 0x09, 0x90, 0x0A, 0x06, 0x04, 0x00, 0x00, 0x00, 0x85, 0x40, 0xCC, 0x9B, 0x00,
  0x31, 0x21, 0xB0, 0x09, 0x90, 0x4A, 0x16, 0x04, 0x00, 0x00, 0x00, 0x85, 0x50, 0x6E,
  0x82, 0x10, 0x39, 0xE0, 0x94, 0x05, 0x90, 0x1A, 0x06, 0x04, 0x00, 0x00, 0x00, 0x85,
  0x1C, 0x78, 0x00, 0x00, 0x80, 0x80, 0x00, 0x20, 0x00, 0x00, 0x00, 0x00, 0x00, 0x00,
  0x00, 0x80, 0x9C, 0x02, 0x00, 0x00, 0x00, 0x00, 0x20, 0x80, 0x70, 0x6E, 0x92, 0x10,
  0x19, 0x60, 0x94, 0x05, 0x90, 0x0A, 0x06, 0x04, 0x00, 0x00, 0x00, 0x85, 0x07, 0x88,
  0x00, 0x00, 0x08, 0x28, 0x40, 0x48, 0x20, 0x00, 0xC0, 0x88, 0x07, 0x88, 0x00, 0x01,
  0x08, 0x28, 0x40, 0x48, 0x00, 0x00, 0xC0, 0x88, 0x07, 0x88, 0x00, 0x00, 0x0A, 0x28,
  0x40, 0x48, 0x00, 0x00, 0xC0, 0x88, 0x07, 0x88, 0x80, 0x01, 0x0A, 0x28, 0x40, 0x48,
  0x00, 0x00, 0xE0, 0x88, 0x70, 0xEE, 0x92, 0x10, 0x79, 0x60, 0xD4, 0x05, 0x90, 0x0A,
  0x06, 0x04, 0x00, 0x00, 0x00, 0x85, 0x07, 0x88, 0x00, 0x00, 0x08, 0x2C, 0x40, 0x48,
  0x20, 0x00, 0xC0, 0x88, 0x07, 0x88, 0x00, 0x01, 0x08, 0x2C, 0x40, 0x48, 0x00, 0x00,
  0xC0, 0x88, 0x07, 0x88, 0x00, 0x00, 0x0A, 0x2C, 0x40, 0x48, 0x00, 0x00, 0xC0, 0x88,
  0x07, 0x88, 0x80, 0x01, 0x0A, 0x2C, 0x40, 0x48, 0x00, 0x00, 0xE0, 0x88, 0x50, 0x6E,
  0x82, 0x10, 0x59, 0x61, 0x94, 0x05, 0x90, 0x1A, 0x06, 0x04, 0x00, 0x00, 0x00, 0x85,
  0x07, 0x88, 0x04, 0x00, 0x08, 0x08, 0x40, 0x48, 0x20, 0x00, 0xC0, 0x88, 0x07, 0x88,
  0x04, 0x01, 0x08, 0x08, 0x40, 0x48, 0x00, 0x00, 0xC0, 0x88, 0x07, 0x88, 0x04, 0x00,
  0x0A, 0x08, 0x40, 0x48, 0x00, 0x00, 0xC0, 0x88, 0x07, 0x88, 0x84, 0x01, 0x0A, 0x08,
  0x40, 0x48, 0x00, 0x00, 0xE0, 0x88, 0x50, 0x6E, 0x82, 0x10, 0x39, 0x61, 0x94, 0x05,
  0x90, 0x1A, 0x06, 0x04, 0x00, 0x00, 0x00, 0x85, 0x07, 0x88, 0x04, 0x00, 0x08, 0x0C,
  0x40, 0x48, 0x20, 0x00, 0xC0, 0x88, 0x07, 0x88, 0x04, 0x01, 0x08, 0x0C, 0x40, 0x48,
  0x00, 0x00, 0xC0, 0x88, 0x07, 0x88, 0x04, 0x00, 0x0A, 0x0C, 0x40, 0x48, 0x00, 0x00,
  0xC0, 0x88, 0x07, 0x88, 0x84, 0x01, 0x0A, 0x0C, 0x40, 0x48, 0x00, 0x00, 0xE0, 0x88,
  0x50, 0x6E, 0x82, 0x10, 0x79, 0x61, 0x94, 0x05, 0x90, 0x1A, 0x06, 0x04, 0x00, 0x00,
  0x00, 0x85, 0x07, 0x88, 0x04, 0x00, 0x08, 0x28, 0x40, 0x48, 0x20, 0x00, 0xC0, 0x88,
  0x07, 0x88, 0x04, 0x01, 0x08, 0x28, 0x40, 0x48, 0x00, 0x00, 0xC0, 0x88, 0x07, 0x88,
  0x04, 0x00, 0x0A, 0x28, 0x40, 0x48, 0x00, 0x00, 0xC0, 0x88, 0x07, 0x88, 0x84, 0x01,
  0x0A, 0x28, 0x40, 0x48, 0x00, 0x00, 0xE0, 0x88, 0x50, 0x6E, 0x82, 0x10, 0x19, 0xE0,
  0x94, 0x05, 0x90, 0x1A, 0x06, 0x04, 0x00, 0x00, 0x00, 0x85, 0x07, 0x88, 0x04, 0x00,
  0x08, 0x2C, 0x40, 0x48, 0x20, 0x00, 0xC0, 0x88, 0x07, 0x88, 0x04, 0x01, 0x08, 0x2C,
  0x40, 0x48, 0x00, 0x00, 0xC0, 0x88, 0x07, 0x88, 0x04, 0x00, 0x0A, 0x2C, 0x40, 0x48,
  0x00, 0x00, 0xC0, 0x88, 0x07, 0x88, 0x84, 0x01, 0x0A, 0x2C, 0x40, 0x48, 0x00, 0x00,
  0xE0, 0x88, 0x50, 0x6E, 0x82, 0x10, 0x59, 0xE0, 0x94, 0x05, 0x90, 0x1A, 0x06, 0x04,
  0x00, 0x00, 0x00, 0x85, 0x07, 0x89, 0x00, 0x00, 0x08, 0x08, 0x40, 0x48, 0x20, 0x00,
  0xC0, 0x88, 0x07, 0x89, 0x00, 0x01, 0x08, 0x08, 0x40, 0x48, 0x00, 0x00, 0xC0, 0x88,
  0x07, 0x89, 0x00, 0x00, 0x0A, 0x08, 0x40, 0x48, 0x00, 0x00, 0xC0, 0x88, 0x07, 0x89,
  0x80, 0x01, 0x0A, 0x08, 0x40, 0x48, 0x00, 0x00, 0xE0, 0x88, 0x50, 0x6E, 0x82, 0x10,
  0x39, 0xE0, 0x94, 0x05, 0x90, 0x1A, 0x06, 0x04, 0x00, 0x00, 0x00, 0x85, 0x07, 0x89,
  0x00, 0x00, 0x08, 0x0C, 0x40, 0x48, 0x20, 0x00, 0xC0, 0x88, 0x07, 0x89, 0x00, 0x01,
  0x08, 0x0C, 0x40, 0x48, 0x00, 0x00, 0xC0, 0x88, 0x07, 0x89, 0x00, 0x00, 0x0A, 0x0C,
  0x40, 0x48, 0x00, 0x00, 0xC0, 0x88, 0x07, 0x89, 0x80, 0x01, 0x0A, 0x0C, 0x40, 0x48,
  0x00, 0x00, 0xE0, 0x88, 0x70, 0xEF, 0x92, 0x02, 0xB9, 0x61, 0xD4, 0x01, 0x90, 0x4A,
  0x06, 0x04, 0x00, 0x00, 0x00, 0x85, 0x1C, 0x98, 0x01, 0x00, 0x80, 0x80, 0x00, 0x00,
  0x00, 0x00, 0x00, 0x00, 0x00, 0x00, 0x00, 0x80, 0x9C, 0x02, 0x00, 0x00, 0x00, 0x00,
  0x20, 0x80, 0x13, 0xA0, 0x01, 0x13, 0x8A, 0x18, 0x61, 0x50, 0x60, 0x04, 0xC0, 0x8D,
  0x13, 0xA0, 0x01, 0x32, 0xA8, 0x1C, 0x61, 0x50, 0x40, 0x04, 0xC0, 0x8D, 0x13, 0xA0,
  0x01, 0x03, 0x08, 0x5C, 0x69, 0x50, 0x40, 0x04, 0xC0, 0x8D, 0x13, 0xA0, 0x01, 0x22,
  0x2A, 0x5C, 0x69, 0x50, 0x40, 0x04, 0xC0, 0x8D, 0x53, 0xB0, 0x19, 0x09, 0x8A, 0x18,
  0x61, 0x40, 0x40, 0x04, 0xC0, 0x8D, 0x53, 0xB0, 0x01, 0x28, 0xA8, 0x1C, 0x61, 0x40,
  0x40, 0x04, 0xC0, 0x8D, 0x53, 0xB0, 0x11, 0x29, 0x08, 0x1C, 0x69, 0x40, 0x40, 0x04,
  0xC0, 0x8D, 0x53, 0xB0, 0x09, 0x28, 0x2A, 0x1C, 0x69, 0x40, 0x40, 0x04, 0xC0, 0x8D,
  0x53, 0xB0, 0x19, 0x0B, 0x8A, 0x18, 0x61, 0x40, 0x40, 0x04, 0xC0, 0x8D, 0x53, 0xB0,
  0x01, 0x2A, 0xA8, 0x1C, 0x61, 0x40, 0x40, 0x04, 0xC0, 0x8D, 0x53, 0xB0, 0x11, 0x2B,
  0x08, 0x1C, 0x69, 0x40, 0x40, 0x04, 0xC0, 0x8D, 0x53, 0xB0, 0x09, 0x2A, 0x2A, 0x1C,
  0x69, 0x40, 0x40, 0x04, 0xC0, 0x8D, 0x53, 0xB0, 0x19, 0x01, 0x8A, 0x18, 0x69, 0x40,
  0x40, 0x04, 0xC0, 0x8D, 0x53, 0xB0, 0x01, 0x20, 0xA8, 0x1C, 0x69, 0x40, 0x40, 0x04,
  0xC0, 0x8D, 0x53, 0xB0, 0x11, 0x21, 0x08, 0x1C, 0x61, 0x40, 0x44, 0x04, 0xC0, 0x8D,
  0x53, 0xB0, 0x09, 0x20, 0x2A, 0x1C, 0x61, 0x40, 0x44, 0x04, 0xC0, 0x8D, 0x53, 0xB0,
  0x19, 0x03, 0x8A, 0x18, 0x69, 0x40, 0x40, 0x04, 0xC0, 0x8D, 0x53, 0xB0, 0x01, 0x22,
  0xA8, 0x1C, 0x69, 0x40, 0x40, 0x04, 0xC0, 0x8D, 0x53, 0xB0, 0x11, 0x23, 0x08, 0x1C,
  0x61, 0x40, 0x44, 0x04, 0xC0, 0x8D, 0x53, 0xB0, 0x09, 0x22, 0x2A, 0x1C, 0x61, 0x40,
  0x44, 0x04, 0xC0, 0x8D, 0x53, 0xB0, 0x19, 0x09, 0x8A, 0x18, 0x69, 0x40, 0x40, 0x04,
  0xC0, 0x8D, 0x53, 0xB0, 0x01, 0x28, 0xA8, 0x1C, 0x69, 0x40, 0x40, 0x04, 0xC0, 0x8D,
  0x53, 0xB0, 0x11, 0x29, 0x08, 0x1C, 0x61, 0x40, 0x44, 0x04, 0xC0, 0x8D, 0x53, 0xB0,
  0x09, 0x28, 0x2A, 0x1C, 0x61, 0x40, 0x44, 0x04, 0xC0, 0x8D, 0x53, 0xB0, 0x19, 0x0B,
  0x8A, 0x18, 0x69, 0x40, 0x40, 0x04, 0xC0, 0x8D, 0x53, 0xB0, 0x01, 0x2A, 0xA8, 0x1C,
  0x69, 0x40, 0x40, 0x04, 0xC0, 0x8D, 0x53, 0xB0, 0x11, 0x2B, 0x08, 0x1C, 0x61, 0x40,
  0x44, 0x04, 0xC0, 0x8D, 0x53, 0xB0, 0x09, 0x2A, 0x2A, 0x1C, 0x61, 0x40, 0x44, 0x04,
  0xC0, 0x8D, 0x53, 0xF0, 0x39, 0x01, 0x2A, 0x18, 0x61, 0x40, 0x00, 0x04, 0xC0, 0x8D,
  0x53, 0xF0, 0x31, 0x29, 0x28, 0x1C, 0x61, 0x40, 0x00, 0x04, 0xC0, 0x8D, 0x53, 0xF0,
  0x39, 0x03, 0x2A, 0x18, 0x61, 0x40, 0x00, 0x04, 0xC0, 0x8D, 0x53, 0xB0, 0x19, 0x01,
  0x2A, 0x18, 0x61, 0x40, 0x00, 0x04, 0x00, 0x88, 0x53, 0xA0, 0x20, 0x20, 0x28, 0x1C,
  0x61, 0x40, 0x00, 0x04, 0x00, 0x88, 0x53, 0xF0, 0x19, 0x01, 0x2A, 0x18, 0x61, 0x40,
  0x00, 0x04, 0x00, 0x88, 0x38, 0x36, 0x93, 0x61, 0x88, 0x1C, 0x36, 0x21, 0x58, 0x82,
  0x00, 0x9A, 0x57, 0xB0, 0x18, 0x00, 0x08, 0x0C, 0x40, 0x00, 0x00, 0x04, 0x00, 0x08,
  0x02, 0x00, 0x00, 0x80, 0x53, 0xF0, 0x19, 0x01, 0x2A, 0x18, 0x61, 0x40, 0x00, 0x04,
  0x00, 0x88, 0xD7, 0xB0, 0x18, 0x00, 0x08, 0x0C, 0x40, 0x00, 0x00, 0x04, 0x00, 0x08,
  0x02, 0x00, 0x00, 0x80, 0x53, 0xF0, 0x99, 0x01, 0x2A, 0x18, 0x61, 0x40, 0x00, 0x04,
  0x20, 0x88, 0xE2, 0x13, 0x48, 0x7F, 0x32, 0x40, 0x10, 0x84, 0x53, 0xF0, 0x99, 0x01,
  0x2A, 0x18, 0x61, 0x40, 0x00, 0x04, 0x20, 0x88, 0x7C, 0x8A, 0xAB, 0x13, 0x81, 0x02,
  0x41, 0x60, 0x8B, 0x03, 0x9A, 0x95, 0x1C, 0x30, 0x02, 0x10, 0x80, 0x02, 0x00, 0x00,
  0x00, 0x00, 0x00, 0x00, 0x00, 0x00, 0x00, 0x80, 0x40, 0xCC, 0x9B, 0x10, 0xC1, 0x21,
  0xB0, 0x09, 0x90, 0x0A, 0x06, 0x04, 0x00, 0x00, 0x00, 0x85, 0xE0, 0x6C, 0x12, 0x18,
  0x11, 0x26, 0x31, 0x0B, 0x91, 0x0E, 0x06, 0x04, 0x00, 0x00, 0x00, 0x85, 0x40, 0xCC,
  0x9F, 0x00, 0x31, 0x21, 0xB0, 0x09, 0x90, 0x4A, 0x16, 0x04, 0x00, 0x00, 0x00, 0x84,
  0x9C, 0x02, 0x00, 0x00, 0x00, 0x00, 0x20, 0x80, 0x13, 0xA0, 0x01, 0x13, 0x8A, 0x18,
  0x61, 0x50, 0x60, 0x04, 0xC0, 0x8D, 0x13, 0xA0, 0x01, 0x32, 0xA8, 0x1C, 0x61, 0x50,
  0x40, 0x04, 0xC0, 0x8D, 0x13, 0xA0, 0x01, 0x03, 0x08, 0x5C, 0x69, 0x50, 0x40, 0x04,
  0xC0, 0x8D, 0x13, 0xA0, 0x01, 0x22, 0x2A, 0x5C, 0x69, 0x50, 0x40, 0x04, 0xC0, 0x8D,
  0x53, 0xB0, 0x19, 0x09, 0x8A, 0x18, 0x61, 0x40, 0x40, 0x04, 0xC0, 0x8D, 0x53, 0xB0,
  0x01, 0x28, 0xA8, 0x1C, 0x61, 0x40, 0x40, 0x04, 0xC0, 0x8D, 0x53, 0xB0, 0x11, 0x29,
  0x08, 0x1C, 0x69, 0x40, 0x40, 0x04, 0xC0, 0x8D, 0x53, 0xB0, 0x09, 0x28, 0x2A, 0x1C,
  0x69, 0x40, 0x40, 0x04, 0xC0, 0x8D, 0x53, 0xB0, 0x19, 0x0B, 0x8A, 0x18, 0x61, 0x40,
  0x40, 0x04, 0xC0, 0x8D, 0x53, 0xB0, 0x01, 0x2A, 0xA8, 0x1C, 0x61, 0x40, 0x40, 0x04,
  0xC0, 0x8D, 0x53, 0xB0, 0x11, 0x2B, 0x08, 0x1C, 0x69, 0x40, 0x40, 0x04, 0xC0, 0x8D,
  0x53, 0xB0, 0x09, 0x2A, 0x2A, 0x1C, 0x69, 0x40, 0x40, 0x04, 0xC0, 0x8D, 0x53, 0xB0,
  0x19, 0x01, 0x2A, 0x18, 0x61, 0x40, 0x00, 0x04, 0x00, 0x88, 0x53, 0xB0, 0x01, 0x22,
  0x28, 0x1C, 0x61, 0x40, 0x00, 0x04, 0x00, 0x88, 0x53, 0xB0, 0x11, 0x29, 0x28, 0x1C,
  0x61, 0x40, 0x00, 0x04, 0x00, 0x88, 0x53, 0xB0, 0x09, 0x2A, 0x2A, 0x1C, 0x61, 0x40,
  0x00, 0x04, 0x00, 0x88, 0x53, 0xF0, 0x19, 0x01, 0x2A, 0x18, 0x61, 0x40, 0x00, 0x04,
  0x00, 0x88, 0x53, 0xF0, 0x01, 0x22, 0x28, 0x1C, 0x61, 0x40, 0x00, 0x04, 0x00, 0x88,
  0x53, 0xF0, 0x11, 0x29, 0x28, 0x1C, 0x61, 0x40, 0x00, 0x04, 0x00, 0x88, 0x53, 0xF0,
  0x09, 0x2A, 0x2A, 0x1C, 0x61, 0x40, 0x00, 0x04, 0x00, 0x88, 0x53, 0xB0, 0x39, 0x01,
  0x2A, 0x18, 0x61, 0x40, 0x00, 0x04, 0x00, 0x88, 0x53, 0xB0, 0x21, 0x22, 0x28, 0x1C,
  0x61, 0x40, 0x00, 0x04, 0x00, 0x88, 0x53, 0xB0, 0x31, 0x29, 0x28, 0x1C, 0x61, 0x40,
  0x00, 0x04, 0x00, 0x88, 0x53, 0xB0, 0xA9, 0x2A, 0x2A, 0x1C, 0x61, 0x40, 0x00, 0x04,
  0x20, 0x88, 0x80, 0x4C, 0x90, 0x10, 0x61, 0x01, 0x90, 0x01, 0xD0, 0x0A, 0x0E, 0x04,
  0x00, 0x00, 0x00, 0x84, 0x00, 0x4C, 0x93, 0x00, 0x71, 0x01, 0xB0, 0x01, 0xD0, 0x0A,
  0x06, 0x05, 0x00, 0x00, 0x00, 0x84, 0x40, 0x4C, 0x93, 0x00, 0x61, 0x01, 0x91, 0x09,
  0xD0, 0x0A, 0x06, 0x05, 0x00, 0x00, 0x00, 0x84, 0x00, 0x4C, 0x94, 0x00, 0x71, 0x21,
  0xB1, 0x09, 0xD0, 0x0A, 0x06, 0x05, 0x00, 0x00, 0x00, 0x84, 0x57, 0xB0, 0x18, 0x00,
  0x08, 0x0C, 0x40, 0x00, 0x00, 0x04, 0x00, 0x08, 0x02, 0x00, 0x00, 0x80, 0x57, 0xB0,
  0x00, 0x21, 0x08, 0x0C, 0x40, 0x00, 0x00, 0x04, 0x00, 0x08, 0x02, 0x00, 0x00, 0x80,
  0x57, 0xB0, 0x10, 0x20, 0x0A, 0x0C, 0x40, 0x00, 0x00, 0x04, 0x00, 0x08, 0x02, 0x00,
  0x00, 0x80, 0x57, 0xB0, 0x08, 0x21, 0x0A, 0x0C, 0x40, 0x00, 0x00, 0x04, 0x00, 0x08,
  0x02, 0x00, 0x00, 0x80, 0x53, 0xF0, 0x19, 0x01, 0x2A, 0x18, 0x61, 0x40, 0x00, 0x04,
  0x00, 0x88, 0x53, 0xF0, 0x01, 0x22, 0x28, 0x1C, 0x61, 0x40, 0x00, 0x04, 0x00, 0x88,
  0x53, 0xF0, 0x11, 0x29, 0x28, 0x1C, 0x61, 0x40, 0x00, 0x04, 0x00, 0x88, 0x53, 0xF0,
  0x09, 0x2A, 0x2A, 0x1C, 0x61, 0x40, 0x00, 0x04, 0x00, 0x88, 0xD7, 0xB0, 0x18, 0x00,
  0x08, 0x0C, 0x40, 0x00, 0x00, 0x04, 0x00, 0x08, 0x02, 0x00, 0x00, 0x80, 0xD7, 0xB0,
  0x00, 0x21, 0x08, 0x0C, 0x40, 0x00, 0x00, 0x04, 0x00, 0x08, 0x02, 0x00, 0x00, 0x80,
  0xD7, 0xB0, 0x10, 0x20, 0x0A, 0x0C, 0x40, 0x00, 0x00, 0x04, 0x00, 0x08, 0x02, 0x00,
  0x00, 0x80, 0xD7, 0xB0, 0x08, 0x21, 0x0A, 0x0C, 0x40, 0x00, 0x00, 0x04, 0x00, 0x08,
  0x02, 0x00, 0x00, 0x80, 0x53, 0xF0, 0x19, 0x01, 0x2A, 0x18, 0x61, 0x40, 0x00, 0x04,
  0x00, 0x88, 0x53, 0xF0, 0x01, 0x22, 0x28, 0x1C, 0x61, 0x40, 0x00, 0x04, 0x00, 0x88,
  0x53, 0xF0, 0x11, 0x29, 0x28, 0x1C, 0x61, 0x40, 0x00, 0x04, 0x00, 0x88, 0x53, 0xF0,
  0x89, 0x2A, 0x2A, 0x1C, 0x61, 0x40, 0x00, 0x04, 0x20, 0x88, 0xE2, 0x13, 0x48, 0x7F,
  0x02, 0x40, 0x10, 0x04, 0x01, 0x00, 0x00, 0x80, 0xE2, 0x50, 0x48, 0x7F, 0x02, 0x48,
  0x10, 0x84, 0xE2, 0x91, 0x48, 0x7F, 0x02, 0x48, 0x10, 0x84, 0xE2, 0xD2, 0x48, 0x7F,
  0x32, 0x48, 0x10, 0x84, 0x53, 0xF0, 0x19, 0x01, 0x2A, 0x18, 0x61, 0x40, 0x20, 0x04,
  0x00, 0x88, 0x53, 0xF0, 0x01, 0x22, 0x28, 0x1C, 0x61, 0x40, 0x00, 0x04, 0x00, 0x88,
  0x53, 0xF0, 0x11, 0x29, 0x28, 0x1C, 0x61, 0x40, 0x00, 0x04, 0x00, 0x88, 0x53, 0xF0,
  0x89, 0x2A, 0x2A, 0x1C, 0x61, 0x40, 0x00, 0x04, 0x20, 0x88, 0x50, 0x6E, 0x86, 0x10,
  0x39, 0x61, 0x94, 0x41, 0x90, 0x1A, 0x06, 0x04, 0x00, 0x00, 0x00, 0x84, 0x1C, 0x68,
  0x03, 0x00, 0x00, 0x80, 0x00, 0x00, 0x00, 0x00, 0x00, 0x00, 0x00, 0x00, 0x00, 0x80,
  0x38, 0x36, 0x93, 0x61, 0x88, 0x1C, 0x36, 0x21, 0x58, 0x82, 0x00, 0x9A, 0x7C, 0x8A,
  0xAB, 0x12, 0x85, 0x02, 0x00, 0x60, 0x8B, 0x03, 0x9A, 0x95, 0x7C, 0x8A, 0xA3, 0x06,
  0xC4, 0x02, 0x00, 0x40, 0x8B, 0x03, 0x9A, 0x95, 0x7C, 0x8A, 0xA3, 0x1A, 0xC4, 0x02,
  0x00, 0x40, 0x8B, 0x03, 0x9A, 0x95, 0x7C, 0x8A, 0xA3, 0x0E, 0xC5, 0x02, 0x00, 0x40,
  0x8B, 0x03, 0x9A, 0x95, 0x1C, 0x58, 0x05, 0x00, 0x00, 0x00, 0x00, 0x00, 0x00, 0x00,
  0x00, 0x00, 0x00, 0x00, 0x00, 0x80, 0x38, 0x36, 0x93, 0x61, 0x88, 0x1C, 0x36, 0x21,
  0x58, 0x82, 0x00, 0x9A, 0x70, 0x6E, 0x96, 0x10, 0x19, 0x60, 0x94, 0x05, 0x90, 0x0A,
  0x06, 0x04, 0x00, 0x00, 0x04, 0x84, 0xFC, 0x0A, 0x83, 0x12, 0x85, 0x02, 0x00, 0x60,
  0x8B, 0x03, 0x9A, 0x95, 0x70, 0xEE, 0x96, 0x10, 0x79, 0x60, 0xD4, 0x05, 0x90, 0x0A,
  0x06, 0x04, 0x00, 0x00, 0x04, 0x84, 0xFC, 0x0A, 0x83, 0x06, 0xC4, 0x02, 0x00, 0x40,
  0x8B, 0x03, 0x9A, 0x95, 0x50, 0x6E, 0x86, 0x10, 0x59, 0x61, 0x94, 0x05, 0x90, 0x1A,
  0x06, 0x04, 0x00, 0x00, 0x04, 0x84, 0xFC, 0x0A, 0x83, 0x1A, 0xC4, 0x02, 0x00, 0x40,
  0x8B, 0x03, 0x9A, 0x95, 0x50, 0x6E, 0x86, 0x10, 0x39, 0x61, 0x94, 0x05, 0x90, 0x1A,
  0x06, 0x04, 0x00, 0x00, 0x04, 0x84, 0x7C, 0x8A, 0xAB, 0x0E, 0xC5, 0x02, 0x00, 0x40,
  0x8B, 0x03, 0x9A, 0x95, 0x9C, 0x02, 0x00, 0x00, 0x00, 0x00, 0x20, 0x80, 0x13, 0xA0,
  0x01, 0x13, 0x8A, 0x58, 0x69, 0x50, 0x60, 0x04, 0xC0, 0x8D, 0x13, 0xA0, 0x01, 0x32,
  0xA8, 0x5C, 0x69, 0x50, 0x40, 0x04, 0xC0, 0x8D, 0x13, 0xA0, 0x01, 0x03, 0x08, 0x1C,
  0x61, 0x50, 0x45, 0x04, 0xC0, 0x8D, 0x13, 0xA0, 0x01, 0x22, 0x2A, 0x1C, 0x61, 0x50,
  0x45, 0x04, 0xC0, 0x8D, 0x53, 0xB0, 0x19, 0x09, 0x8A, 0x18, 0x69, 0x40, 0x40, 0x04,
  0xC0, 0x8D, 0x53, 0xB0, 0x01, 0x28, 0xA8, 0x1C, 0x69, 0x40, 0x40, 0x04, 0xC0, 0x8D,
  0x53, 0xB0, 0x11, 0x29, 0x08, 0x1C, 0x61, 0x40, 0x44, 0x04, 0xC0, 0x8D, 0x53, 0xB0,
  0x09, 0x28, 0x2A, 0x1C, 0x61, 0x40, 0x44, 0x04, 0xC0, 0x8D, 0x53, 0xB0, 0x19, 0x0B,
  0x8A, 0x18, 0x69, 0x40, 0x40, 0x04, 0xC0, 0x8D, 0x53, 0xB0, 0x01, 0x2A, 0xA8, 0x1C,
  0x69, 0x40, 0x40, 0x04, 0xC0, 0x8D, 0x53, 0xB0, 0x11, 0x2B, 0x08, 0x1C, 0x61, 0x40,
  0x44, 0x04, 0xC0, 0x8D, 0x53, 0xB0, 0x09, 0x2A, 0x2A, 0x1C, 0x61, 0x40, 0x44, 0x04,
  0xC0, 0x8D, 0x53, 0xB0, 0x19, 0x01, 0x2A, 0x18, 0x61, 0x40, 0x00, 0x04, 0x00, 0x88,
  0x53, 0xB0, 0x01, 0x22, 0x28, 0x1C, 0x61, 0x40, 0x00, 0x04, 0x00, 0x88, 0x53, 0xB0,
  0x11, 0x29, 0x28, 0x1C, 0x61, 0x40, 0x00, 0x04, 0x00, 0x88, 0x53, 0xB0, 0x09, 0x2A,
  0x2A, 0x1C, 0x61, 0x40, 0x00, 0x04, 0x00, 0x88, 0x53, 0xF0, 0x19, 0x01, 0x2A, 0x18,
  0x61, 0x40, 0x00, 0x04, 0x00, 0x88, 0x53, 0xF0, 0x01, 0x22, 0x28, 0x1C, 0x61, 0x40,
  0x00, 0x04, 0x00, 0x88, 0x53, 0xF0, 0x11, 0x29, 0x28, 0x1C, 0x61, 0x40, 0x00, 0x04,
  0x00, 0x88, 0x53, 0xF0, 0x09, 0x2A, 0x2A, 0x1C, 0x61, 0x40, 0x00, 0x04, 0x00, 0x88,
  0x53, 0xB0, 0x39, 0x01, 0x2A, 0x18, 0x61, 0x40, 0x00, 0x04, 0x00, 0x88, 0x53, 0xB0,
  0x21, 0x22, 0x28, 0x1C, 0x61, 0x40, 0x00, 0x04, 0x00, 0x88, 0x53, 0xB0, 0x31, 0x29,
  0x28, 0x1C, 0x61, 0x40, 0x00, 0x04, 0x00, 0x88, 0x53, 0xB0, 0xA9, 0x2A, 0x2A, 0x1C,
  0x61, 0x40, 0x00, 0x04, 0x20, 0x88, 0x40, 0x4C, 0x90, 0x00, 0x71, 0x01, 0x91, 0x01,
  0xD0, 0x0A, 0x0E, 0x05, 0x00, 0x00, 0x00, 0x84, 0x00, 0x4C, 0x91, 0x00, 0x71, 0x01,
  0xB1, 0x01, 0xD0, 0x0A, 0x06, 0x05, 0x00, 0x00, 0x00, 0x84, 0x40, 0x4C, 0x91, 0x00,
  0x71, 0x01, 0x91, 0x09, 0xD0, 0x0A, 0x06, 0x05, 0x00, 0x00, 0x00, 0x84, 0x00, 0x4C,
  0x96, 0x00, 0x71, 0x21, 0xB1, 0x09, 0xD0, 0x0A, 0x06, 0x05, 0x00, 0x00, 0x00, 0x84,
  0x57, 0xB0, 0x18, 0x00, 0x08, 0x0C, 0x40, 0x00, 0x00, 0x04, 0x00, 0x08, 0x02, 0x00,
  0x00, 0x80, 0x57, 0xB0, 0x00, 0x21, 0x08, 0x0C, 0x40, 0x00, 0x00, 0x04, 0x00, 0x08,
  0x02, 0x00, 0x00, 0x80, 0x57, 0xB0, 0x10, 0x20, 0x0A, 0x0C, 0x40, 0x00, 0x00, 0x04,
  0x00, 0x08, 0x02, 0x00, 0x00, 0x80, 0x57, 0xB0, 0x08, 0x21, 0x0A, 0x0C, 0x40, 0x00,
  0x00, 0x04, 0x00, 0x08, 0x02, 0x00, 0x00, 0x80, 0x53, 0xF0, 0x19, 0x01, 0x2A, 0x18,
  0x61, 0x40, 0x00, 0x04, 0x00, 0x88, 0x53, 0xF0, 0x01, 0x22, 0x28, 0x1C, 0x61, 0x40,
  0x00, 0x04, 0x00, 0x88, 0x53, 0xF0, 0x11, 0x29, 0x28, 0x1C, 0x61, 0x40, 0x00, 0x04,
  0x00, 0x88, 0x53, 0xF0, 0x09, 0x2A, 0x2A, 0x1C, 0x61, 0x40, 0x00, 0x04, 0x00, 0x88,
  0xD7, 0xB0, 0x18, 0x00, 0x08, 0x0C, 0x40, 0x00, 0x00, 0x04, 0x00, 0x08, 0x02, 0x00,
  0x00, 0x80, 0xD7, 0xB0, 0x00, 0x21, 0x08, 0x0C, 0x40, 0x00, 0x00, 0x04, 0x00, 0x08,
  0x02, 0x00, 0x00, 0x80, 0xD7, 0xB0, 0x10, 0x20, 0x0A, 0x0C, 0x40, 0x00, 0x00, 0x04,
  0x00, 0x08, 0x02, 0x00, 0x00, 0x80, 0xD7, 0xB0, 0x08, 0x21, 0x0A, 0x0C, 0x40, 0x00,
  0x00, 0x04, 0x00, 0x08, 0x02, 0x00, 0x00, 0x80, 0x53, 0xF0, 0x19, 0x01, 0x2A, 0x18,
  0x61, 0x40, 0x00, 0x04, 0x00, 0x88, 0x53, 0xF0, 0x01, 0x22, 0x28, 0x1C, 0x61, 0x40,
  0x00, 0x04, 0x00, 0x88, 0x53, 0xF0, 0x11, 0x29, 0x28, 0x1C, 0x61, 0x40, 0x00, 0x04,
  0x00, 0x88, 0x53, 0xF0, 0x89, 0x2A, 0x2A, 0x1C, 0x61, 0x40, 0x00, 0x04, 0x20, 0x88,
  0xE2, 0x13, 0x48, 0x7F, 0x02, 0x40, 0x10, 0x04, 0x01, 0x00, 0x00, 0x80, 0xE2, 0x50,
  0x48, 0x7F, 0x02, 0x48, 0x10, 0x84, 0xE2, 0x91, 0x48, 0x7F, 0x02, 0x48, 0x10, 0x84,
  0xE2, 0xD2, 0x48, 0x7F, 0x32, 0x48, 0x10, 0x84, 0x53, 0xF0, 0x19, 0x01, 0x2A, 0x18,
  0x61, 0x40, 0x20, 0x04, 0x00, 0x88, 0x53, 0xF0, 0x01, 0x22, 0x28, 0x1C, 0x61, 0x40,
  0x00, 0x04, 0x00, 0x88, 0x53, 0xF0, 0x11, 0x29, 0x28, 0x1C, 0x61, 0x40, 0x00, 0x04,
  0x00, 0x88, 0x53, 0xF0, 0x89, 0x2A, 0x2A, 0x1C, 0x61, 0x40, 0x00, 0x04, 0x20, 0x88,
  0x50, 0x6E, 0x86, 0x10, 0x39, 0xE0, 0x94, 0x41, 0x90, 0x1A, 0x06, 0x04, 0x00, 0x00,
  0x00, 0x84, 0x1C, 0x68, 0x03, 0x00, 0x00, 0x80, 0x00, 0x00, 0x00, 0x00, 0x00, 0x00,
  0x00, 0x00, 0x00, 0x80, 0x38, 0x36, 0x93, 0x61, 0x88, 0x1C, 0x36, 0x21, 0x58, 0x82,
  0x00, 0x9A, 0x7C, 0x8A, 0xAB, 0x12, 0x85, 0x02, 0x00, 0x60, 0x8B, 0x03, 0x9A, 0x95,
  0x7C, 0x8A, 0xA3, 0x06, 0xC4, 0x02, 0x00, 0x40, 0x8B, 0x03, 0x9A, 0x95, 0x7C, 0x8A,
  0xA3, 0x1A, 0xC4, 0x02, 0x00, 0x40, 0x8B, 0x03, 0x9A, 0x95, 0x7C, 0x8A, 0xA3, 0x0E,
  0xC5, 0x02, 0x00, 0x40, 0x8B, 0x03, 0x9A, 0x95, 0x1C, 0x58, 0x05, 0x00, 0x00, 0x00,
  0x00, 0x00, 0x00, 0x00, 0x00, 0x00, 0x00, 0x00, 0x00, 0x80, 0x38, 0x36, 0x93, 0x61,
  0x88, 0x1C, 0x36, 0x21, 0x58, 0x82, 0x00, 0x9A, 0x50, 0x6E, 0x86, 0x10, 0x79, 0x61,
  0x94, 0x05, 0x90, 0x1A, 0x06, 0x04, 0x00, 0x00, 0x04, 0x84, 0xFC, 0x0A, 0x83, 0x12,
  0x85, 0x02, 0x00, 0x60, 0x8B, 0x03, 0x9A, 0x95, 0x50, 0x6E, 0x86, 0x10, 0x19, 0xE0,
  0x94, 0x05, 0x90, 0x1A, 0x06, 0x04, 0x00, 0x00, 0x04, 0x84, 0xFC, 0x0A, 0x83, 0x06,
  0xC4, 0x02, 0x00, 0x40, 0x8B, 0x03, 0x9A, 0x95, 0x50, 0x6E, 0x86, 0x10, 0x59, 0xE0,
  0x94, 0x05, 0x90, 0x1A, 0x06, 0x04, 0x00, 0x00, 0x04, 0x84, 0xFC, 0x0A, 0x83, 0x1A,
  0xC4, 0x02, 0x00, 0x40, 0x8B, 0x03, 0x9A, 0x95, 0x50, 0x6E, 0x86, 0x10, 0x39, 0xE0,
  0x94, 0x05, 0x90, 0x1A, 0x06, 0x04, 0x00, 0x00, 0x04, 0x84, 0x7C, 0x8A, 0xAB, 0x0E,
  0xC5, 0x02, 0x00, 0x40, 0x8B, 0x03, 0x9A, 0x95, 0x9C, 0x02, 0x00, 0x00, 0x00, 0x00,
  0x20, 0x80, 0x38, 0x34, 0xD1, 0x59, 0x85, 0x1C, 0x86, 0x25, 0x58, 0xE6, 0x00, 0x9B,
  0x70, 0x6F, 0x92, 0x02, 0x89, 0x60, 0x94, 0x01, 0x90, 0x4A, 0x06, 0x04, 0x08, 0x00,
  0x04, 0x85, 0x1C, 0xD8, 0x04, 0x10, 0x80, 0x80, 0x00, 0x00, 0x00, 0x00, 0x00, 0x00,
  0x00, 0x00, 0x00, 0x80, 0x70, 0xEF, 0x92, 0x02, 0x09, 0x60, 0xD4, 0x01, 0x90, 0x4A,
  0x06, 0x04, 0x08, 0x00, 0x04, 0x85, 0x1C, 0xD8, 0x06, 0x10, 0x00, 0x80, 0x00, 0x00,
  0x00, 0x00, 0x00, 0x00, 0x00, 0x00, 0x00, 0x80, 0x40, 0xCC, 0x93, 0x10, 0x41, 0x23,
  0xB0, 0x09, 0x90, 0x0A, 0x06, 0x04, 0x00, 0x00, 0x00, 0x85, 0xE0, 0x6C, 0x12, 0x18,
  0x11, 0x22, 0x31, 0x2B, 0x91, 0x0E, 0x06, 0x04, 0x00, 0x00, 0x00, 0x85, 0x0E, 0x40,
  0x69, 0x2C, 0x69, 0x42, 0xA8, 0x20, 0x80, 0x01, 0x04, 0x01, 0x02, 0x10, 0x10, 0x84,
  0x9A, 0x23, 0x59, 0x00, 0x00, 0x02, 0x06, 0x80, 0x9A, 0x33, 0x00, 0x40, 0x02, 0x0A,
  0x06, 0x80, 0x9C, 0x02, 0x00, 0x00, 0x00, 0x00, 0x20, 0x80, 0xC5, 0x90, 0x18, 0x00,
  0x08, 0x28, 0x40, 0x04, 0x20, 0x04, 0xC0, 0x8A, 0xC5, 0x90, 0x18, 0x01, 0x48, 0x28,
  0x40, 0x04, 0x00, 0x04, 0xC0, 0x8A, 0xC5, 0x90, 0x18, 0x00, 0x0A, 0x29, 0x40, 0x04,
  0x00, 0x04, 0xC0, 0x8A, 0xC5, 0x90, 0x18, 0x01, 0x4A, 0x29, 0x40, 0x04, 0x00, 0x04,
  0xC0, 0x8A, 0x85, 0x80, 0x00, 0x20, 0x08, 0x2C, 0x44, 0x04, 0x00, 0x04, 0xC0, 0x8A,
  0x85, 0x80, 0x00, 0x21, 0x48, 0x2C, 0x44, 0x04, 0x00, 0x04, 0xC0, 0x8A, 0x85, 0x80,
  0x00, 0x20, 0x0A, 0x2D, 0x44, 0x04, 0x00, 0x04, 0xC0, 0x8A, 0x85, 0x80, 0x00, 0x21,
  0x4A, 0x2D, 0x44, 0x04, 0x00, 0x04, 0xC0, 0x8A, 0xC5, 0x80, 0x04, 0x20, 0x08, 0x08,
  0x40, 0x00, 0x80, 0x04, 0xC0, 0x8A, 0xC5, 0x80, 0x04, 0x21, 0x48, 0x08, 0x40, 0x00,
  0x80, 0x04, 0xC0, 0x8A, 0xC5, 0x80, 0x04, 0x20, 0x0A, 0x09, 0x40, 0x00, 0x80, 0x04,
  0xC0, 0x8A, 0xC5, 0x80, 0x04, 0x21, 0x4A, 0x09, 0x40, 0x00, 0x80, 0x04, 0xC0, 0x8A,
  0x85, 0x90, 0x04, 0x20, 0x08, 0x0C, 0x44, 0x00, 0x80, 0x04, 0xC0, 0x8A, 0x85, 0x90,
  0x04, 0x21, 0x48, 0x0C, 0x44, 0x00, 0x80, 0x04, 0xC0, 0x8A, 0x85, 0x90, 0x04, 0x20,
  0x0A, 0x0D, 0x44, 0x00, 0x80, 0x04, 0xC0, 0x8A, 0x85, 0x90, 0x04, 0x21, 0x4A, 0x0D,
  0x44, 0x00, 0x80, 0x04, 0xC0, 0x8A, 0xC5, 0x90, 0x04, 0x20, 0x08, 0x28, 0x40, 0x04,
  0x80, 0x04, 0xC0, 0x8A, 0xC5, 0x90, 0x04, 0x21, 0x48, 0x28, 0x40, 0x04, 0x80, 0x04,
  0xC0, 0x8A, 0xC5, 0x90, 0x04, 0x20, 0x0A, 0x29, 0x40, 0x04, 0x80, 0x04, 0xC0, 0x8A,
  0xC5, 0x90, 0x04, 0x21, 0x4A, 0x29, 0x40, 0x04, 0x80, 0x04, 0xC0, 0x8A, 0x85, 0x80,
  0x14, 0x20, 0x08, 0x2C, 0x44, 0x04, 0x80, 0x04, 0xC0, 0x8A, 0x85, 0x80, 0x14, 0x21,
  0x48, 0x2C, 0x44, 0x04, 0x80, 0x04, 0xC0, 0x8A, 0x85, 0x80, 0x14, 0x20, 0x0A, 0x2D,
  0x44, 0x04, 0x80, 0x04, 0xC0, 0x8A, 0x85, 0x80, 0x14, 0x21, 0x4A, 0x2D, 0x44, 0x04,
  0x80, 0x04, 0xC0, 0x8A, 0xC5, 0x81, 0x10, 0x20, 0x08, 0x08, 0x40, 0x00, 0x00, 0x04,
  0xC4, 0x8A, 0xC5, 0x81, 0x10, 0x21, 0x48, 0x08, 0x40, 0x00, 0x00, 0x04, 0xC4, 0x8A,
  0xC5, 0x81, 0x10, 0x20, 0x0A, 0x09, 0x40, 0x00, 0x00, 0x04, 0xC4, 0x8A, 0xC5, 0x81,
  0x10, 0x21, 0x4A, 0x09, 0x40, 0x00, 0x00, 0x04, 0xC4, 0x8A, 0x85, 0x91, 0x10, 0x20,
  0x08, 0x0C, 0x44, 0x00, 0x00, 0x04, 0xC4, 0x8A, 0x85, 0x91, 0x10, 0x21, 0x48, 0x0C,
  0x44, 0x00, 0x00, 0x04, 0xC4, 0x8A, 0x85, 0x91, 0x10, 0x20, 0x0A, 0x0D, 0x44, 0x00,
  0x00, 0x04, 0xC4, 0x8A, 0x85, 0x91, 0x90, 0x21, 0x4A, 0x0D, 0x44, 0x00, 0x00, 0x04,
  0xE4, 0x8A, 0x1C, 0xB8, 0x04, 0x10, 0x00, 0x00, 0x00, 0x00, 0x00, 0x00, 0x00, 0x00,
  0x00, 0x00, 0x00, 0x80, 0x0E, 0x00, 0x61, 0x21, 0x69, 0x42, 0xE0, 0x20, 0x88, 0x03,
  0x04, 0x01, 0x00, 0x10, 0x10, 0x80, 0x1A, 0x32, 0xC9, 0x04, 0x00, 0x0A, 0x00, 0x80,
  0x9C, 0x02, 0x00, 0x00, 0x00, 0x00, 0x20, 0x80, 0x85, 0x08, 0x10, 0x40, 0x08, 0x28,
  0x40, 0x04, 0x20, 0x04, 0xC0, 0x8A, 0x85, 0x08, 0x10, 0x41, 0x48, 0x28, 0x40, 0x04,
  0x00, 0x04, 0xC0, 0x8A, 0x85, 0x08, 0x10, 0x40, 0x0A, 0x29, 0x40, 0x04, 0x00, 0x04,
  0xC0, 0x8A, 0x85, 0x08, 0x10, 0x41, 0x4A, 0x29, 0x40, 0x04, 0x00, 0x04, 0xC0, 0x8A,
  0x85, 0x08, 0x10, 0x40, 0x08, 0x2C, 0x44, 0x04, 0x00, 0x04, 0xC0, 0x8A, 0x85, 0x08,
  0x10, 0x41, 0x48, 0x2C, 0x44, 0x04, 0x00, 0x04, 0xC0, 0x8A, 0x85, 0x08, 0x10, 0x40,
  0x0A, 0x2D, 0x44, 0x04, 0x00, 0x04, 0xC0, 0x8A, 0x85, 0x08, 0x10, 0x41, 0x4A, 0x2D,
  0x44, 0x04, 0x00, 0x04, 0xC0, 0x8A, 0x85, 0x08, 0x14, 0x40, 0x08, 0x08, 0x40, 0x00,
  0x80, 0x04, 0xC0, 0x8A, 0x85, 0x08, 0x14, 0x41, 0x48, 0x08, 0x40, 0x00, 0x80, 0x04,
  0xC0, 0x8A, 0x85, 0x08, 0x14, 0x40, 0x0A, 0x09, 0x40, 0x00, 0x80, 0x04, 0xC0, 0x8A,
  0x85, 0x08, 0x14, 0x41, 0x4A, 0x09, 0x40, 0x00, 0x80, 0x04, 0xC0, 0x8A, 0x85, 0x08,
  0x14, 0x40, 0x08, 0x0C, 0x44, 0x00, 0x80, 0x04, 0xC0, 0x8A, 0x85, 0x08, 0x14, 0x41,
  0x48, 0x0C, 0x44, 0x00, 0x80, 0x04, 0xC0, 0x8A, 0x85, 0x08, 0x14, 0x40, 0x0A, 0x0D,
  0x44, 0x00, 0x80, 0x04, 0xC0, 0x8A, 0x85, 0x08, 0x14, 0x41, 0x4A, 0x0D, 0x44, 0x00,
  0x80, 0x04, 0xC0, 0x8A, 0x85, 0x08, 0x14, 0x40, 0x08, 0x28, 0x40, 0x04, 0x80, 0x04,
  0xC0, 0x8A, 0x85, 0x08, 0x14, 0x41, 0x48, 0x28, 0x40, 0x04, 0x80, 0x04, 0xC0, 0x8A,
  0x85, 0x08, 0x14, 0x40, 0x0A, 0x29, 0x40, 0x04, 0x80, 0x04, 0xC0, 0x8A, 0x85, 0x08,
  0x14, 0x41, 0x4A, 0x29, 0x40, 0x04, 0x80, 0x04, 0xC0, 0x8A, 0x85, 0x08, 0x14, 0x40,
  0x08, 0x2C, 0x44, 0x04, 0x80, 0x04, 0xC0, 0x8A, 0x85, 0x08, 0x14, 0x41, 0x48, 0x2C,
  0x44, 0x04, 0x80, 0x04, 0xC0, 0x8A, 0x85, 0x08, 0x14, 0x40, 0x0A, 0x2D, 0x44, 0x04,
  0x80, 0x04, 0xC0, 0x8A, 0x85, 0x08, 0x14, 0x41, 0x4A, 0x2D, 0x44, 0x04, 0x80, 0x04,
  0xC0, 0x8A, 0x85, 0x09, 0x10, 0x40, 0x08, 0x08, 0x40, 0x00, 0x00, 0x04, 0xC4, 0x8A,
  0x85, 0x09, 0x10, 0x41, 0x48, 0x08, 0x40, 0x00, 0x00, 0x04, 0xC4, 0x8A, 0x85, 0x09,
  0x10, 0x40, 0x0A, 0x09, 0x40, 0x00, 0x00, 0x04, 0xC4, 0x8A, 0x85, 0x09, 0x10, 0x41,
  0x4A, 0x09, 0x40, 0x00, 0x00, 0x04, 0xC4, 0x8A, 0x85, 0x09, 0x10, 0x40, 0x08, 0x0C,
  0x44, 0x00, 0x00, 0x04, 0xC4, 0x8A, 0x85, 0x09, 0x10, 0x41, 0x48, 0x0C, 0x44, 0x00,
  0x00, 0x04, 0xC4, 0x8A, 0x85, 0x09, 0x10, 0x40, 0x0A, 0x0D, 0x44, 0x00, 0x00, 0x04,
  0xC4, 0x8A, 0x85, 0x09, 0x90, 0x41, 0x4A, 0x0D, 0x44, 0x00, 0x00, 0x04, 0xE4, 0x8A,
  0x30, 0xE3, 0x10, 0x0A, 0x19, 0x60, 0x94, 0x01, 0x90, 0x0A, 0x06, 0x04, 0x00, 0x00,
  0x00, 0x85, 0x1C, 0x70, 0x04, 0x10, 0x00, 0x80, 0x00, 0x00, 0x00, 0x00, 0x00, 0x00,
  0x00, 0x00, 0x00, 0x80, 0x9C, 0x02, 0x00, 0x00, 0x00, 0x00, 0x20, 0x80, 0x85, 0x00,
  0x08, 0x10, 0x08, 0x28, 0x40, 0x04, 0x20, 0x04, 0xC0, 0x8A, 0x85, 0x00, 0x08, 0x11,
  0x48, 0x28, 0x40, 0x04, 0x00, 0x04, 0xC0, 0x8A, 0x85, 0x00, 0x08, 0x10, 0x0A, 0x29,
  0x40, 0x04, 0x00, 0x04, 0xC0, 0x8A, 0x85, 0x00, 0x08, 0x11, 0x4A, 0x29, 0x40, 0x04,
  0x00, 0x04, 0xC0, 0x8A, 0x85, 0x00, 0x08, 0x10, 0x08, 0x2C, 0x44, 0x04, 0x00, 0x04,
  0xC0, 0x8A, 0x85, 0x00, 0x08, 0x11, 0x48, 0x2C, 0x44, 0x04, 0x00, 0x04, 0xC0, 0x8A,
  0x85, 0x00, 0x08, 0x10, 0x0A, 0x2D, 0x44, 0x04, 0x00, 0x04, 0xC0, 0x8A, 0x85, 0x00,
  0x08, 0x11, 0x4A, 0x2D, 0x44, 0x04, 0x00, 0x04, 0xC0, 0x8A, 0x85, 0x00, 0x0C, 0x10,
  0x08, 0x08, 0x40, 0x00, 0x80, 0x04, 0xC0, 0x8A, 0x85, 0x00, 0x0C, 0x11, 0x48, 0x08,
  0x40, 0x00, 0x80, 0x04, 0xC0, 0x8A, 0x85, 0x00, 0x0C, 0x10, 0x0A, 0x09, 0x40, 0x00,
  0x80, 0x04, 0xC0, 0x8A, 0x85, 0x00, 0x0C, 0x11, 0x4A, 0x09, 0x40, 0x00, 0x80, 0x04,
  0xC0, 0x8A, 0x85, 0x00, 0x0C, 0x10, 0x08, 0x0C, 0x44, 0x00, 0x80, 0x04, 0xC0, 0x8A,
  0x85, 0x00, 0x0C, 0x11, 0x48, 0x0C, 0x44, 0x00, 0x80, 0x04, 0xC0, 0x8A, 0x85, 0x00,
  0x0C, 0x10, 0x0A, 0x0D, 0x44, 0x00, 0x80, 0x04, 0xC0, 0x8A, 0x85, 0x00, 0x0C, 0x11,
  0x4A, 0x0D, 0x44, 0x00, 0x80, 0x04, 0xC0, 0x8A, 0x85, 0x00, 0x0C, 0x10, 0x08, 0x28,
  0x40, 0x04, 0x80, 0x04, 0xC0, 0x8A, 0x85, 0x00, 0x0C, 0x11, 0x48, 0x28, 0x40, 0x04,
  0x80, 0x04, 0xC0, 0x8A, 0x85, 0x00, 0x0C, 0x10, 0x0A, 0x29, 0x40, 0x04, 0x80, 0x04,
  0xC0, 0x8A, 0x85, 0x00, 0x0C, 0x11, 0x4A, 0x29, 0x40, 0x04, 0x80, 0x04, 0xC0, 0x8A,
  0x85, 0x00, 0x0C, 0x10, 0x08, 0x2C, 0x44, 0x04, 0x80, 0x04, 0xC0, 0x8A, 0x85, 0x00,
  0x0C, 0x11, 0x48, 0x2C, 0x44, 0x04, 0x80, 0x04, 0xC0, 0x8A, 0x85, 0x00, 0x0C, 0x10,
  0x0A, 0x2D, 0x44, 0x04, 0x80, 0x04, 0xC0, 0x8A, 0x85, 0x00, 0x0C, 0x11, 0x4A, 0x2D,
  0x44, 0x04, 0x80, 0x04, 0xC0, 0x8A, 0x85, 0x01, 0x08, 0x10, 0x08, 0x08, 0x40, 0x00,
  0x00, 0x04, 0xC4, 0x8A, 0x85, 0x01, 0x08, 0x11, 0x48, 0x08, 0x40, 0x00, 0x00, 0x04,
  0xC4, 0x8A, 0x85, 0x01, 0x08, 0x10, 0x0A, 0x09, 0x40, 0x00, 0x00, 0x04, 0xC4, 0x8A,
  0x85, 0x01, 0x08, 0x11, 0x4A, 0x09, 0x40, 0x00, 0x00, 0x04, 0xC4, 0x8A, 0x85, 0x01,
  0x08, 0x10, 0x08, 0x0C, 0x44, 0x00, 0x00, 0x04, 0xC4, 0x8A, 0x85, 0x01, 0x08, 0x11,
  0x48, 0x0C, 0x44, 0x00, 0x00, 0x04, 0xC4, 0x8A, 0x85, 0x01, 0x08, 0x10, 0x0A, 0x0D,
  0x44, 0x00, 0x00, 0x04, 0xC4, 0x8A, 0x85, 0x01, 0x88, 0x11, 0x4A, 0x0D, 0x44, 0x00,
  0x00, 0x04, 0xE4, 0x8A, 0x40, 0xEC, 0xB7, 0x00, 0x79, 0x23, 0xF0, 0x59, 0x94, 0x5A,
  0x0E, 0x04, 0x00, 0x00, 0x00, 0x84, 0x00, 0xCC, 0x93, 0x10, 0xD1, 0x03, 0xB0, 0x09,
  0x90, 0x0A, 0x1E, 0x04, 0x00, 0x00, 0x00, 0x84, 0x00, 0x4C, 0x98, 0x00, 0x21, 0x23,
  0xB1, 0x09, 0x90, 0x4A, 0x16, 0x04, 0x00, 0x00, 0x00, 0x85, 0x50, 0x4E, 0x95, 0x00,
  0x09, 0x37, 0x11, 0x22, 0x81, 0x42, 0x06, 0x14, 0x01, 0x00, 0x00, 0x84, 0x13, 0xC8,
  0x20, 0x01, 0x22, 0x08, 0x48, 0x40, 0x00, 0x04, 0x00, 0x88, 0x23, 0x89, 0x01, 0x01,
  0x00, 0x08, 0x40, 0x40, 0x00, 0x04, 0x00, 0x88, 0x33, 0xC9, 0x81, 0x01, 0x00, 0x08,
  0x40, 0x40, 0x00, 0x04, 0x00, 0x88, 0x00, 0xCC, 0x93, 0x10, 0x71, 0x02, 0xB0, 0x09,
  0x90, 0x0A, 0x1E, 0x04, 0x00, 0x00, 0x00, 0x84, 0x40, 0x4C, 0x9B, 0x10, 0x11, 0x23,
  0xB0, 0x09, 0x90, 0x0A, 0x16, 0x04, 0x00, 0x00, 0x00, 0x85, 0x20, 0x6C, 0x19, 0x00,
  0x11, 0x24, 0x30, 0x0B, 0x91, 0x0E, 0x06, 0x05, 0x00, 0x00, 0x00, 0x84, 0x10, 0x6E,
  0x83, 0x10, 0x39, 0xE0, 0x94, 0x41, 0x90, 0x1A, 0x06, 0x04, 0x00, 0x00, 0x00, 0x85,
  0x30, 0x62, 0x55, 0x11, 0x01, 0x34, 0x90, 0x02, 0x80, 0x06, 0x06, 0x14, 0x00, 0x00,
  0x00, 0x84, 0x80, 0x4C, 0x90, 0x30, 0x49, 0x05, 0x10, 0x0B, 0xD1, 0x0E, 0x06, 0x04,
  0x00, 0x00, 0x00, 0x84, 0xC0, 0x4C, 0x98, 0x18, 0x49, 0x05, 0x10, 0x0B, 0xD1, 0x0E,
  0x06, 0x04, 0x00, 0x00, 0x00, 0x84, 0xC0, 0x4C, 0x92, 0x18, 0x59, 0x07, 0x10, 0x0B,
  0xD1, 0x0E, 0x06, 0x04, 0x00, 0x00, 0x00, 0x84, 0x80, 0x4C, 0x99, 0x18, 0x49, 0x07,
  0x11, 0x0B, 0xD1, 0x0E, 0x06, 0x04, 0x00, 0x00, 0x00, 0x84, 0xC0, 0x4C, 0x92, 0x18,
  0x59, 0x05, 0x31, 0x0B, 0xD1, 0x0E, 0x06, 0x04, 0x00, 0x00, 0x00, 0x84, 0x80, 0x4C,
  0x98, 0x10, 0x49, 0x05, 0x31, 0x0B, 0xD1, 0x4E, 0x06, 0x04, 0x00, 0x00, 0x00, 0x84,
  0x50, 0xCE, 0xDD, 0x51, 0x09, 0x24, 0x90, 0x03, 0x91, 0x0E, 0x06, 0x04, 0x00, 0x00,
  0x00, 0x84, 0xC0, 0x4C, 0x93, 0x10, 0x59, 0x07, 0x30, 0x0B, 0xD1, 0x4E, 0x06, 0x04,
  0x00, 0x00, 0x00, 0x84, 0xC0, 0x4C, 0x99, 0x18, 0x59, 0x27, 0x31, 0x0B, 0xD1, 0x0E,
  0x06, 0x04, 0x00, 0x00, 0x00, 0x84, 0x00, 0x4C, 0x94, 0x51, 0x65, 0x36, 0xB8, 0x00,
  0x50, 0x2B, 0x06, 0x06, 0x20, 0x00, 0x00, 0x82, 0x50, 0xEE, 0x83, 0x10, 0x39, 0xE0,
  0x94, 0x41, 0x90, 0x1A, 0x06, 0x04, 0x08, 0x00, 0x04, 0x85, 0x1C, 0x30, 0x03, 0x00,
  0x00, 0x92, 0x00, 0x00, 0x00, 0x00, 0x00, 0x00, 0x00, 0x00, 0x00, 0x80, 0x9C, 0x02,
  0x00, 0x00, 0x00, 0x00, 0x20, 0x80, 0x07, 0xA0, 0x00, 0x10, 0x08, 0x28, 0x40, 0x00,
  0x20, 0x05, 0x00, 0x88, 0x57, 0xA0, 0x00, 0x10, 0x08, 0x28, 0x40, 0x00, 0x00, 0x05,
  0x00, 0x88, 0x07, 0xB0, 0x01, 0x10, 0x08, 0x28, 0x40, 0x00, 0x00, 0x05, 0x00, 0x88,
  0x57, 0xB0, 0x01, 0x10, 0x08, 0x28, 0x40, 0x00, 0x00, 0x05, 0x00, 0x88, 0x07, 0xA0,
  0x10, 0x11, 0x08, 0x28, 0x40, 0x00, 0x00, 0x05, 0x00, 0x88, 0x57, 0xA0, 0x10, 0x11,
  0x08, 0x28, 0x40, 0x00, 0x00, 0x05, 0x00, 0x88, 0x07, 0xB0, 0x11, 0x11, 0x08, 0x28,
  0x40, 0x00, 0x00, 0x05, 0x00, 0x88, 0x57, 0xB0, 0x11, 0x11, 0x08, 0x28, 0x40, 0x00,
  0x00, 0x05, 0x00, 0x88, 0x07, 0xA0, 0x08, 0x10, 0x0A, 0x28, 0x40, 0x00, 0x00, 0x05,
  0x00, 0x88, 0x57, 0xA0, 0x08, 0x10, 0x0A, 0x28, 0x40, 0x00, 0x00, 0x05, 0x00, 0x88,
  0x07, 0xB0, 0x09, 0x10, 0x0A, 0x28, 0x40, 0x00, 0x00, 0x05, 0x00, 0x88, 0x57, 0xB0,
  0x09, 0x10, 0x0A, 0x28, 0x40, 0x00, 0x00, 0x05, 0x00, 0x88, 0x07, 0xA0, 0x18, 0x11,
  0x0A, 0x28, 0x40, 0x00, 0x00, 0x05, 0x00, 0x88, 0x57, 0xA0, 0x18, 0x11, 0x0A, 0x28,
  0x40, 0x00, 0x00, 0x05, 0x00, 0x88, 0x07, 0xB0, 0x19, 0x11, 0x0A, 0x28, 0x40, 0x00,
  0x00, 0x05, 0x00, 0x88, 0x57, 0xB0, 0x99, 0x11, 0x0A, 0x28, 0x40, 0x00, 0x00, 0x05,
  0x20, 0x88, 0x84, 0x90, 0x6E, 0x28, 0xB4, 0x90, 0x24, 0x60, 0xC0, 0x00, 0x44, 0x11,
  0x48, 0x00, 0x00, 0x80, 0x07, 0xA0, 0x00, 0x30, 0x08, 0x2C, 0x40, 0x00, 0x20, 0x05,
  0x00, 0x88, 0x57, 0xA0, 0x00, 0x30, 0x08, 0x2C, 0x40, 0x00, 0x00, 0x05, 0x00, 0x88,
  0x07, 0xB0, 0x01, 0x30, 0x08, 0x2C, 0x40, 0x00, 0x00, 0x05, 0x00, 0x88, 0x57, 0xB0,
  0x01, 0x30, 0x08, 0x2C, 0x40, 0x00, 0x00, 0x05, 0x00, 0x88, 0x07, 0xA0, 0x10, 0x31,
  0x08, 0x2C, 0x40, 0x00, 0x00, 0x05, 0x00, 0x88, 0x57, 0xA0, 0x10, 0x31, 0x08, 0x2C,
  0x40, 0x00, 0x00, 0x05, 0x00, 0x88, 0x07, 0xB0, 0x11, 0x31, 0x08, 0x2C, 0x40, 0x00,
  0x00, 0x05, 0x00, 0x88, 0x57, 0xB0, 0x11, 0x31, 0x08, 0x2C, 0x40, 0x00, 0x00, 0x05,
  0x00, 0x88, 0x07, 0xA0, 0x08, 0x30, 0x0A, 0x2C, 0x40, 0x00, 0x00, 0x05, 0x00, 0x88,
  0x57, 0xA0, 0x08, 0x30, 0x0A, 0x2C, 0x40, 0x00, 0x00, 0x05, 0x00, 0x88, 0x07, 0xB0,
  0x09, 0x30, 0x0A, 0x2C, 0x40, 0x00, 0x00, 0x05, 0x00, 0x88, 0x57, 0xB0, 0x09, 0x30,
  0x0A, 0x2C, 0x40, 0x00, 0x00, 0x05, 0x00, 0x88, 0x07, 0xA0, 0x18, 0x31, 0x0A, 0x2C,
  0x40, 0x00, 0x00, 0x05, 0x00, 0x88, 0x57, 0xA0, 0x18, 0x31, 0x0A, 0x2C, 0x40, 0x00,
  0x00, 0x05, 0x00, 0x88, 0x07, 0xB0, 0x19, 0x31, 0x0A, 0x2C, 0x40, 0x00, 0x00, 0x05,
  0x00, 0x88, 0x57, 0xB0, 0x99, 0x31, 0x0A, 0x2C, 0x40, 0x00, 0x00, 0x05, 0x20, 0x88,
  0x84, 0x90, 0x72, 0x28, 0xF4, 0x90, 0x24, 0x60, 0xC0, 0x00, 0x44, 0x11, 0x48, 0x00,
  0x00, 0x80, 0x07, 0xA0, 0x04, 0x00, 0x08, 0x48, 0x40, 0x00, 0x20, 0x05, 0x00, 0x88,
  0x57, 0xA0, 0x04, 0x00, 0x08, 0x48, 0x40, 0x00, 0x00, 0x05, 0x00, 0x88, 0x07, 0xB0,
  0x05, 0x00, 0x08, 0x48, 0x40, 0x00, 0x00, 0x05, 0x00, 0x88, 0x57, 0xB0, 0x05, 0x00,
  0x08, 0x48, 0x40, 0x00, 0x00, 0x05, 0x00, 0x88, 0x07, 0xA0, 0x14, 0x01, 0x08, 0x48,
  0x40, 0x00, 0x00, 0x05, 0x00, 0x88, 0x57, 0xA0, 0x14, 0x01, 0x08, 0x48, 0x40, 0x00,
  0x00, 0x05, 0x00, 0x88, 0x07, 0xB0, 0x15, 0x01, 0x08, 0x48, 0x40, 0x00, 0x00, 0x05,
  0x00, 0x88, 0x57, 0xB0, 0x15, 0x01, 0x08, 0x48, 0x40, 0x00, 0x00, 0x05, 0x00, 0x88,
  0x07, 0xA0, 0x0C, 0x00, 0x0A, 0x48, 0x40, 0x00, 0x00, 0x05, 0x00, 0x88, 0x57, 0xA0,
  0x0C, 0x00, 0x0A, 0x48, 0x40, 0x00, 0x00, 0x05, 0x00, 0x88, 0x07, 0xB0, 0x0D, 0x00,
  0x0A, 0x48, 0x40, 0x00, 0x00, 0x05, 0x00, 0x88, 0x57, 0xB0, 0x0D, 0x00, 0x0A, 0x48,
  0x40, 0x00, 0x00, 0x05, 0x00, 0x88, 0x07, 0xA0, 0x1C, 0x01, 0x0A, 0x48, 0x40, 0x00,
  0x00, 0x05, 0x00, 0x88, 0x57, 0xA0, 0x1C, 0x01, 0x0A, 0x48, 0x40, 0x00, 0x00, 0x05,
  0x00, 0x88, 0x07, 0xB0, 0x1D, 0x01, 0x0A, 0x48, 0x40, 0x00, 0x00, 0x05, 0x00, 0x88,
  0x57, 0xB0, 0x9D, 0x01, 0x0A, 0x48, 0x40, 0x00, 0x00, 0x05, 0x20, 0x88, 0x84, 0xD0,
  0x62, 0x28, 0xB4, 0x80, 0x2C, 0x60, 0xC0, 0x00, 0x44, 0x11, 0x48, 0x00, 0x00, 0x80,
  0x07, 0xA0, 0x04, 0x20, 0x08, 0x4C, 0x40, 0x00, 0x20, 0x05, 0x00, 0x88, 0x57, 0xA0,
  0x04, 0x20, 0x08, 0x4C, 0x40, 0x00, 0x00, 0x05, 0x00, 0x88, 0x07, 0xB0, 0x05, 0x20,
  0x08, 0x4C, 0x40, 0x00, 0x00, 0x05, 0x00, 0x88, 0x57, 0xB0, 0x05, 0x20, 0x08, 0x4C,
  0x40, 0x00, 0x00, 0x05, 0x00, 0x88, 0x07, 0xA0, 0x14, 0x21, 0x08, 0x4C, 0x40, 0x00,
  0x00, 0x05, 0x00, 0x88, 0x57, 0xA0, 0x14, 0x21, 0x08, 0x4C, 0x40, 0x00, 0x00, 0x05,
  0x00, 0x88, 0x07, 0xB0, 0x15, 0x21, 0x08, 0x4C, 0x40, 0x00, 0x00, 0x05, 0x00, 0x88,
  0x57, 0xB0, 0x15, 0x21, 0x08, 0x4C, 0x40, 0x00, 0x00, 0x05, 0x00, 0x88, 0x07, 0xA0,
  0x0C, 0x20, 0x0A, 0x4C, 0x40, 0x00, 0x00, 0x05, 0x00, 0x88, 0x57, 0xA0, 0x0C, 0x20,
  0x0A, 0x4C, 0x40, 0x00, 0x00, 0x05, 0x00, 0x88, 0x07, 0xB0, 0x0D, 0x20, 0x0A, 0x4C,
  0x40, 0x00, 0x00, 0x05, 0x00, 0x88, 0x57, 0xB0, 0x0D, 0x20, 0x0A, 0x4C, 0x40, 0x00,
  0x00, 0x05, 0x00, 0x88, 0x07, 0xA0, 0x1C, 0x21, 0x0A, 0x4C, 0x40, 0x00, 0x00, 0x05,
  0x00, 0x88, 0x57, 0xA0, 0x1C, 0x21, 0x0A, 0x4C, 0x40, 0x00, 0x00, 0x05, 0x00, 0x88,
  0x07, 0xB0, 0x1D, 0x21, 0x0A, 0x4C, 0x40, 0x00, 0x00, 0x05, 0x00, 0x88, 0x57, 0xB0,
  0x9D, 0x21, 0x0A, 0x4C, 0x40, 0x00, 0x00, 0x05, 0x20, 0x88, 0x84, 0xD0, 0x72, 0x28,
  0xF4, 0x80, 0x2C, 0x60, 0xC0, 0x00, 0x44, 0x11, 0x48, 0x00, 0x00, 0x80, 0x07, 0xA0,
  0x04, 0x10, 0x08, 0x68, 0x40, 0x00, 0x20, 0x05, 0x00, 0x88, 0x57, 0xA0, 0x04, 0x10,
  0x08, 0x68, 0x40, 0x00, 0x00, 0x05, 0x00, 0x88, 0x07, 0xB0, 0x05, 0x10, 0x08, 0x68,
  0x40, 0x00, 0x00, 0x05, 0x00, 0x88, 0x57, 0xB0, 0x05, 0x10, 0x08, 0x68, 0x40, 0x00,
  0x00, 0x05, 0x00, 0x88, 0x07, 0xA0, 0x14, 0x11, 0x08, 0x68, 0x40, 0x00, 0x00, 0x05,
  0x00, 0x88, 0x57, 0xA0, 0x14, 0x11, 0x08, 0x68, 0x40, 0x00, 0x00, 0x05, 0x00, 0x88,
  0x07, 0xB0, 0x15, 0x11, 0x08, 0x68, 0x40, 0x00, 0x00, 0x05, 0x00, 0x88, 0x57, 0xB0,
  0x15, 0x11, 0x08, 0x68, 0x40, 0x00, 0x00, 0x05, 0x00, 0x88, 0x07, 0xA0, 0x0C, 0x10,
  0x0A, 0x68, 0x40, 0x00, 0x00, 0x05, 0x00, 0x88, 0x57, 0xA0, 0x0C, 0x10, 0x0A, 0x68,
  0x40, 0x00, 0x00, 0x05, 0x00, 0x88, 0x07, 0xB0, 0x0D, 0x10, 0x0A, 0x68, 0x40, 0x00,
  0x00, 0x05, 0x00, 0x88, 0x57, 0xB0, 0x0D, 0x10, 0x0A, 0x68, 0x40, 0x00, 0x00, 0x05,
  0x00, 0x88, 0x07, 0xA0, 0x1C, 0x11, 0x0A, 0x68, 0x40, 0x00, 0x00, 0x05, 0x00, 0x88,
  0x57, 0xA0, 0x1C, 0x11, 0x0A, 0x68, 0x40, 0x00, 0x00, 0x05, 0x00, 0x88, 0x07, 0xB0,
  0x1D, 0x11, 0x0A, 0x68, 0x40, 0x00, 0x00, 0x05, 0x00, 0x88, 0x57, 0xB0, 0x9D, 0x11,
  0x0A, 0x68, 0x40, 0x00, 0x00, 0x05, 0x20, 0x88, 0x84, 0x90, 0x62, 0x2C, 0xB4, 0x90,
  0x2C, 0x60, 0xC0, 0x00, 0x44, 0x11, 0x48, 0x00, 0x00, 0x80, 0x07, 0xA0, 0x04, 0x30,
  0x08, 0x6C, 0x40, 0x00, 0x20, 0x05, 0x00, 0x88, 0x57, 0xA0, 0x04, 0x30, 0x08, 0x6C,
  0x40, 0x00, 0x00, 0x05, 0x00, 0x88, 0x07, 0xB0, 0x05, 0x30, 0x08, 0x6C, 0x40, 0x00,
  0x00, 0x05, 0x00, 0x88, 0x57, 0xB0, 0x05, 0x30, 0x08, 0x6C, 0x40, 0x00, 0x00, 0x05,
  0x00, 0x88, 0x07, 0xA0, 0x14, 0x31, 0x08, 0x6C, 0x40, 0x00, 0x00, 0x05, 0x00, 0x88,
  0x57, 0xA0, 0x14, 0x31, 0x08, 0x6C, 0x40, 0x00, 0x00, 0x05, 0x00, 0x88, 0x07, 0xB0,
  0x15, 0x31, 0x08, 0x6C, 0x40, 0x00, 0x00, 0x05, 0x00, 0x88, 0x57, 0xB0, 0x15, 0x31,
  0x08, 0x6C, 0x40, 0x00, 0x00, 0x05, 0x00, 0x88, 0x07, 0xA0, 0x0C, 0x30, 0x0A, 0x6C,
  0x40, 0x00, 0x00, 0x05, 0x00, 0x88, 0x57, 0xA0, 0x0C, 0x30, 0x0A, 0x6C, 0x40, 0x00,
  0x00, 0x05, 0x00, 0x88, 0x07, 0xB0, 0x0D, 0x30, 0x0A, 0x6C, 0x40, 0x00, 0x00, 0x05,
  0x00, 0x88, 0x57, 0xB0, 0x0D, 0x30, 0x0A, 0x6C, 0x40, 0x00, 0x00, 0x05, 0x00, 0x88,
  0x07, 0xA0, 0x1C, 0x31, 0x0A, 0x6C, 0x40, 0x00, 0x00, 0x05, 0x00, 0x88, 0x57, 0xA0,
  0x1C, 0x31, 0x0A, 0x6C, 0x40, 0x00, 0x00, 0x05, 0x00, 0x88, 0x07, 0xB0, 0x1D, 0x31,
  0x0A, 0x6C, 0x40, 0x00, 0x00, 0x05, 0x00, 0x88, 0x57, 0xB0, 0x9D, 0x31, 0x0A, 0x6C,
  0x40, 0x00, 0x00, 0x05, 0x20, 0x88, 0x84, 0x90, 0x72, 0x2C, 0xF4, 0x90, 0x2C, 0x60,
  0xC0, 0x00, 0x44, 0x11, 0x48, 0x00, 0x00, 0x80, 0x07, 0xA1, 0x00, 0x00, 0x08, 0x08,
  0x40, 0x00, 0x21, 0x05, 0x00, 0x88, 0x57, 0xA1, 0x00, 0x00, 0x08, 0x08, 0x40, 0x00,
  0x01, 0x05, 0x00, 0x88, 0x07, 0xB1, 0x01, 0x00, 0x08, 0x08, 0x40, 0x00, 0x01, 0x05,
  0x00, 0x88, 0x57, 0xB1, 0x01, 0x00, 0x08, 0x08, 0x40, 0x00, 0x01, 0x05, 0x00, 0x88,
  0x07, 0xA1, 0x10, 0x01, 0x08, 0x08, 0x40, 0x00, 0x01, 0x05, 0x00, 0x88, 0x57, 0xA1,
  0x10, 0x01, 0x08, 0x08, 0x40, 0x00, 0x01, 0x05, 0x00, 0x88, 0x07, 0xB1, 0x11, 0x01,
  0x08, 0x08, 0x40, 0x00, 0x01, 0x05, 0x00, 0x88, 0x57, 0xB1, 0x11, 0x01, 0x08, 0x08,
  0x40, 0x00, 0x01, 0x05, 0x00, 0x88, 0x07, 0xA1, 0x08, 0x00, 0x0A, 0x08, 0x40, 0x00,
  0x01, 0x05, 0x00, 0x88, 0x57, 0xA1, 0x08, 0x00, 0x0A, 0x08, 0x40, 0x00, 0x01, 0x05,
  0x00, 0x88, 0x07, 0xB1, 0x09, 0x00, 0x0A, 0x08, 0x40, 0x00, 0x01, 0x05, 0x00, 0x88,
  0x57, 0xB1, 0x09, 0x00, 0x0A, 0x08, 0x40, 0x00, 0x01, 0x05, 0x00, 0x88, 0x07, 0xA1,
  0x18, 0x01, 0x0A, 0x08, 0x40, 0x00, 0x01, 0x05, 0x00, 0x88, 0x57, 0xA1, 0x18, 0x01,
  0x0A, 0x08, 0x40, 0x00, 0x01, 0x05, 0x00, 0x88, 0x07, 0xB1, 0x19, 0x01, 0x0A, 0x08,
  0x40, 0x00, 0x01, 0x05, 0x00, 0x88, 0x57, 0xB1, 0x99, 0x01, 0x0A, 0x08, 0x40, 0x00,
  0x01, 0x05, 0x20, 0x88, 0x84, 0xD1, 0x62, 0x2C, 0xB4, 0x80, 0x24, 0x60, 0xC0, 0x00,
  0x44, 0x11, 0x48, 0x00, 0x00, 0x80, 0x07, 0xA1, 0x00, 0x20, 0x08, 0x0C, 0x40, 0x00,
  0x21, 0x05, 0x00, 0x88, 0x57, 0xA1, 0x00, 0x20, 0x08, 0x0C, 0x40, 0x00, 0x01, 0x05,
  0x00, 0x88, 0x07, 0xB1, 0x01, 0x20, 0x08, 0x0C, 0x40, 0x00, 0x01, 0x05, 0x00, 0x88,
  0x57, 0xB1, 0x01, 0x20, 0x08, 0x0C, 0x40, 0x00, 0x01, 0x05, 0x00, 0x88, 0x07, 0xA1,
  0x10, 0x21, 0x08, 0x0C, 0x40, 0x00, 0x01, 0x05, 0x00, 0x88, 0x57, 0xA1, 0x10, 0x21,
  0x08, 0x0C, 0x40, 0x00, 0x01, 0x05, 0x00, 0x88, 0x07, 0xB1, 0x11, 0x21, 0x08, 0x0C,
  0x40, 0x00, 0x01, 0x05, 0x00, 0x88, 0x57, 0xB1, 0x11, 0x21, 0x08, 0x0C, 0x40, 0x00,
  0x01, 0x05, 0x00, 0x88, 0x07, 0xA1, 0x08, 0x20, 0x0A, 0x0C, 0x40, 0x00, 0x01, 0x05,
  0x00, 0x88, 0x57, 0xA1, 0x08, 0x20, 0x0A, 0x0C, 0x40, 0x00, 0x01, 0x05, 0x00, 0x88,
  0x07, 0xB1, 0x09, 0x20, 0x0A, 0x0C, 0x40, 0x00, 0x01, 0x05, 0x00, 0x88, 0x57, 0xB1,
  0x09, 0x20, 0x0A, 0x0C, 0x40, 0x00, 0x01, 0x05, 0x00, 0x88, 0x07, 0xA1, 0x18, 0x21,
  0x0A, 0x0C, 0x40, 0x00, 0x01, 0x05, 0x00, 0x88, 0x57, 0xA1, 0x18, 0x21, 0x0A, 0x0C,
  0x40, 0x00, 0x01, 0x05, 0x00, 0x88, 0x07, 0xB1, 0x19, 0x21, 0x0A, 0x0C, 0x40, 0x00,
  0x01, 0x05, 0x00, 0x88, 0x57, 0xB1, 0x99, 0x21, 0x0A, 0x0C, 0x40, 0x00, 0x01, 0x05,
  0x20, 0x88, 0x84, 0xD1, 0x72, 0x2C, 0xF4, 0x80, 0x24, 0x60, 0xC0, 0x00, 0x44, 0x11,
  0x48, 0x00, 0x00, 0x80, 0x38, 0x34, 0xD1, 0x79, 0x8D, 0x9C, 0x86, 0x25, 0x5A, 0xE6,
  0x00, 0x9B, 0x1C, 0xF8, 0x04, 0x00, 0x00, 0x80, 0x00, 0x00, 0x00, 0x00, 0x00, 0x00,
  0x00, 0x00, 0x00, 0x80, 0x9C, 0x02, 0x00, 0x00, 0x00, 0x00, 0x34, 0x80, 0x5C, 0x1A,
  0x00, 0x00, 0x00, 0x00, 0x00, 0x01, 0x08, 0x00, 0x00, 0x80, 0x7C, 0x0F, 0x60, 0x41,
  0x80, 0x42, 0xC0, 0x40, 0xCA, 0x59, 0x80, 0x95, 0x5C, 0x02, 0x00, 0x00, 0x00, 0x00,
  0x00, 0x11, 0x08, 0x00, 0x00, 0x80, 0x02, 0x28, 0x25, 0x34, 0x01, 0x00, 0x08, 0x80,
  0xB0, 0x6F, 0x90, 0x02, 0x09, 0x60, 0x94, 0x01, 0x90, 0x0A, 0x06, 0x04, 0x00, 0x00,
  0x00, 0x85, 0x40, 0xCC, 0x97, 0x10, 0x01, 0x22, 0xB0, 0x09, 0x92, 0x0A, 0x1E, 0x04,
  0x00, 0x00, 0x00, 0x84, 0x38, 0x72, 0x8E, 0x69, 0x9B, 0xF8, 0xB6, 0x25, 0x40, 0x82,
  0x00, 0x1A, 0x00, 0x02, 0x08, 0x80, 0x00, 0x4C, 0x97, 0x08, 0x7D, 0x27, 0x31, 0x29,
  0x93, 0x0A, 0x0E, 0x04, 0x00, 0x00, 0x00, 0x84, 0x38, 0x72, 0x8C, 0x69, 0x97, 0xD8,
  0xB6, 0x25, 0x40, 0x82, 0x20, 0x1A, 0x00, 0x02, 0x08, 0x80, 0x17, 0xC8, 0x80, 0x01,
  0x8A, 0x0A, 0x40, 0x48, 0x20, 0x04, 0x00, 0x88, 0x7C, 0x4A, 0x69, 0x5E, 0x91, 0x42,
  0x80, 0x60, 0x8B, 0x03, 0x80, 0x95, 0x7C, 0x9F, 0x08, 0x01, 0x80, 0x0C, 0xC0, 0x30,
  0x8A, 0x5A, 0x81, 0x95, 0x00, 0x4C, 0x81, 0x10, 0xC1, 0x22, 0x90, 0x01, 0x90, 0x1A,
  0x06, 0x04, 0x00, 0x00, 0x00, 0x85, 0xD0, 0x6F, 0x85, 0x00, 0x49, 0xE0, 0x94, 0x05,
  0x94, 0x0A, 0x0E, 0x04, 0x00, 0x00, 0x00, 0x84, 0x1C, 0xD8, 0x06, 0x10, 0x80, 0x80,
  0x00, 0x00, 0x00, 0x00, 0x00, 0x00, 0x00, 0x00, 0x00, 0x80, 0x38, 0xB7, 0x88, 0x6B,
  0x97, 0x08, 0x96, 0x25, 0x40, 0xA2, 0x20, 0x9A, 0x4E, 0x0A, 0x39, 0x2C, 0x71, 0x42,
  0xA8, 0x20, 0xB4, 0x03, 0x04, 0x01, 0x00, 0x01, 0x10, 0x80, 0x10, 0xCE, 0x93, 0x00,
  0xA1, 0x23, 0xF1, 0x01, 0x94, 0x1A, 0x06, 0x05, 0x00, 0x00, 0x00, 0x85, 0x38, 0x76,
  0x9B, 0x69, 0xB9, 0x38, 0xB6, 0x25, 0x40, 0xA2, 0x00, 0x9A, 0xD0, 0x4E, 0x99, 0x51,
  0xE1, 0x22, 0xB0, 0x01, 0x90, 0x0A, 0x06, 0x04, 0x00, 0x00, 0x00, 0x85, 0x60, 0x6C,
  0x1F, 0x08, 0x15, 0x24, 0xB8, 0x2B, 0x91, 0x4A, 0x0E, 0x04, 0x00, 0x00, 0x00, 0x84,
  0x10, 0xEF, 0x95, 0x12, 0x29, 0x61, 0x94, 0x05, 0x90, 0x0A, 0x0E, 0x04, 0x00, 0x00,
  0x00, 0x84, 0x1C, 0xF8, 0x01, 0x00, 0x00, 0x80, 0x00, 0x00, 0x00, 0x00, 0x00, 0x00,
  0x00, 0x00, 0x00, 0x80, 0xF0, 0xCC, 0x88, 0x18, 0xC1, 0x22, 0x90, 0x01, 0x90, 0x0A,
  0x06, 0x04, 0x00, 0x00, 0x00, 0x85, 0x37, 0xC9, 0xA5, 0x02, 0x10, 0x08, 0x40, 0x40,
  0x00, 0x04, 0x20, 0x88, 0x1C, 0x40, 0xFB, 0x7F, 0xFF, 0x1B, 0x00, 0x00, 0x00, 0x00,
  0x00, 0x00, 0x00, 0x00, 0x00, 0x80, 0x13, 0xC8, 0xA1, 0x00, 0x18, 0x08, 0x40, 0x40,
  0x00, 0x04, 0x00, 0x88, 0x40, 0x4C, 0xDB, 0x08, 0x5D, 0x24, 0xB8, 0x29, 0x91, 0x4A,
  0x26, 0x04, 0x00, 0x00, 0x00, 0x85, 0x20, 0xCC, 0x9B, 0x11, 0x01, 0x00, 0xD0, 0x01,
  0x90, 0x0A, 0x16, 0x04, 0x00, 0x00, 0x00, 0x84, 0x30, 0x6C, 0x1F, 0x28, 0x05, 0x20,
  0x99, 0x23, 0x91, 0x4A, 0x06, 0x04, 0x00, 0x00, 0x00, 0x84, 0xFE, 0x60, 0x22, 0x38,
  0x06, 0xE1, 0x04, 0x80, 0x7E, 0x64, 0xC3, 0x40, 0x04, 0xE4, 0x08, 0x80, 0xD0, 0xE2,
  0x10, 0x40, 0xE9, 0x60, 0x94, 0x05, 0x90, 0x0A, 0x06, 0x04, 0x00, 0x00, 0x00, 0x85,
  0xF0, 0x6E, 0xBC, 0x18, 0x09, 0x22, 0xB0, 0x01, 0x90, 0x0A, 0x0E, 0x04, 0x00, 0x00,
  0x40, 0x84, 0x50, 0x42, 0x13, 0x51, 0xE1, 0x22, 0xB0, 0x01, 0x90, 0x0A, 0x06, 0x04,
  0x00, 0x00, 0x00, 0x85, 0x1A, 0x61, 0x89, 0x2C, 0x00, 0x8A, 0x00, 0x80, 0x50, 0x42,
  0x11, 0x48, 0xE1, 0x22, 0xB0, 0x01, 0x90, 0x0A, 0x06, 0x05, 0x00, 0x00, 0x00, 0x85,
  0x7E, 0x64, 0xC3, 0x38, 0x04, 0xE4, 0x08, 0x80, 0xF0, 0x6E, 0x18, 0x00, 0x85, 0x22,
  0xB8, 0x23, 0x91, 0x0A, 0x26, 0x04, 0x00, 0x00, 0x00, 0x85, 0x27, 0x89, 0x85, 0x00,
  0x08, 0x0A, 0x40, 0x40, 0x20, 0x04, 0x00, 0x88, 0x37, 0x89, 0xA5, 0x02, 0x10, 0x08,
  0x40, 0x41, 0x00, 0x04, 0x20, 0x88, 0x30, 0x42, 0x17, 0x51, 0x4D, 0x3E, 0x98, 0x22,
  0x00, 0x2A, 0x0E, 0x16, 0x21, 0x00, 0x00, 0x84, 0xF0, 0x62, 0x11, 0x11, 0x81, 0x3E,
  0x10, 0x02, 0x80, 0x0E, 0x06, 0x14, 0x01, 0x00, 0x00, 0x85, 0x33, 0xC9, 0xA0, 0x00,
  0x18, 0x0A, 0x40, 0x40, 0x20, 0x04, 0x00, 0x88, 0x50, 0xCE, 0x98, 0x11, 0xAD, 0x27,
  0x30, 0x01, 0x91, 0x0A, 0x26, 0x04, 0x00, 0x00, 0x00, 0x85, 0x70, 0xE3, 0x07, 0x11,
  0x09, 0x60, 0x94, 0x05, 0x90, 0x0A, 0x0E, 0x04, 0x00, 0x00, 0x00, 0x84, 0x70, 0xCE,
  0x8B, 0x11, 0x81, 0x22, 0xB0, 0x01, 0x92, 0x0A, 0x16, 0x04, 0x00, 0x00, 0x00, 0x85,
  0xD0, 0xC2, 0x1C, 0x58, 0x01, 0x20, 0x90, 0x01, 0x92, 0x0A, 0x0E, 0x04, 0x00, 0x00,
  0x00, 0x84, 0x70, 0xE3, 0x03, 0x11, 0x89, 0x60, 0x94, 0x05, 0x90, 0x0A, 0x06, 0x04,
  0x00, 0x00, 0x00, 0x85, 0xD0, 0xC2, 0x1C, 0x58, 0x01, 0x20, 0x90, 0x01, 0x92, 0x0A,
  0x0E, 0x04, 0x00, 0x00, 0x00, 0x84, 0xD0, 0xCE, 0x90, 0x00, 0xAD, 0x27, 0x98, 0x01,
  0x91, 0x0A, 0x26, 0x04, 0x00, 0x00, 0x00, 0x85, 0x33, 0xC9, 0xA5, 0x00, 0x08, 0x0A,
  0x40, 0x40, 0x00, 0x04, 0x00, 0x88, 0x38, 0xD3, 0x04, 0x49, 0x09, 0x28, 0x97, 0xA5,
  0x70, 0xCC, 0x9C, 0x10, 0x01, 0x20, 0xD0, 0x01, 0x90, 0x0A, 0x0E, 0x04, 0x00, 0x00,
  0x00, 0x84, 0x70, 0x6C, 0x19, 0x00, 0x95, 0x24, 0x11, 0x01, 0x91, 0x4A, 0x06, 0x04,
  0x00, 0x00, 0x00, 0x85, 0x70, 0xEF, 0x82, 0x12, 0x99, 0x60, 0x94, 0x05, 0x90, 0x0A,
  0x06, 0x04, 0x00, 0x00, 0x00, 0x85, 0x1C, 0x78, 0x05, 0x00, 0x00, 0x84, 0x00, 0x00,
  0x00, 0x00, 0x00, 0x00, 0x00, 0x00, 0x00, 0x80, 0x30, 0xEF, 0x97, 0x0A, 0x09, 0x60,
  0xD5, 0x01, 0x90, 0x4A, 0x0E, 0x04, 0x00, 0x00, 0x00, 0x84, 0x70, 0x62, 0x13, 0x08,
  0x85, 0x32, 0xB9, 0x21, 0x82, 0x42, 0x06, 0x10, 0x01, 0x00, 0x00, 0x85, 0x38, 0x54,
  0x91, 0x6B, 0xB9, 0x79, 0xA7, 0x25, 0x00, 0xA2, 0x00, 0x9A, 0x30, 0x6E, 0xB1, 0x51,
  0xC9, 0x2A, 0x90, 0x01, 0x90, 0x0A, 0x06, 0x04, 0x00, 0x00, 0x40, 0x85, 0x10, 0x4E,
  0xD7, 0x48, 0x4D, 0x22, 0x99, 0x21, 0x91, 0x4A, 0x2E, 0x04, 0x00, 0x00, 0x00, 0x84,
  0xB8, 0x92, 0x97, 0x43, 0x00, 0x0C, 0x36, 0x21, 0x78, 0x86, 0x00, 0x1A, 0x00, 0x02,
  0x08, 0x80, 0x30, 0xCE, 0x97, 0x08, 0x01, 0x22, 0xF1, 0x01, 0x92, 0x4A, 0x1E, 0x04,
  0x00, 0x00, 0x00, 0x84, 0x10, 0x4E, 0x93, 0x51, 0xC1, 0x22, 0x90, 0x01, 0x92, 0x0A,
  0x16, 0x04, 0x00, 0x00, 0x00, 0x85, 0x1C, 0x38, 0x04, 0x00, 0x00, 0x00, 0x00, 0x00,
  0x00, 0x00, 0x00, 0x00, 0x00, 0x00, 0x00, 0x80, 0x70, 0xEF, 0x90, 0x0A, 0x99, 0x60,
  0xD5, 0x01, 0x90, 0x4A, 0x06, 0x04, 0x00, 0x00, 0x00, 0x85, 0x30, 0x62, 0x15, 0x08,
  0x15, 0x32, 0xB9, 0x21, 0x82, 0x42, 0x0E, 0x10, 0x01, 0x00, 0x00, 0x84, 0x38, 0x70,
  0x97, 0x6B, 0xB9, 0x79, 0xA7, 0x25, 0x00, 0x82, 0x00, 0x1A, 0x00, 0x02, 0x08, 0x80,
  0x30, 0x6E, 0xB5, 0x51, 0x49, 0x2A, 0x90, 0x01, 0x90, 0x0A, 0x0E, 0x04, 0x00, 0x00,
  0x40, 0x84, 0x50, 0x4E, 0xD0, 0x48, 0xDD, 0x22, 0x99, 0x21, 0x91, 0x4A, 0x26, 0x04,
  0x00, 0x00, 0x00, 0x85, 0xB8, 0x92, 0x97, 0x43, 0x00, 0x0C, 0x36, 0x21, 0x78, 0x86,
  0x00, 0x1A, 0x00, 0x02, 0x08, 0x80, 0x70, 0xCE, 0x94, 0x08, 0x11, 0x22, 0xF1, 0x01,
  0x92, 0x4A, 0x1E, 0x04, 0x00, 0x00, 0x00, 0x84, 0x10, 0x4E, 0x93, 0x51, 0xC1, 0x22,
  0x90, 0x01, 0x92, 0x0A, 0x16, 0x04, 0x00, 0x00, 0x00, 0x85, 0x10, 0x4C, 0x9B, 0x48,
  0xCD, 0x24, 0x99, 0x01, 0x91, 0x4A, 0x06, 0x04, 0x00, 0x00, 0x00, 0x85, 0xB8, 0xB0,
  0x95, 0x43, 0x00, 0x0C, 0x36, 0x21, 0x78, 0x86, 0x00, 0x1A, 0x00, 0x02, 0x08, 0x80,
  0x70, 0x4E, 0x90, 0x50, 0xC1, 0x2A, 0x90, 0x01, 0x92, 0x0A, 0x16, 0x04, 0x00, 0x00,
  0x00, 0x85, 0xD0, 0x6F, 0x84, 0x1A, 0x29, 0xE0, 0xD4, 0x01, 0x94, 0x0A, 0x0E, 0x04,
  0x00, 0x00, 0x00, 0x84, 0x27, 0xC9, 0x01, 0x01, 0x00, 0x08, 0x40, 0x49, 0x20, 0x04,
  0x00, 0x88, 0x33, 0x88, 0x20, 0x00, 0x18, 0x08, 0x40, 0x48, 0x00, 0x04, 0x00, 0x88,
  0x27, 0x89, 0xA5, 0x02, 0x10, 0x0A, 0x40, 0x48, 0x00, 0x04, 0x00, 0x88, 0x20, 0x6C,
  0x19, 0x20, 0x95, 0x24, 0x11, 0x21, 0x91, 0x4A, 0x06, 0x04, 0x00, 0x00, 0x00, 0x85,
  0x40, 0xCE, 0x9A, 0x18, 0x91, 0x6A, 0xB0, 0x09, 0x90, 0x4A, 0x06, 0x05, 0x00, 0x00,
  0x00, 0x85, 0x30, 0xCE, 0x98, 0x48, 0x8D, 0x00, 0x98, 0x23, 0x91, 0x0E, 0x0E, 0x05,
  0x00, 0x00, 0x00, 0x84, 0x30, 0xEE, 0x95, 0x08, 0x09, 0x60, 0xD5, 0x41, 0x90, 0x4A,
  0x0E, 0x04, 0x00, 0x00, 0x00, 0x84, 0x1C, 0x3C, 0x01, 0x00, 0x00, 0x80, 0x00, 0x00,
  0x00, 0x00, 0x00, 0x00, 0x00, 0x00, 0x00, 0x80, 0x9C, 0x03, 0x00, 0x80, 0x10, 0xEF,
  0x85, 0x12, 0x09, 0xE1, 0x94, 0x05, 0x94, 0x0A, 0x06, 0x04, 0x00, 0x00, 0x00, 0x84,
  0xD0, 0x6F, 0x85, 0x02, 0x49, 0xE0, 0x94, 0x05, 0x94, 0x0A, 0x06, 0x04, 0x00, 0x00,
  0x04, 0x84, 0x60, 0x6C, 0x10, 0x00, 0x95, 0x04, 0x11, 0x09, 0x91, 0x0A, 0x0E, 0x05,
  0x00, 0x00, 0x00, 0x84, 0x40, 0xCC, 0xDB, 0x00, 0x0D, 0x02, 0xB9, 0x21, 0x91, 0x0A,
  0x06, 0x05, 0x00, 0x00, 0x00, 0x84, 0x40, 0xCC, 0x80, 0x00, 0x61, 0xA2, 0xB1, 0x09,
  0x90, 0x5A, 0x16, 0x04, 0x00, 0x00, 0x00, 0x85, 0x1C, 0xFC, 0xFE, 0x6F, 0x3F, 0x81,
  0x00, 0x00, 0x00, 0x00, 0x00, 0x00, 0x00, 0x00, 0x00, 0x80, 0x7C, 0x9F, 0x08, 0x01,
  0x80, 0x08, 0xC0, 0x30, 0x8A, 0x5A, 0x81, 0x95, 0x92, 0x01, 0x00, 0x00, 0x15, 0x60,
  0x00, 0xD1, 0x9C, 0x02, 0x00, 0x00, 0x00, 0x00, 0x34, 0x80, 0x02, 0x28, 0x25, 0x34,
  0x11, 0x03, 0x08, 0x80, 0x30, 0xEE, 0x95, 0x08, 0x09, 0x60, 0xD5, 0x41, 0x90, 0x4A,
  0x0E, 0x04, 0x00, 0x00, 0x00, 0x84, 0x1C, 0x3C, 0x01, 0x00, 0x00, 0x80, 0x00, 0x00,
  0x00, 0x00, 0x00, 0x00, 0x00, 0x00, 0x00, 0x80, 0x9C, 0x03, 0x00, 0x80, 0x1C, 0x1F,
  0x00, 0x80, 0x50, 0xEE, 0x83, 0x10, 0x39, 0xE0, 0x94, 0x41, 0x90, 0x1A, 0x06, 0x04,
  0x00, 0x00, 0x00, 0x85, 0x1C, 0x70, 0x01, 0x10, 0x00, 0x92, 0x00, 0x00, 0x00, 0x00,
  0x00, 0x00, 0x00, 0x00, 0x00, 0x80, 0x9C, 0x02, 0x00, 0x00, 0x00, 0x00, 0x20, 0x80,
  0x9C, 0x02, 0x00, 0x00, 0x00, 0x00, 0x20, 0x80, 0x30, 0x6E, 0x93, 0x10, 0x19, 0x60,
  0x94, 0x05, 0x90, 0x0A, 0x06, 0x04, 0x00, 0x00, 0x00, 0x85, 0x07, 0xA0, 0x00, 0x10,
  0x08, 0x28, 0x40, 0x00, 0x20, 0x05, 0x00, 0x88, 0x57, 0xA0, 0x00, 0x10, 0x08, 0x28,
  0x40, 0x00, 0x00, 0x05, 0x00, 0x88, 0x07, 0xB0, 0x01, 0x10, 0x08, 0x28, 0x40, 0x00,
  0x00, 0x05, 0x00, 0x88, 0x57, 0xB0, 0x01, 0x10, 0x08, 0x28, 0x40, 0x00, 0x00, 0x05,
  0x00, 0x88, 0x07, 0xA0, 0x10, 0x11, 0x08, 0x28, 0x40, 0x00, 0x00, 0x05, 0x00, 0x88,
  0x57, 0xA0, 0x10, 0x11, 0x08, 0x28, 0x40, 0x00, 0x00, 0x05, 0x00, 0x88, 0x07, 0xB0,
  0x11, 0x11, 0x08, 0x28, 0x40, 0x00, 0x00, 0x05, 0x00, 0x88, 0x57, 0xB0, 0x11, 0x11,
  0x08, 0x28, 0x40, 0x00, 0x00, 0x05, 0x00, 0x88, 0x07, 0xA0, 0x08, 0x10, 0x0A, 0x28,
  0x40, 0x00, 0x00, 0x05, 0x00, 0x88, 0x57, 0xA0, 0x08, 0x10, 0x0A, 0x28, 0x40, 0x00,
  0x00, 0x05, 0x00, 0x88, 0x07, 0xB0, 0x09, 0x10, 0x0A, 0x28, 0x40, 0x00, 0x00, 0x05,
  0x00, 0x88, 0x57, 0xB0, 0x09, 0x10, 0x0A, 0x28, 0x40, 0x00, 0x00, 0x05, 0x00, 0x88,
  0x07, 0xA0, 0x18, 0x11, 0x0A, 0x28, 0x40, 0x00, 0x00, 0x05, 0x00, 0x88, 0x57, 0xA0,
  0x18, 0x11, 0x0A, 0x28, 0x40, 0x00, 0x00, 0x05, 0x00, 0x88, 0x07, 0xB0, 0x19, 0x11,
  0x0A, 0x28, 0x40, 0x00, 0x00, 0x05, 0x00, 0x88, 0x57, 0xB0, 0x99, 0x11, 0x0A, 0x28,
  0x40, 0x00, 0x00, 0x05, 0x20, 0x88, 0x84, 0x90, 0x6E, 0x28, 0xB4, 0x90, 0x24, 0x60,
  0xC1, 0x00, 0x44, 0x11, 0x48, 0x00, 0x00, 0x80, 0x9C, 0x02, 0x00, 0x00, 0x00, 0x00,
  0x20, 0x80, 0x30, 0xEE, 0x93, 0x10, 0x79, 0x60, 0xD4, 0x05, 0x90, 0x0A, 0x06, 0x04,
  0x00, 0x00, 0x00, 0x85, 0x07, 0xA0, 0x00, 0x30, 0x08, 0x2C, 0x40, 0x00, 0x20, 0x05,
  0x00, 0x88, 0x57, 0xA0, 0x00, 0x30, 0x08, 0x2C, 0x40, 0x00, 0x00, 0x05, 0x00, 0x88,
  0x07, 0xB0, 0x01, 0x30, 0x08, 0x2C, 0x40, 0x00, 0x00, 0x05, 0x00, 0x88, 0x57, 0xB0,
  0x01, 0x30, 0x08, 0x2C, 0x40, 0x00, 0x00, 0x05, 0x00, 0x88, 0x07, 0xA0, 0x10, 0x31,
  0x08, 0x2C, 0x40, 0x00, 0x00, 0x05, 0x00, 0x88, 0x57, 0xA0, 0x10, 0x31, 0x08, 0x2C,
  0x40, 0x00, 0x00, 0x05, 0x00, 0x88, 0x07, 0xB0, 0x11, 0x31, 0x08, 0x2C, 0x40, 0x00,
  0x00, 0x05, 0x00, 0x88, 0x57, 0xB0, 0x11, 0x31, 0x08, 0x2C, 0x40, 0x00, 0x00, 0x05,
  0x00, 0x88, 0x07, 0xA0, 0x08, 0x30, 0x0A, 0x2C, 0x40, 0x00, 0x00, 0x05, 0x00, 0x88,
  0x57, 0xA0, 0x08, 0x30, 0x0A, 0x2C, 0x40, 0x00, 0x00, 0x05, 0x00, 0x88, 0x07, 0xB0,
  0x09, 0x30, 0x0A, 0x2C, 0x40, 0x00, 0x00, 0x05, 0x00, 0x88, 0x57, 0xB0, 0x09, 0x30,
  0x0A, 0x2C, 0x40, 0x00, 0x00, 0x05, 0x00, 0x88, 0x07, 0xA0, 0x18, 0x31, 0x0A, 0x2C,
  0x40, 0x00, 0x00, 0x05, 0x00, 0x88, 0x57, 0xA0, 0x18, 0x31, 0x0A, 0x2C, 0x40, 0x00,
  0x00, 0x05, 0x00, 0x88, 0x07, 0xB0, 0x19, 0x31, 0x0A, 0x2C, 0x40, 0x00, 0x00, 0x05,
  0x00, 0x88, 0x57, 0xB0, 0x99, 0x31, 0x0A, 0x2C, 0x40, 0x00, 0x00, 0x05, 0x20, 0x88,
  0x84, 0x90, 0x72, 0x28, 0xF4, 0x90, 0x24, 0x60, 0xC1, 0x00, 0x44, 0x11, 0x48, 0x00,
  0x00, 0x80, 0x9C, 0x02, 0x00, 0x00, 0x00, 0x00, 0x20, 0x80, 0x10, 0x6E, 0x83, 0x10,
  0x59, 0x61, 0x94, 0x05, 0x90, 0x1A, 0x06, 0x04, 0x00, 0x00, 0x00, 0x85, 0x07, 0xA0,
  0x04, 0x00, 0x08, 0x48, 0x40, 0x00, 0x20, 0x05, 0x00, 0x88, 0x57, 0xA0, 0x04, 0x00,
  0x08, 0x48, 0x40, 0x00, 0x00, 0x05, 0x00, 0x88, 0x07, 0xB0, 0x05, 0x00, 0x08, 0x48,
  0x40, 0x00, 0x00, 0x05, 0x00, 0x88, 0x57, 0xB0, 0x05, 0x00, 0x08, 0x48, 0x40, 0x00,
  0x00, 0x05, 0x00, 0x88, 0x07, 0xA0, 0x14, 0x01, 0x08, 0x48, 0x40, 0x00, 0x00, 0x05,
  0x00, 0x88, 0x57, 0xA0, 0x14, 0x01, 0x08, 0x48, 0x40, 0x00, 0x00, 0x05, 0x00, 0x88,
  0x07, 0xB0, 0x15, 0x01, 0x08, 0x48, 0x40, 0x00, 0x00, 0x05, 0x00, 0x88, 0x57, 0xB0,
  0x15, 0x01, 0x08, 0x48, 0x40, 0x00, 0x00, 0x05, 0x00, 0x88, 0x07, 0xA0, 0x0C, 0x00,
  0x0A, 0x48, 0x40, 0x00, 0x00, 0x05, 0x00, 0x88, 0x57, 0xA0, 0x0C, 0x00, 0x0A, 0x48,
  0x40, 0x00, 0x00, 0x05, 0x00, 0x88, 0x07, 0xB0, 0x0D, 0x00, 0x0A, 0x48, 0x40, 0x00,
  0x00, 0x05, 0x00, 0x88, 0x57, 0xB0, 0x0D, 0x00, 0x0A, 0x48, 0x40, 0x00, 0x00, 0x05,
  0x00, 0x88, 0x07, 0xA0, 0x1C, 0x01, 0x0A, 0x48, 0x40, 0x00, 0x00, 0x05, 0x00, 0x88,
  0x57, 0xA0, 0x1C, 0x01, 0x0A, 0x48, 0x40, 0x00, 0x00, 0x05, 0x00, 0x88, 0x07, 0xB0,
  0x1D, 0x01, 0x0A, 0x48, 0x40, 0x00, 0x00, 0x05, 0x00, 0x88, 0x57, 0xB0, 0x9D, 0x01,
  0x0A, 0x48, 0x40, 0x00, 0x00, 0x05, 0x20, 0x88, 0x84, 0xD0, 0x62, 0x28, 0xB4, 0x80,
  0x2C, 0x60, 0xC1, 0x00, 0x44, 0x11, 0x48, 0x00, 0x00, 0x80, 0x9C, 0x02, 0x00, 0x00,
  0x00, 0x00, 0x20, 0x80, 0x10, 0x6E, 0x83, 0x10, 0x39, 0x61, 0x94, 0x05, 0x90, 0x1A,
  0x06, 0x04, 0x00, 0x00, 0x00, 0x85, 0x07, 0xA0, 0x04, 0x20, 0x08, 0x4C, 0x40, 0x00,
  0x20, 0x05, 0x00, 0x88, 0x57, 0xA0, 0x04, 0x20, 0x08, 0x4C, 0x40, 0x00, 0x00, 0x05,
  0x00, 0x88, 0x07, 0xB0, 0x05, 0x20, 0x08, 0x4C, 0x40, 0x00, 0x00, 0x05, 0x00, 0x88,
  0x57, 0xB0, 0x05, 0x20, 0x08, 0x4C, 0x40, 0x00, 0x00, 0x05, 0x00, 0x88, 0x07, 0xA0,
  0x14, 0x21, 0x08, 0x4C, 0x40, 0x00, 0x00, 0x05, 0x00, 0x88, 0x57, 0xA0, 0x14, 0x21,
  0x08, 0x4C, 0x40, 0x00, 0x00, 0x05, 0x00, 0x88, 0x07, 0xB0, 0x15, 0x21, 0x08, 0x4C,
  0x40, 0x00, 0x00, 0x05, 0x00, 0x88, 0x57, 0xB0, 0x15, 0x21, 0x08, 0x4C, 0x40, 0x00,
  0x00, 0x05, 0x00, 0x88, 0x07, 0xA0, 0x0C, 0x20, 0x0A, 0x4C, 0x40, 0x00, 0x00, 0x05,
  0x00, 0x88, 0x57, 0xA0, 0x0C, 0x20, 0x0A, 0x4C, 0x40, 0x00, 0x00, 0x05, 0x00, 0x88,
  0x07, 0xB0, 0x0D, 0x20, 0x0A, 0x4C, 0x40, 0x00, 0x00, 0x05, 0x00, 0x88, 0x57, 0xB0,
  0x0D, 0x20, 0x0A, 0x4C, 0x40, 0x00, 0x00, 0x05, 0x00, 0x88, 0x07, 0xA0, 0x1C, 0x21,
  0x0A, 0x4C, 0x40, 0x00, 0x00, 0x05, 0x00, 0x88, 0x57, 0xA0, 0x1C, 0x21, 0x0A, 0x4C,
  0x40, 0x00, 0x00, 0x05, 0x00, 0x88, 0x07, 0xB0, 0x1D, 0x21, 0x0A, 0x4C, 0x40, 0x00,
  0x00, 0x05, 0x00, 0x88, 0x57, 0xB0, 0x9D, 0x21, 0x0A, 0x4C, 0x40, 0x00, 0x00, 0x05,
  0x20, 0x88, 0x84, 0xD0, 0x72, 0x28, 0xF4, 0x80, 0x2C, 0x60, 0xC1, 0x00, 0x44, 0x11,
  0x48, 0x00, 0x00, 0x80, 0x9C, 0x02, 0x00, 0x00, 0x00, 0x00, 0x20, 0x80, 0x10, 0x6E,
  0x83, 0x10, 0x79, 0x61, 0x94, 0x05, 0x90, 0x1A, 0x06, 0x04, 0x00, 0x00, 0x00, 0x85,
  0x07, 0xA0, 0x04, 0x10, 0x08, 0x68, 0x40, 0x00, 0x20, 0x05, 0x00, 0x88, 0x57, 0xA0,
  0x04, 0x10, 0x08, 0x68, 0x40, 0x00, 0x00, 0x05, 0x00, 0x88, 0x07, 0xB0, 0x05, 0x10,
  0x08, 0x68, 0x40, 0x00, 0x00, 0x05, 0x00, 0x88, 0x57, 0xB0, 0x05, 0x10, 0x08, 0x68,
  0x40, 0x00, 0x00, 0x05, 0x00, 0x88, 0x07, 0xA0, 0x14, 0x11, 0x08, 0x68, 0x40, 0x00,
  0x00, 0x05, 0x00, 0x88, 0x57, 0xA0, 0x14, 0x11, 0x08, 0x68, 0x40, 0x00, 0x00, 0x05,
  0x00, 0x88, 0x07, 0xB0, 0x15, 0x11, 0x08, 0x68, 0x40, 0x00, 0x00, 0x05, 0x00, 0x88,
  0x57, 0xB0, 0x15, 0x11, 0x08, 0x68, 0x40, 0x00, 0x00, 0x05, 0x00, 0x88, 0x07, 0xA0,
  0x0C, 0x10, 0x0A, 0x68, 0x40, 0x00, 0x00, 0x05, 0x00, 0x88, 0x57, 0xA0, 0x0C, 0x10,
  0x0A, 0x68, 0x40, 0x00, 0x00, 0x05, 0x00, 0x88, 0x07, 0xB0, 0x0D, 0x10, 0x0A, 0x68,
  0x40, 0x00, 0x00, 0x05, 0x00, 0x88, 0x57, 0xB0, 0x0D, 0x10, 0x0A, 0x68, 0x40, 0x00,
  0x00, 0x05, 0x00, 0x88, 0x07, 0xA0, 0x1C, 0x11, 0x0A, 0x68, 0x40, 0x00, 0x00, 0x05,
  0x00, 0x88, 0x57, 0xA0, 0x1C, 0x11, 0x0A, 0x68, 0x40, 0x00, 0x00, 0x05, 0x00, 0x88,
  0x07, 0xB0, 0x1D, 0x11, 0x0A, 0x68, 0x40, 0x00, 0x00, 0x05, 0x00, 0x88, 0x57, 0xB0,
  0x9D, 0x11, 0x0A, 0x68, 0x40, 0x00, 0x00, 0x05, 0x20, 0x88, 0x84, 0x90, 0x62, 0x2C,
  0xB4, 0x90, 0x2C, 0x60, 0xC1, 0x00, 0x44, 0x11, 0x48, 0x00, 0x00, 0x80, 0x9C, 0x02,
  0x00, 0x00, 0x00, 0x00, 0x20, 0x80, 0x10, 0x6E, 0x83, 0x10, 0x19, 0xE0, 0x94, 0x05,
  0x90, 0x1A, 0x06, 0x04, 0x00, 0x00, 0x00, 0x85, 0x07, 0xA0, 0x04, 0x30, 0x08, 0x6C,
  0x40, 0x00, 0x20, 0x05, 0x00, 0x88, 0x57, 0xA0, 0x04, 0x30, 0x08, 0x6C, 0x40, 0x00,
  0x00, 0x05, 0x00, 0x88, 0x07, 0xB0, 0x05, 0x30, 0x08, 0x6C, 0x40, 0x00, 0x00, 0x05,
  0x00, 0x88, 0x57, 0xB0, 0x05, 0x30, 0x08, 0x6C, 0x40, 0x00, 0x00, 0x05, 0x00, 0x88,
  0x07, 0xA0, 0x14, 0x31, 0x08, 0x6C, 0x40, 0x00, 0x00, 0x05, 0x00, 0x88, 0x57, 0xA0,
  0x14, 0x31, 0x08, 0x6C, 0x40, 0x00, 0x00, 0x05, 0x00, 0x88, 0x07, 0xB0, 0x15, 0x31,
  0x08, 0x6C, 0x40, 0x00, 0x00, 0x05, 0x00, 0x88, 0x57, 0xB0, 0x15, 0x31, 0x08, 0x6C,
  0x40, 0x00, 0x00, 0x05, 0x00, 0x88, 0x07, 0xA0, 0x0C, 0x30, 0x0A, 0x6C, 0x40, 0x00,
  0x00, 0x05, 0x00, 0x88, 0x57, 0xA0, 0x0C, 0x30, 0x0A, 0x6C, 0x40, 0x00, 0x00, 0x05,
  0x00, 0x88, 0x07, 0xB0, 0x0D, 0x30, 0x0A, 0x6C, 0x40, 0x00, 0x00, 0x05, 0x00, 0x88,
  0x57, 0xB0, 0x0D, 0x30, 0x0A, 0x6C, 0x40, 0x00, 0x00, 0x05, 0x00, 0x88, 0x07, 0xA0,
  0x1C, 0x31, 0x0A, 0x6C, 0x40, 0x00, 0x00, 0x05, 0x00, 0x88, 0x57, 0xA0, 0x1C, 0x31,
  0x0A, 0x6C, 0x40, 0x00, 0x00, 0x05, 0x00, 0x88, 0x07, 0xB0, 0x1D, 0x31, 0x0A, 0x6C,
  0x40, 0x00, 0x00, 0x05, 0x00, 0x88, 0x57, 0xB0, 0x9D, 0x31, 0x0A, 0x6C, 0x40, 0x00,
  0x00, 0x05, 0x20, 0x88, 0x84, 0x90, 0x72, 0x2C, 0xF4, 0x90, 0x2C, 0x60, 0xC1, 0x00,
  0x44, 0x11, 0x48, 0x00, 0x00, 0x80, 0x9C, 0x02, 0x00, 0x00, 0x00, 0x00, 0x20, 0x80,
  0x10, 0x6E, 0x83, 0x10, 0x59, 0xE0, 0x94, 0x05, 0x90, 0x1A, 0x06, 0x04, 0x00, 0x00,
  0x00, 0x85, 0x07, 0xA1, 0x00, 0x00, 0x08, 0x08, 0x40, 0x00, 0x21, 0x05, 0x00, 0x88,
  0x57, 0xA1, 0x00, 0x00, 0x08, 0x08, 0x40, 0x00, 0x01, 0x05, 0x00, 0x88, 0x07, 0xB1,
  0x01, 0x00, 0x08, 0x08, 0x40, 0x00, 0x01, 0x05, 0x00, 0x88, 0x57, 0xB1, 0x01, 0x00,
  0x08, 0x08, 0x40, 0x00, 0x01, 0x05, 0x00, 0x88, 0x07, 0xA1, 0x10, 0x01, 0x08, 0x08,
  0x40, 0x00, 0x01, 0x05, 0x00, 0x88, 0x57, 0xA1, 0x10, 0x01, 0x08, 0x08, 0x40, 0x00,
  0x01, 0x05, 0x00, 0x88, 0x07, 0xB1, 0x11, 0x01, 0x08, 0x08, 0x40, 0x00, 0x01, 0x05,
  0x00, 0x88, 0x57, 0xB1, 0x11, 0x01, 0x08, 0x08, 0x40, 0x00, 0x01, 0x05, 0x00, 0x88,
  0x07, 0xA1, 0x08, 0x00, 0x0A, 0x08, 0x40, 0x00, 0x01, 0x05, 0x00, 0x88, 0x57, 0xA1,
  0x08, 0x00, 0x0A, 0x08, 0x40, 0x00, 0x01, 0x05, 0x00, 0x88, 0x07, 0xB1, 0x09, 0x00,
  0x0A, 0x08, 0x40, 0x00, 0x01, 0x05, 0x00, 0x88, 0x57, 0xB1, 0x09, 0x00, 0x0A, 0x08,
  0x40, 0x00, 0x01, 0x05, 0x00, 0x88, 0x07, 0xA1, 0x18, 0x01, 0x0A, 0x08, 0x40, 0x00,
  0x01, 0x05, 0x00, 0x88, 0x57, 0xA1, 0x18, 0x01, 0x0A, 0x08, 0x40, 0x00, 0x01, 0x05,
  0x00, 0x88, 0x07, 0xB1, 0x19, 0x01, 0x0A, 0x08, 0x40, 0x00, 0x01, 0x05, 0x00, 0x88,
  0x57, 0xB1, 0x99, 0x01, 0x0A, 0x08, 0x40, 0x00, 0x01, 0x05, 0x20, 0x88, 0x84, 0xD1,
  0x62, 0x2C, 0xB4, 0x80, 0x24, 0x60, 0xC1, 0x00, 0x44, 0x11, 0x48, 0x00, 0x00, 0x80,
  0x9C, 0x02, 0x00, 0x00, 0x00, 0x00, 0x20, 0x80, 0x10, 0x6E, 0x83, 0x10, 0x39, 0xE0,
  0x94, 0x05, 0x90, 0x1A, 0x06, 0x04, 0x00, 0x00, 0x00, 0x85, 0x07, 0xA1, 0x00, 0x20,
  0x08, 0x0C, 0x40, 0x00, 0x21, 0x05, 0x00, 0x88, 0x57, 0xA1, 0x00, 0x20, 0x08, 0x0C,
  0x40, 0x00, 0x01, 0x05, 0x00, 0x88, 0x07, 0xB1, 0x01, 0x20, 0x08, 0x0C, 0x40, 0x00,
  0x01, 0x05, 0x00, 0x88, 0x57, 0xB1, 0x01, 0x20, 0x08, 0x0C, 0x40, 0x00, 0x01, 0x05,
  0x00, 0x88, 0x07, 0xA1, 0x10, 0x21, 0x08, 0x0C, 0x40, 0x00, 0x01, 0x05, 0x00, 0x88,
  0x57, 0xA1, 0x10, 0x21, 0x08, 0x0C, 0x40, 0x00, 0x01, 0x05, 0x00, 0x88, 0x07, 0xB1,
  0x11, 0x21, 0x08, 0x0C, 0x40, 0x00, 0x01, 0x05, 0x00, 0x88, 0x57, 0xB1, 0x11, 0x21,
  0x08, 0x0C, 0x40, 0x00, 0x01, 0x05, 0x00, 0x88, 0x07, 0xA1, 0x08, 0x20, 0x0A, 0x0C,
  0x40, 0x00, 0x01, 0x05, 0x00, 0x88, 0x57, 0xA1, 0x08, 0x20, 0x0A, 0x0C, 0x40, 0x00,
  0x01, 0x05, 0x00, 0x88, 0x07, 0xB1, 0x09, 0x20, 0x0A, 0x0C, 0x40, 0x00, 0x01, 0x05,
  0x00, 0x88, 0x57, 0xB1, 0x09, 0x20, 0x0A, 0x0C, 0x40, 0x00, 0x01, 0x05, 0x00, 0x88,
  0x07, 0xA1, 0x18, 0x21, 0x0A, 0x0C, 0x40, 0x00, 0x01, 0x05, 0x00, 0x88, 0x57, 0xA1,
  0x18, 0x21, 0x0A, 0x0C, 0x40, 0x00, 0x01, 0x05, 0x00, 0x88, 0x07, 0xB1, 0x19, 0x21,
  0x0A, 0x0C, 0x40, 0x00, 0x01, 0x05, 0x00, 0x88, 0x57, 0xB1, 0x99, 0x21, 0x0A, 0x0C,
  0x40, 0x00, 0x01, 0x05, 0x20, 0x88, 0x84, 0xD1, 0x72, 0x2C, 0xF4, 0x80, 0x24, 0x60,
  0xC1, 0x00, 0x44, 0x11, 0x48, 0x00, 0x00, 0x80, 0x9C, 0x02, 0x00, 0x00, 0x00, 0x00,
  0x20, 0x80, 0x38, 0x34, 0xD1, 0x79, 0x8D, 0x9C, 0x86, 0x25, 0x5A, 0xE6, 0x00, 0x9B,
  0x1C, 0xF8, 0x04, 0x00, 0x00, 0x80, 0x00, 0x00, 0x00, 0x00, 0x00, 0x00, 0x00, 0x00,
  0x00, 0x80, 0x9C, 0x02, 0x00, 0x00, 0x00, 0x00, 0x34, 0x80, 0x5C, 0x1A, 0x00, 0x00,
  0x00, 0x00, 0x00, 0x01, 0x08, 0x00, 0x00, 0x80, 0x7C, 0x0F, 0x60, 0x41, 0x80, 0x42,
  0xC0, 0x40, 0xCA, 0x59, 0x80, 0x95, 0x5C, 0x02, 0x00, 0x00, 0x00, 0x00, 0x00, 0x11,
  0x08, 0x00, 0x00, 0x80, 0x02, 0x28, 0x25, 0x34, 0x01, 0x00, 0x08, 0x80, 0xB0, 0x6F,
  0x90, 0x02, 0x09, 0x60, 0x94, 0x01, 0x90, 0x0A, 0x06, 0x04, 0x00, 0x00, 0x00, 0x85,
  0x40, 0xCC, 0x97, 0x10, 0x01, 0x22, 0xB0, 0x09, 0x92, 0x0A, 0x1E, 0x04, 0x00, 0x00,
  0x00, 0x84, 0x38, 0x72, 0x8E, 0x69, 0x9B, 0xF8, 0xB6, 0x25, 0x40, 0x82, 0x00, 0x1A,
  0x00, 0x02, 0x08, 0x80, 0x00, 0x4C, 0x97, 0x08, 0x7D, 0x27, 0x31, 0x29, 0x93, 0x0A,
  0x0E, 0x04, 0x00, 0x00, 0x00, 0x84, 0x38, 0x72, 0x8C, 0x69, 0x97, 0xD8, 0xB6, 0x25,
  0x40, 0x82, 0x20, 0x1A, 0x00, 0x02, 0x08, 0x80, 0x17, 0xC8, 0x80, 0x01, 0x8A, 0x0A,
  0x40, 0x48, 0x20, 0x04, 0x00, 0x88, 0x7C, 0x4A, 0x69, 0x5E, 0x91, 0x42, 0x80, 0x60,
  0x8B, 0x03, 0x80, 0x95, 0x7C, 0x9F, 0x08, 0x01, 0x80, 0x0C, 0xC0, 0x30, 0x8A, 0x5A,
  0x81, 0x95, 0x00, 0x4C, 0x81, 0x10, 0xC1, 0x22, 0x90, 0x01, 0x90, 0x1A, 0x06, 0x04,
  0x00, 0x00, 0x00, 0x85, 0xD0, 0x6F, 0x85, 0x00, 0x49, 0xE0, 0x94, 0x05, 0x94, 0x0A,
  0x0E, 0x04, 0x00, 0x00, 0x00, 0x84, 0x1C, 0xD8, 0x06, 0x10, 0x80, 0x80, 0x00, 0x00,
  0x00, 0x00, 0x00, 0x00, 0x00, 0x00, 0x00, 0x80, 0x38, 0xB7, 0x88, 0x6B, 0x97, 0x08,
  0x96, 0x25, 0x40, 0xA2, 0x20, 0x9A, 0x4E, 0x0A, 0x39, 0x2C, 0x71, 0x42, 0xA8, 0x20,
  0xB4, 0x03, 0x04, 0x01, 0x00, 0x01, 0x10, 0x80, 0x10, 0xCE, 0x93, 0x00, 0xA1, 0x23,
  0xF1, 0x01, 0x94, 0x1A, 0x06, 0x05, 0x00, 0x00, 0x00, 0x85, 0x38, 0x76, 0x9B, 0x69,
  0xB9, 0x38, 0xB6, 0x25, 0x40, 0xA2, 0x00, 0x9A, 0xD0, 0x4E, 0x99, 0x51, 0xE1, 0x22,
  0xB0, 0x01, 0x90, 0x0A, 0x06, 0x04, 0x00, 0x00, 0x00, 0x85, 0x60, 0x6C, 0x1F, 0x08,
  0x15, 0x24, 0xB8, 0x2B, 0x91, 0x4A, 0x0E, 0x04, 0x00, 0x00, 0x00, 0x84, 0x10, 0xEF,
  0x95, 0x12, 0x29, 0x61, 0x94, 0x05, 0x90, 0x0A, 0x0E, 0x04, 0x00, 0x00, 0x00, 0x84,
  0x1C, 0xF8, 0x01, 0x00, 0x00, 0x80, 0x00, 0x00, 0x00, 0x00, 0x00, 0x00, 0x00, 0x00,
  0x00, 0x80, 0xF0, 0xCC, 0x88, 0x18, 0xC1, 0x22, 0x90, 0x01, 0x90, 0x0A, 0x06, 0x04,
  0x00, 0x00, 0x00, 0x85, 0x37, 0xC9, 0xA5, 0x02, 0x10, 0x08, 0x40, 0x40, 0x00, 0x04,
  0x20, 0x88, 0x1C, 0x40, 0xFB, 0x7F, 0xFF, 0x1B, 0x00, 0x00, 0x00, 0x00, 0x00, 0x00,
  0x00, 0x00, 0x00, 0x80, 0x13, 0xC8, 0xA1, 0x00, 0x18, 0x08, 0x40, 0x40, 0x00, 0x04,
  0x00, 0x88, 0x40, 0x4C, 0xDB, 0x08, 0x5D, 0x24, 0xB8, 0x29, 0x91, 0x4A, 0x26, 0x04,
  0x00, 0x00, 0x00, 0x85, 0x20, 0xCC, 0x9B, 0x11, 0x01, 0x00, 0xD0, 0x01, 0x90, 0x0A,
  0x16, 0x04, 0x00, 0x00, 0x00, 0x84, 0x30, 0x6C, 0x1F, 0x28, 0x05, 0x20, 0x99, 0x23,
  0x91, 0x4A, 0x06, 0x04, 0x00, 0x00, 0x00, 0x84, 0xFE, 0x60, 0x23, 0x38, 0x04, 0xE1,
  0x08, 0x80, 0x7E, 0x64, 0xC2, 0x40, 0x06, 0xE4, 0x04, 0x80, 0xD0, 0xE2, 0x14, 0x40,
  0x69, 0x60, 0x94, 0x05, 0x90, 0x0A, 0x0E, 0x04, 0x00, 0x00, 0x00, 0x84, 0xF0, 0x6E,
  0xB8, 0x18, 0x89, 0x22, 0xB0, 0x01, 0x90, 0x0A, 0x06, 0x04, 0x00, 0x00, 0x40, 0x85,
  0x50, 0x42, 0x17, 0x51, 0x61, 0x22, 0xB0, 0x01, 0x90, 0x0A, 0x0E, 0x04, 0x00, 0x00,
  0x00, 0x84, 0x1A, 0xB1, 0x89, 0x2C, 0x00, 0x0A, 0x00, 0x80, 0x50, 0x42, 0x15, 0x48,
  0x61, 0x22, 0xB0, 0x01, 0x90, 0x0A, 0x0E, 0x05, 0x00, 0x00, 0x00, 0x84, 0x7E, 0x64,
  0xC2, 0x38, 0x06, 0xE4, 0x04, 0x80, 0xF0, 0x6E, 0x1C, 0x00, 0x05, 0x22, 0xB8, 0x23,
  0x91, 0x0A, 0x2E, 0x04, 0x00, 0x00, 0x00, 0x84, 0x27, 0x89, 0x85, 0x00, 0x08, 0x08,
  0x40, 0x41, 0x00, 0x04, 0x20, 0x88, 0x37, 0x89, 0xA5, 0x02, 0x10, 0x0A, 0x40, 0x40,
  0x20, 0x04, 0x00, 0x88, 0x30, 0x42, 0x13, 0x51, 0xCD, 0x3E, 0x98, 0x22, 0x00, 0x2A,
  0x06, 0x16, 0x21, 0x00, 0x00, 0x85, 0xF0, 0x62, 0x15, 0x11, 0x01, 0x3E, 0x10, 0x02,
  0x80, 0x0E, 0x0E, 0x14, 0x01, 0x00, 0x00, 0x84, 0x33, 0xC9, 0xA0, 0x00, 0x18, 0x08,
  0x40, 0x41, 0x00, 0x04, 0x20, 0x88, 0x50, 0xCE, 0x9C, 0x11, 0x2D, 0x27, 0x30, 0x01,
  0x91, 0x0A, 0x2E, 0x04, 0x00, 0x00, 0x00, 0x84, 0x70, 0xE3, 0x03, 0x11, 0x89, 0x60,
  0x94, 0x05, 0x90, 0x0A, 0x06, 0x04, 0x00, 0x00, 0x00, 0x85, 0x70, 0xCE, 0x8F, 0x11,
  0x01, 0x22, 0xB0, 0x01, 0x92, 0x0A, 0x1E, 0x04, 0x00, 0x00, 0x00, 0x84, 0xD0, 0xC2,
  0x18, 0x58, 0x81, 0x20, 0x90, 0x01, 0x92, 0x0A, 0x06, 0x04, 0x00, 0x00, 0x00, 0x85,
  0x70, 0xE3, 0x07, 0x11, 0x09, 0x60, 0x94, 0x05, 0x90, 0x0A, 0x0E, 0x04, 0x00, 0x00,
  0x00, 0x84, 0xD0, 0xC2, 0x18, 0x58, 0x81, 0x20, 0x90, 0x01, 0x92, 0x0A, 0x06, 0x04,
  0x00, 0x00, 0x00, 0x85, 0xD0, 0xCE, 0x94, 0x00, 0x2D, 0x27, 0x98, 0x01, 0x91, 0x0A,
  0x2E, 0x04, 0x00, 0x00, 0x00, 0x84, 0x33, 0xC9, 0xA5, 0x00, 0x08, 0x0A, 0x40, 0x40,
  0x00, 0x04, 0x00, 0x88, 0x38, 0xD3, 0x04, 0x49, 0x09, 0x28, 0x97, 0xA5, 0x70, 0xCC,
  0x9C, 0x10, 0x01, 0x20, 0xD0, 0x01, 0x90, 0x0A, 0x0E, 0x04, 0x00, 0x00, 0x00, 0x84,
  0x70, 0x6C, 0x19, 0x00, 0x95, 0x24, 0x11, 0x01, 0x91, 0x4A, 0x06, 0x04, 0x00, 0x00,
  0x00, 0x85, 0x70, 0xEF, 0x82, 0x12, 0x99, 0x60, 0x94, 0x05, 0x90, 0x0A, 0x06, 0x04,
  0x00, 0x00, 0x00, 0x85, 0x1C, 0x98, 0x04, 0x00, 0x00, 0x84, 0x00, 0x00, 0x00, 0x00,
  0x00, 0x00, 0x00, 0x00, 0x00, 0x80, 0x30, 0xEF, 0x93, 0x0A, 0x89, 0x60, 0xD5, 0x01,
  0x90, 0x4A, 0x06, 0x04, 0x00, 0x00, 0x00, 0x85, 0x70, 0x62, 0x17, 0x08, 0x05, 0x32,
  0xB9, 0x21, 0x82, 0x42, 0x0E, 0x10, 0x01, 0x00, 0x00, 0x84, 0x38, 0x50, 0x95, 0x6B,
  0xB9, 0x79, 0xA7, 0x25, 0x00, 0x82, 0x00, 0x1A, 0x00, 0x02, 0x08, 0x80, 0x30, 0x6E,
  0xB5, 0x51, 0x49, 0x2A, 0x90, 0x01, 0x90, 0x0A, 0x0E, 0x04, 0x00, 0x00, 0x40, 0x84,
  0x10, 0x4E, 0xD3, 0x48, 0xCD, 0x22, 0x99, 0x21, 0x91, 0x4A, 0x26, 0x04, 0x00, 0x00,
  0x00, 0x85, 0xB8, 0x92, 0x97, 0x43, 0x00, 0x0C, 0x36, 0x21, 0x78, 0x86, 0x00, 0x1A,
  0x00, 0x02, 0x08, 0x80, 0x30, 0xCE, 0x97, 0x08, 0x01, 0x22, 0xF1, 0x01, 0x92, 0x4A,
  0x1E, 0x04, 0x00, 0x00, 0x00, 0x84, 0x10, 0x4E, 0x93, 0x51, 0xC1, 0x22, 0x90, 0x01,
  0x92, 0x0A, 0x16, 0x04, 0x00, 0x00, 0x00, 0x85, 0x1C, 0x58, 0x05, 0x00, 0x00, 0x00,
  0x00, 0x00, 0x00, 0x00, 0x00, 0x00, 0x00, 0x00, 0x00, 0x80, 0x70, 0xEF, 0x94, 0x0A,
  0x19, 0x60, 0xD5, 0x01, 0x90, 0x4A, 0x0E, 0x04, 0x00, 0x00, 0x00, 0x84, 0x30, 0x62,
  0x11, 0x08, 0x95, 0x32, 0xB9, 0x21, 0x82, 0x42, 0x06, 0x10, 0x01, 0x00, 0x00, 0x85,
  0x38, 0x74, 0x93, 0x6B, 0xB9, 0x79, 0xA7, 0x25, 0x00, 0xA2, 0x00, 0x9A, 0x30, 0x6E,
  0xB1, 0x51, 0xC9, 0x2A, 0x90, 0x01, 0x90, 0x0A, 0x06, 0x04, 0x00, 0x00, 0x40, 0x85,
  0x50, 0x4E, 0xD4, 0x48, 0x5D, 0x22, 0x99, 0x21, 0x91, 0x4A, 0x2E, 0x04, 0x00, 0x00,
  0x00, 0x84, 0xB8, 0x92, 0x97, 0x43, 0x00, 0x0C, 0x36, 0x21, 0x78, 0x86, 0x00, 0x1A,
  0x00, 0x02, 0x08, 0x80, 0x70, 0xCE, 0x94, 0x08, 0x11, 0x22, 0xF1, 0x01, 0x92, 0x4A,
  0x1E, 0x04, 0x00, 0x00, 0x00, 0x84, 0x10, 0x4E, 0x93, 0x51, 0xC1, 0x22, 0x90, 0x01,
  0x92, 0x0A, 0x16, 0x04, 0x00, 0x00, 0x00, 0x85, 0x10, 0x4C, 0x9B, 0x48, 0xCD, 0x24,
  0x99, 0x01, 0x91, 0x4A, 0x06, 0x04, 0x00, 0x00, 0x00, 0x85, 0xB8, 0xB0, 0x95, 0x43,
  0x00, 0x0C, 0x36, 0x21, 0x78, 0x86, 0x00, 0x1A, 0x00, 0x02, 0x08, 0x80, 0x70, 0x4E,
  0x90, 0x50, 0xC1, 0x2A, 0x90, 0x01, 0x92, 0x0A, 0x16, 0x04, 0x00, 0x00, 0x00, 0x85,
  0xD0, 0x6F, 0x84, 0x1A, 0x29, 0xE0, 0xD4, 0x01, 0x94, 0x0A, 0x0E, 0x04, 0x00, 0x00,
  0x00, 0x84, 0x27, 0xC9, 0x01, 0x01, 0x00, 0x08, 0x40, 0x49, 0x20, 0x04, 0x00, 0x88,
  0x33, 0x88, 0x20, 0x00, 0x18, 0x08, 0x40, 0x48, 0x00, 0x04, 0x00, 0x88, 0x27, 0x89,
  0xA5, 0x02, 0x10, 0x0A, 0x40, 0x48, 0x00, 0x04, 0x00, 0x88, 0x20, 0x6C, 0x19, 0x20,
  0x95, 0x24, 0x11, 0x21, 0x91, 0x4A, 0x06, 0x04, 0x00, 0x00, 0x00, 0x85, 0x40, 0xCE,
  0x9A, 0x18, 0x91, 0x6A, 0xB0, 0x09, 0x90, 0x4A, 0x06, 0x05, 0x00, 0x00, 0x00, 0x85,
  0x30, 0xCE, 0x98, 0x48, 0x8D, 0x00, 0x98, 0x23, 0x91, 0x0E, 0x0E, 0x05, 0x00, 0x00,
  0x00, 0x84, 0x30, 0xEE, 0x95, 0x08, 0x09, 0x60, 0xD5, 0x41, 0x90, 0x4A, 0x0E, 0x04,
  0x00, 0x00, 0x00, 0x84, 0x1C, 0x3C, 0x01, 0x00, 0x00, 0x80, 0x00, 0x00, 0x00, 0x00,
  0x00, 0x00, 0x00, 0x00, 0x00, 0x80, 0x9C, 0x03, 0x00, 0x80, 0x10, 0xEF, 0x85, 0x12,
  0x09, 0xE1, 0x94, 0x05, 0x94, 0x0A, 0x06, 0x04, 0x00, 0x00, 0x00, 0x84, 0xD0, 0x6F,
  0x85, 0x02, 0x49, 0xE0, 0x94, 0x05, 0x94, 0x0A, 0x06, 0x04, 0x00, 0x00, 0x04, 0x84,
  0x60, 0x6C, 0x10, 0x00, 0x95, 0x04, 0x11, 0x09, 0x91, 0x0A, 0x0E, 0x05, 0x00, 0x00,
  0x00, 0x84, 0x40, 0xCC, 0xDB, 0x00, 0x0D, 0x02, 0xB9, 0x21, 0x91, 0x0A, 0x06, 0x05,
  0x00, 0x00, 0x00, 0x84, 0x40, 0xCC, 0x80, 0x00, 0x61, 0xA2, 0xB1, 0x09, 0x90, 0x5A,
  0x16, 0x04, 0x00, 0x00, 0x00, 0x85, 0x1C, 0x5C, 0xFF, 0x7F, 0xBF, 0x88, 0x00, 0x00,
  0x00, 0x00, 0x00, 0x00, 0x00, 0x00, 0x00, 0x80, 0x7C, 0x9F, 0x08, 0x01, 0x80, 0x08,
  0xC0, 0x30, 0x8A, 0x5A, 0x81, 0x95, 0x92, 0x01, 0x00, 0x00, 0x15, 0x60, 0x00, 0xD1,
  0x9C, 0x02, 0x00, 0x00, 0x00, 0x00, 0x34, 0x80, 0x02, 0x28, 0x25, 0x34, 0x11, 0x03,
  0x08, 0x80, 0x30, 0xEE, 0x95, 0x08, 0x09, 0x60, 0xD5, 0x41, 0x90, 0x4A, 0x0E, 0x04,
  0x00, 0x00, 0x00, 0x84, 0x1C, 0x3C, 0x01, 0x00, 0x00, 0x80, 0x00, 0x00, 0x00, 0x00,
  0x00, 0x00, 0x00, 0x00, 0x00, 0x80, 0x9C, 0x03, 0x00, 0x80, 0x1C, 0x1F, 0x00, 0x80,
  0x9C, 0x02, 0x00, 0x00, 0x00, 0x00, 0x20, 0x80, 0x30, 0x6E, 0x97, 0x10, 0x19, 0x60,
  0x94, 0x05, 0x90, 0x0A, 0x0E, 0x04, 0x00, 0x00, 0x00, 0x84, 0x07, 0xA0, 0x80, 0x10,
  0x08, 0x28, 0x40, 0x00, 0x00, 0x05, 0x20, 0x88, 0x70, 0x6E, 0x97, 0x10, 0x19, 0x60,
  0x94, 0x05, 0x90, 0x0A, 0x06, 0x04, 0x00, 0x00, 0x04, 0x84, 0x84, 0x52, 0x46, 0x28,
  0xB0, 0x90, 0x24, 0x60, 0xC1, 0x02, 0x44, 0x91, 0x57, 0xA0, 0x80, 0x10, 0x08, 0x28,
  0x40, 0x00, 0x00, 0x05, 0x20, 0x88, 0x70, 0x6E, 0x97, 0x10, 0x79, 0x61, 0xD4, 0x05,
  0x90, 0x0A, 0x06, 0x04, 0x00, 0x00, 0x04, 0x84, 0x84, 0x52, 0x42, 0x2A, 0xB0, 0x90,
  0x24, 0x60, 0xC1, 0x02, 0x44, 0x11, 0x08, 0x00, 0x80, 0x80, 0x07, 0xB0, 0x81, 0x10,
  0x08, 0x28, 0x40, 0x00, 0x00, 0x05, 0x20, 0x88, 0x70, 0xEE, 0x97, 0x10, 0x79, 0x60,
  0xD4, 0x05, 0x90, 0x0A, 0x06, 0x04, 0x00, 0x00, 0x04, 0x84, 0x84, 0x52, 0xC2, 0x28,
  0xB0, 0x90, 0x24, 0x60, 0xC1, 0x02, 0x44, 0x11, 0x00, 0x00, 0x80, 0x82, 0x57, 0xB0,
  0x81, 0x10, 0x08, 0x28, 0x40, 0x00, 0x00, 0x05, 0x20, 0x88, 0x70, 0x6E, 0x97, 0x10,
  0x19, 0xE0, 0xD4, 0x05, 0x90, 0x0A, 0x06, 0x04, 0x00, 0x00, 0x04, 0x84, 0x84, 0x52,
  0xC2, 0x2A, 0xB0, 0x90, 0x24, 0x60, 0xC1, 0x02, 0x44, 0x11, 0x08, 0x00, 0x80, 0x82,
  0x07, 0xA0, 0x90, 0x11, 0x08, 0x28, 0x40, 0x00, 0x00, 0x05, 0x20, 0x88, 0x50, 0x6E,
  0x87, 0x10, 0x59, 0x61, 0x94, 0x05, 0x90, 0x1A, 0x06, 0x04, 0x00, 0x00, 0x04, 0x84,
  0x84, 0x52, 0x42, 0x38, 0xB0, 0x90, 0x24, 0x60, 0xC1, 0x02, 0x44, 0x11, 0x00, 0x00,
  0x80, 0x84, 0x57, 0xA0, 0x90, 0x11, 0x08, 0x28, 0x40, 0x00, 0x00, 0x05, 0x20, 0x88,
  0x50, 0xEE, 0x87, 0x10, 0x59, 0x61, 0x94, 0x05, 0x90, 0x1A, 0x06, 0x04, 0x00, 0x00,
  0x04, 0x84, 0x84, 0x52, 0x42, 0x3A, 0xB0, 0x90, 0x24, 0x60, 0xC1, 0x02, 0x44, 0x11,
  0x08, 0x00, 0x80, 0x84, 0x07, 0xB0, 0x91, 0x11, 0x08, 0x28, 0x40, 0x00, 0x00, 0x05,
  0x20, 0x88, 0x50, 0x6E, 0x87, 0x10, 0x39, 0x61, 0x94, 0x05, 0x90, 0x1A, 0x06, 0x04,
  0x00, 0x00, 0x04, 0x84, 0x84, 0x52, 0xC2, 0x38, 0xB0, 0x90, 0x24, 0x60, 0xC1, 0x02,
  0x44, 0x11, 0x00, 0x00, 0x80, 0x86, 0x57, 0xB0, 0x91, 0x11, 0x08, 0x28, 0x40, 0x00,
  0x00, 0x05, 0x20, 0x88, 0x50, 0xEE, 0x87, 0x10, 0x39, 0x61, 0x94, 0x05, 0x90, 0x1A,
  0x06, 0x04, 0x00, 0x00, 0x04, 0x84, 0x84, 0x52, 0xC2, 0x3A, 0xB0, 0x90, 0x24, 0x60,
  0xC1, 0x02, 0x44, 0x11, 0x08, 0x00, 0x80, 0x86, 0x07, 0xA0, 0x88, 0x10, 0x0A, 0x28,
  0x40, 0x00, 0x00, 0x05, 0x20, 0x88, 0x50, 0x6E, 0x87, 0x10, 0x79, 0x61, 0x94, 0x05,
  0x90, 0x1A, 0x06, 0x04, 0x00, 0x00, 0x04, 0x84, 0x84, 0x52, 0x42, 0x28, 0xB1, 0x90,
  0x24, 0x60, 0xC1, 0x02, 0x44, 0x11, 0x00, 0x00, 0x80, 0x88, 0x57, 0xA0, 0x88, 0x10,
  0x0A, 0x28, 0x40, 0x00, 0x00, 0x05, 0x20, 0x88, 0x50, 0xEE, 0x87, 0x10, 0x79, 0x61,
  0x94, 0x05, 0x90, 0x1A, 0x06, 0x04, 0x00, 0x00, 0x04, 0x84, 0x84, 0x52, 0x42, 0x2A,
  0xB1, 0x90, 0x24, 0x60, 0xC1, 0x02, 0x44, 0x11, 0x08, 0x00, 0x80, 0x88, 0x07, 0xB0,
  0x89, 0x10, 0x0A, 0x28, 0x40, 0x00, 0x00, 0x05, 0x20, 0x88, 0x50, 0x6E, 0x87, 0x10,
  0x19, 0xE0, 0x94, 0x05, 0x90, 0x1A, 0x06, 0x04, 0x00, 0x00, 0x04, 0x84, 0x84, 0x52,
  0xC2, 0x28, 0xB1, 0x90, 0x24, 0x60, 0xC1, 0x02, 0x44, 0x11, 0x00, 0x00, 0x80, 0x8A,
  0x57, 0xB0, 0x89, 0x10, 0x0A, 0x28, 0x40, 0x00, 0x00, 0x05, 0x20, 0x88, 0x50, 0xEE,
  0x87, 0x10, 0x19, 0xE0, 0x94, 0x05, 0x90, 0x1A, 0x06, 0x04, 0x00, 0x00, 0x04, 0x84,
  0x84, 0x52, 0xC2, 0x2A, 0xB1, 0x90, 0x24, 0x60, 0xC1, 0x02, 0x44, 0x11, 0x08, 0x00,
  0x80, 0x8A, 0x07, 0xA0, 0x98, 0x11, 0x0A, 0x28, 0x40, 0x00, 0x00, 0x05, 0x20, 0x88,
  0x50, 0x6E, 0x87, 0x10, 0x59, 0xE0, 0x94, 0x05, 0x90, 0x1A, 0x06, 0x04, 0x00, 0x00,
  0x04, 0x84, 0x84, 0x52, 0x42, 0x38, 0xB1, 0x90, 0x24, 0x60, 0xC1, 0x02, 0x44, 0x11,
  0x00, 0x00, 0x80, 0x8C, 0x57, 0xA0, 0x98, 0x11, 0x0A, 0x28, 0x40, 0x00, 0x00, 0x05,
  0x20, 0x88, 0x50, 0xEE, 0x87, 0x10, 0x59, 0xE0, 0x94, 0x05, 0x90, 0x1A, 0x06, 0x04,
  0x00, 0x00, 0x04, 0x84, 0x84, 0x52, 0x42, 0x3A, 0xB1, 0x90, 0x24, 0x60, 0xC1, 0x02,
  0x44, 0x11, 0x08, 0x00, 0x80, 0x8C, 0x07, 0xB0, 0x99, 0x11, 0x0A, 0x28, 0x40, 0x00,
  0x00, 0x05, 0x20, 0x88, 0x50, 0x6E, 0x87, 0x10, 0x39, 0xE0, 0x94, 0x05, 0x90, 0x1A,
  0x06, 0x04, 0x00, 0x00, 0x04, 0x84, 0x84, 0x52, 0xC2, 0x38, 0xB1, 0x90, 0x24, 0x60,
  0xC1, 0x02, 0x44, 0x11, 0x00, 0x00, 0x80, 0x8E, 0x57, 0xB0, 0x99, 0x11, 0x0A, 0x28,
  0x40, 0x00, 0x00, 0x05, 0x20, 0x88, 0x50, 0xEE, 0x87, 0x10, 0x39, 0xE0, 0x94, 0x05,
  0x90, 0x1A, 0x06, 0x04, 0x00, 0x00, 0x04, 0x84, 0x84, 0x52, 0xC2, 0x3A, 0xB1, 0x90,
  0x24, 0x60, 0xC1, 0x02, 0x44, 0x11, 0x08, 0x00, 0x80, 0x8E, 0x00, 0xCC, 0x93, 0x10,
  0xA1, 0x37, 0x31, 0x22, 0xF0, 0x0B, 0x06, 0x04, 0x00, 0x00, 0x00, 0x85, 0x30, 0xEE,
  0x97, 0x10, 0x79, 0x60, 0xD4, 0x05, 0x90, 0x0A, 0x0E, 0x04, 0x00, 0x00, 0x00, 0x84,
  0x07, 0xA0, 0x80, 0x30, 0x08, 0x2C, 0x40, 0x00, 0x00, 0x05, 0x20, 0x88, 0x70, 0x6E,
  0x97, 0x10, 0x19, 0x60, 0x94, 0x05, 0x90, 0x0A, 0x06, 0x04, 0x00, 0x00, 0x04, 0x84,
  0x84, 0x52, 0x42, 0x28, 0xF0, 0x90, 0x24, 0x60, 0xC1, 0x02, 0x44, 0x91, 0x57, 0xA0,
  0x80, 0x30, 0x08, 0x2C, 0x40, 0x00, 0x00, 0x05, 0x20, 0x88, 0x70, 0x6E, 0x97, 0x10,
  0x79, 0x61, 0xD4, 0x05, 0x90, 0x0A, 0x06, 0x04, 0x00, 0x00, 0x04, 0x84, 0x84, 0x52,
  0x42, 0x2A, 0xF0, 0x90, 0x24, 0x60, 0xC1, 0x02, 0x44, 0x11, 0x08, 0x00, 0x80, 0x80,
  0x07, 0xB0, 0x81, 0x30, 0x08, 0x2C, 0x40, 0x00, 0x00, 0x05, 0x20, 0x88, 0x70, 0xEE,
  0x97, 0x10, 0x79, 0x60, 0xD4, 0x05, 0x90, 0x0A, 0x06, 0x04, 0x00, 0x00, 0x04, 0x84,
  0x84, 0x52, 0xC2, 0x28, 0xF0, 0x90, 0x24, 0x60, 0xC1, 0x02, 0x44, 0x11, 0x00, 0x00,
  0x80, 0x82, 0x57, 0xB0, 0x81, 0x30, 0x08, 0x2C, 0x40, 0x00, 0x00, 0x05, 0x20, 0x88,
  0x70, 0x6E, 0x97, 0x10, 0x19, 0xE0, 0xD4, 0x05, 0x90, 0x0A, 0x06, 0x04, 0x00, 0x00,
  0x04, 0x84, 0x84, 0x52, 0xC2, 0x2A, 0xF0, 0x90, 0x24, 0x60, 0xC1, 0x02, 0x44, 0x11,
  0x08, 0x00, 0x80, 0x82, 0x07, 0xA0, 0x90, 0x31, 0x08, 0x2C, 0x40, 0x00, 0x00, 0x05,
  0x20, 0x88, 0x50, 0x6E, 0x87, 0x10, 0x59, 0x61, 0x94, 0x05, 0x90, 0x1A, 0x06, 0x04,
  0x00, 0x00, 0x04, 0x84, 0x84, 0x52, 0x42, 0x38, 0xF0, 0x90, 0x24, 0x60, 0xC1, 0x02,
  0x44, 0x11, 0x00, 0x00, 0x80, 0x84, 0x57, 0xA0, 0x90, 0x31, 0x08, 0x2C, 0x40, 0x00,
  0x00, 0x05, 0x20, 0x88, 0x50, 0xEE, 0x87, 0x10, 0x59, 0x61, 0x94, 0x05, 0x90, 0x1A,
  0x06, 0x04, 0x00, 0x00, 0x04, 0x84, 0x84, 0x52, 0x42, 0x3A, 0xF0, 0x90, 0x24, 0x60,
  0xC1, 0x02, 0x44, 0x11, 0x08, 0x00, 0x80, 0x84, 0x07, 0xB0, 0x91, 0x31, 0x08, 0x2C,
  0x40, 0x00, 0x00, 0x05, 0x20, 0x88, 0x50, 0x6E, 0x87, 0x10, 0x39, 0x61, 0x94, 0x05,
  0x90, 0x1A, 0x06, 0x04, 0x00, 0x00, 0x04, 0x84, 0x84, 0x52, 0xC2, 0x38, 0xF0, 0x90,
  0x24, 0x60, 0xC1, 0x02, 0x44, 0x11, 0x00, 0x00, 0x80, 0x86, 0x57, 0xB0, 0x91, 0x31,
  0x08, 0x2C, 0x40, 0x00, 0x00, 0x05, 0x20, 0x88, 0x50, 0xEE, 0x87, 0x10, 0x39, 0x61,
  0x94, 0x05, 0x90, 0x1A, 0x06, 0x04, 0x00, 0x00, 0x04, 0x84, 0x84, 0x52, 0xC2, 0x3A,
  0xF0, 0x90, 0x24, 0x60, 0xC1, 0x02, 0x44, 0x11, 0x08, 0x00, 0x80, 0x86, 0x07, 0xA0,
  0x88, 0x30, 0x0A, 0x2C, 0x40, 0x00, 0x00, 0x05, 0x20, 0x88, 0x50, 0x6E, 0x87, 0x10,
  0x79, 0x61, 0x94, 0x05, 0x90, 0x1A, 0x06, 0x04, 0x00, 0x00, 0x04, 0x84, 0x84, 0x52,
  0x42, 0x28, 0xF1, 0x90, 0x24, 0x60, 0xC1, 0x02, 0x44, 0x11, 0x00, 0x00, 0x80, 0x88,
  0x57, 0xA0, 0x88, 0x30, 0x0A, 0x2C, 0x40, 0x00, 0x00, 0x05, 0x20, 0x88, 0x50, 0xEE,
  0x87, 0x10, 0x79, 0x61, 0x94, 0x05, 0x90, 0x1A, 0x06, 0x04, 0x00, 0x00, 0x04, 0x84,
  0x84, 0x52, 0x42, 0x2A, 0xF1, 0x90, 0x24, 0x60, 0xC1, 0x02, 0x44, 0x11, 0x08, 0x00,
  0x80, 0x88, 0x07, 0xB0, 0x89, 0x30, 0x0A, 0x2C, 0x40, 0x00, 0x00, 0x05, 0x20, 0x88,
  0x50, 0x6E, 0x87, 0x10, 0x19, 0xE0, 0x94, 0x05, 0x90, 0x1A, 0x06, 0x04, 0x00, 0x00,
  0x04, 0x84, 0x84, 0x52, 0xC2, 0x28, 0xF1, 0x90, 0x24, 0x60, 0xC1, 0x02, 0x44, 0x11,
  0x00, 0x00, 0x80, 0x8A, 0x57, 0xB0, 0x89, 0x30, 0x0A, 0x2C, 0x40, 0x00, 0x00, 0x05,
  0x20, 0x88, 0x50, 0xEE, 0x87, 0x10, 0x19, 0xE0, 0x94, 0x05, 0x90, 0x1A, 0x06, 0x04,
  0x00, 0x00, 0x04, 0x84, 0x84, 0x52, 0xC2, 0x2A, 0xF1, 0x90, 0x24, 0x60, 0xC1, 0x02,
  0x44, 0x11, 0x08, 0x00, 0x80, 0x8A, 0x07, 0xA0, 0x98, 0x31, 0x0A, 0x2C, 0x40, 0x00,
  0x00, 0x05, 0x20, 0x88, 0x50, 0x6E, 0x87, 0x10, 0x59, 0xE0, 0x94, 0x05, 0x90, 0x1A,
  0x06, 0x04, 0x00, 0x00, 0x04, 0x84, 0x84, 0x52, 0x42, 0x38, 0xF1, 0x90, 0x24, 0x60,
  0xC1, 0x02, 0x44, 0x11, 0x00, 0x00, 0x80, 0x8C, 0x57, 0xA0, 0x98, 0x31, 0x0A, 0x2C,
  0x40, 0x00, 0x00, 0x05, 0x20, 0x88, 0x50, 0xEE, 0x87, 0x10, 0x59, 0xE0, 0x94, 0x05,
  0x90, 0x1A, 0x06, 0x04, 0x00, 0x00, 0x04, 0x84, 0x84, 0x52, 0x42, 0x3A, 0xF1, 0x90,
  0x24, 0x60, 0xC1, 0x02, 0x44, 0x11, 0x08, 0x00, 0x80, 0x8C, 0x07, 0xB0, 0x99, 0x31,
  0x0A, 0x2C, 0x40, 0x00, 0x00, 0x05, 0x20, 0x88, 0x50, 0x6E, 0x87, 0x10, 0x39, 0xE0,
  0x94, 0x05, 0x90, 0x1A, 0x06, 0x04, 0x00, 0x00, 0x04, 0x84, 0x84, 0x52, 0xC2, 0x38,
  0xF1, 0x90, 0x24, 0x60, 0xC1, 0x02, 0x44, 0x11, 0x00, 0x00, 0x80, 0x8E, 0x57, 0xB0,
  0x99, 0x31, 0x0A, 0x2C, 0x40, 0x00, 0x00, 0x05, 0x20, 0x88, 0x50, 0xEE, 0x87, 0x10,
  0x39, 0xE0, 0x94, 0x05, 0x90, 0x1A, 0x06, 0x04, 0x00, 0x00, 0x04, 0x84, 0x84, 0x52,
  0xC2, 0x3A, 0xF1, 0x90, 0x24, 0x60, 0xC1, 0x02, 0x44, 0x11, 0x08, 0x00, 0x80, 0x8E,
  0x00, 0xCC, 0x93, 0x10, 0xA1, 0x37, 0x31, 0x22, 0xF0, 0x0B, 0x06, 0x04, 0x00, 0x00,
  0x00, 0x85, 0x10, 0x6E, 0x87, 0x10, 0x59, 0x61, 0x94, 0x05, 0x90, 0x1A, 0x0E, 0x04,
  0x00, 0x00, 0x00, 0x84, 0x07, 0xA0, 0x84, 0x00, 0x08, 0x48, 0x40, 0x00, 0x00, 0x05,
  0x20, 0x88, 0x70, 0x6E, 0x97, 0x10, 0x19, 0x60, 0x94, 0x05, 0x90, 0x0A, 0x06, 0x04,
  0x00, 0x00, 0x04, 0x84, 0x84, 0x52, 0x42, 0x28, 0xB0, 0x80, 0x2C, 0x60, 0xC1, 0x02,
  0x44, 0x91, 0x57, 0xA0, 0x84, 0x00, 0x08, 0x48, 0x40, 0x00, 0x00, 0x05, 0x20, 0x88,
  0x70, 0x6E, 0x97, 0x10, 0x79, 0x61, 0xD4, 0x05, 0x90, 0x0A, 0x06, 0x04, 0x00, 0x00,
  0x04, 0x84, 0x84, 0x52, 0x42, 0x2A, 0xB0, 0x80, 0x2C, 0x60, 0xC1, 0x02, 0x44, 0x11,
  0x08, 0x00, 0x80, 0x80, 0x07, 0xB0, 0x85, 0x00, 0x08, 0x48, 0x40, 0x00, 0x00, 0x05,
  0x20, 0x88, 0x70, 0xEE, 0x97, 0x10, 0x79, 0x60, 0xD4, 0x05, 0x90, 0x0A, 0x06, 0x04,
  0x00, 0x00, 0x04, 0x84, 0x84, 0x52, 0xC2, 0x28, 0xB0, 0x80, 0x2C, 0x60, 0xC1, 0x02,
  0x44, 0x11, 0x00, 0x00, 0x80, 0x82, 0x57, 0xB0, 0x85, 0x00, 0x08, 0x48, 0x40, 0x00,
  0x00, 0x05, 0x20, 0x88, 0x70, 0x6E, 0x97, 0x10, 0x19, 0xE0, 0xD4, 0x05, 0x90, 0x0A,
  0x06, 0x04, 0x00, 0x00, 0x04, 0x84, 0x84, 0x52, 0xC2, 0x2A, 0xB0, 0x80, 0x2C, 0x60,
  0xC1, 0x02, 0x44, 0x11, 0x08, 0x00, 0x80, 0x82, 0x07, 0xA0, 0x94, 0x01, 0x08, 0x48,
  0x40, 0x00, 0x00, 0x05, 0x20, 0x88, 0x50, 0x6E, 0x87, 0x10, 0x59, 0x61, 0x94, 0x05,
  0x90, 0x1A, 0x06, 0x04, 0x00, 0x00, 0x04, 0x84, 0x84, 0x52, 0x42, 0x38, 0xB0, 0x80,
  0x2C, 0x60, 0xC1, 0x02, 0x44, 0x11, 0x00, 0x00, 0x80, 0x84, 0x57, 0xA0, 0x94, 0x01,
  0x08, 0x48, 0x40, 0x00, 0x00, 0x05, 0x20, 0x88, 0x50, 0xEE, 0x87, 0x10, 0x59, 0x61,
  0x94, 0x05, 0x90, 0x1A, 0x06, 0x04, 0x00, 0x00, 0x04, 0x84, 0x84, 0x52, 0x42, 0x3A,
  0xB0, 0x80, 0x2C, 0x60, 0xC1, 0x02, 0x44, 0x11, 0x08, 0x00, 0x80, 0x84, 0x07, 0xB0,
  0x95, 0x01, 0x08, 0x48, 0x40, 0x00, 0x00, 0x05, 0x20, 0x88, 0x50, 0x6E, 0x87, 0x10,
  0x39, 0x61, 0x94, 0x05, 0x90, 0x1A, 0x06, 0x04, 0x00, 0x00, 0x04, 0x84, 0x84, 0x52,
  0xC2, 0x38, 0xB0, 0x80, 0x2C, 0x60, 0xC1, 0x02, 0x44, 0x11, 0x00, 0x00, 0x80, 0x86,
  0x57, 0xB0, 0x95, 0x01, 0x08, 0x48, 0x40, 0x00, 0x00, 0x05, 0x20, 0x88, 0x50, 0xEE,
  0x87, 0x10, 0x39, 0x61, 0x94, 0x05, 0x90, 0x1A, 0x06, 0x04, 0x00, 0x00, 0x04, 0x84,
  0x84, 0x52, 0xC2, 0x3A, 0xB0, 0x80, 0x2C, 0x60, 0xC1, 0x02, 0x44, 0x11, 0x08, 0x00,
  0x80, 0x86, 0x07, 0xA0, 0x8C, 0x00, 0x0A, 0x48, 0x40, 0x00, 0x00, 0x05, 0x20, 0x88,
  0x50, 0x6E, 0x87, 0x10, 0x79, 0x61, 0x94, 0x05, 0x90, 0x1A, 0x06, 0x04, 0x00, 0x00,
  0x04, 0x84, 0x84, 0x52, 0x42, 0x28, 0xB1, 0x80, 0x2C, 0x60, 0xC1, 0x02, 0x44, 0x11,
  0x00, 0x00, 0x80, 0x88, 0x57, 0xA0, 0x8C, 0x00, 0x0A, 0x48, 0x40, 0x00, 0x00, 0x05,
  0x20, 0x88, 0x50, 0xEE, 0x87, 0x10, 0x79, 0x61, 0x94, 0x05, 0x90, 0x1A, 0x06, 0x04,
  0x00, 0x00, 0x04, 0x84, 0x84, 0x52, 0x42, 0x2A, 0xB1, 0x80, 0x2C, 0x60, 0xC1, 0x02,
  0x44, 0x11, 0x08, 0x00, 0x80, 0x88, 0x07, 0xB0, 0x8D, 0x00, 0x0A, 0x48, 0x40, 0x00,
  0x00, 0x05, 0x20, 0x88, 0x50, 0x6E, 0x87, 0x10, 0x19, 0xE0, 0x94, 0x05, 0x90, 0x1A,
  0x06, 0x04, 0x00, 0x00, 0x04, 0x84, 0x84, 0x52, 0xC2, 0x28, 0xB1, 0x80, 0x2C, 0x60,
  0xC1, 0x02, 0x44, 0x11, 0x00, 0x00, 0x80, 0x8A, 0x57, 0xB0, 0x8D, 0x00, 0x0A, 0x48,
  0x40, 0x00, 0x00, 0x05, 0x20, 0x88, 0x50, 0xEE, 0x87, 0x10, 0x19, 0xE0, 0x94, 0x05,
  0x90, 0x1A, 0x06, 0x04, 0x00, 0x00, 0x04, 0x84, 0x84, 0x52, 0xC2, 0x2A, 0xB1, 0x80,
  0x2C, 0x60, 0xC1, 0x02, 0x44, 0x11, 0x08, 0x00, 0x80, 0x8A, 0x07, 0xA0, 0x9C, 0x01,
  0x0A, 0x48, 0x40, 0x00, 0x00, 0x05, 0x20, 0x88, 0x50, 0x6E, 0x87, 0x10, 0x59, 0xE0,
  0x94, 0x05, 0x90, 0x1A, 0x06, 0x04, 0x00, 0x00, 0x04, 0x84, 0x84, 0x52, 0x42, 0x38,
  0xB1, 0x80, 0x2C, 0x60, 0xC1, 0x02, 0x44, 0x11, 0x00, 0x00, 0x80, 0x8C, 0x57, 0xA0,
  0x9C, 0x01, 0x0A, 0x48, 0x40, 0x00, 0x00, 0x05, 0x20, 0x88, 0x50, 0xEE, 0x87, 0x10,
  0x59, 0xE0, 0x94, 0x05, 0x90, 0x1A, 0x06, 0x04, 0x00, 0x00, 0x04, 0x84, 0x84, 0x52,
  0x42, 0x3A, 0xB1, 0x80, 0x2C, 0x60, 0xC1, 0x02, 0x44, 0x11, 0x08, 0x00, 0x80, 0x8C,
  0x07, 0xB0, 0x9D, 0x01, 0x0A, 0x48, 0x40, 0x00, 0x00, 0x05, 0x20, 0x88, 0x50, 0x6E,
  0x87, 0x10, 0x39, 0xE0, 0x94, 0x05, 0x90, 0x1A, 0x06, 0x04, 0x00, 0x00, 0x04, 0x84,
  0x84, 0x52, 0xC2, 0x38, 0xB1, 0x80, 0x2C, 0x60, 0xC1, 0x02, 0x44, 0x11, 0x00, 0x00,
  0x80, 0x8E, 0x57, 0xB0, 0x9D, 0x01, 0x0A, 0x48, 0x40, 0x00, 0x00, 0x05, 0x20, 0x88,
  0x50, 0xEE, 0x87, 0x10, 0x39, 0xE0, 0x94, 0x05, 0x90, 0x1A, 0x06, 0x04, 0x00, 0x00,
  0x04, 0x84, 0x84, 0x52, 0xC2, 0x3A, 0xB1, 0x80, 0x2C, 0x60, 0xC1, 0x02, 0x44, 0x11,
  0x08, 0x00, 0x80, 0x8E, 0x00, 0xCC, 0x93, 0x10, 0xA1, 0x37, 0x31, 0x22, 0xF0, 0x0B,
  0x06, 0x04, 0x00, 0x00, 0x00, 0x85, 0x10, 0x6E, 0x87, 0x10, 0x39, 0x61, 0x94, 0x05,
  0x90, 0x1A, 0x0E, 0x04, 0x00, 0x00, 0x00, 0x84, 0x07, 0xA0, 0x84, 0x20, 0x08, 0x4C,
  0x40, 0x00, 0x00, 0x05, 0x20, 0x88, 0x70, 0x6E, 0x97, 0x10, 0x19, 0x60, 0x94, 0x05,
  0x90, 0x0A, 0x06, 0x04, 0x00, 0x00, 0x04, 0x84, 0x84, 0x52, 0x42, 0x28, 0xF0, 0x80,
  0x2C, 0x60, 0xC1, 0x02, 0x44, 0x91, 0x57, 0xA0, 0x84, 0x20, 0x08, 0x4C, 0x40, 0x00,
  0x00, 0x05, 0x20, 0x88, 0x70, 0x6E, 0x97, 0x10, 0x79, 0x61, 0xD4, 0x05, 0x90, 0x0A,
  0x06, 0x04, 0x00, 0x00, 0x04, 0x84, 0x84, 0x52, 0x42, 0x2A, 0xF0, 0x80, 0x2C, 0x60,
  0xC1, 0x02, 0x44, 0x11, 0x08, 0x00, 0x80, 0x80, 0x07, 0xB0, 0x85, 0x20, 0x08, 0x4C,
  0x40, 0x00, 0x00, 0x05, 0x20, 0x88, 0x70, 0xEE, 0x97, 0x10, 0x79, 0x60, 0xD4, 0x05,
  0x90, 0x0A, 0x06, 0x04, 0x00, 0x00, 0x04, 0x84, 0x84, 0x52, 0xC2, 0x28, 0xF0, 0x80,
  0x2C, 0x60, 0xC1, 0x02, 0x44, 0x11, 0x00, 0x00, 0x80, 0x82, 0x57, 0xB0, 0x85, 0x20,
  0x08, 0x4C, 0x40, 0x00, 0x00, 0x05, 0x20, 0x88, 0x70, 0x6E, 0x97, 0x10, 0x19, 0xE0,
  0xD4, 0x05, 0x90, 0x0A, 0x06, 0x04, 0x00, 0x00, 0x04, 0x84, 0x84, 0x52, 0xC2, 0x2A,
  0xF0, 0x80, 0x2C, 0x60, 0xC1, 0x02, 0x44, 0x11, 0x08, 0x00, 0x80, 0x82, 0x07, 0xA0,
  0x94, 0x21, 0x08, 0x4C, 0x40, 0x00, 0x00, 0x05, 0x20, 0x88, 0x50, 0x6E, 0x87, 0x10,
  0x59, 0x61, 0x94, 0x05, 0x90, 0x1A, 0x06, 0x04, 0x00, 0x00, 0x04, 0x84, 0x84, 0x52,
  0x42, 0x38, 0xF0, 0x80, 0x2C, 0x60, 0xC1, 0x02, 0x44, 0x11, 0x00, 0x00, 0x80, 0x84,
  0x57, 0xA0, 0x94, 0x21, 0x08, 0x4C, 0x40, 0x00, 0x00, 0x05, 0x20, 0x88, 0x50, 0xEE,
  0x87, 0x10, 0x59, 0x61, 0x94, 0x05, 0x90, 0x1A, 0x06, 0x04, 0x00, 0x00, 0x04, 0x84,
  0x84, 0x52, 0x42, 0x3A, 0xF0, 0x80, 0x2C, 0x60, 0xC1, 0x02, 0x44, 0x11, 0x08, 0x00,
  0x80, 0x84, 0x07, 0xB0, 0x95, 0x21, 0x08, 0x4C, 0x40, 0x00, 0x00, 0x05, 0x20, 0x88,
  0x50, 0x6E, 0x87, 0x10, 0x39, 0x61, 0x94, 0x05, 0x90, 0x1A, 0x06, 0x04, 0x00, 0x00,
  0x04, 0x84, 0x84, 0x52, 0xC2, 0x38, 0xF0, 0x80, 0x2C, 0x60, 0xC1, 0x02, 0x44, 0x11,
  0x00, 0x00, 0x80, 0x86, 0x57, 0xB0, 0x95, 0x21, 0x08, 0x4C, 0x40, 0x00, 0x00, 0x05,
  0x20, 0x88, 0x50, 0xEE, 0x87, 0x10, 0x39, 0x61, 0x94, 0x05, 0x90, 0x1A, 0x06, 0x04,
  0x00, 0x00, 0x04, 0x84, 0x84, 0x52, 0xC2, 0x3A, 0xF0, 0x80, 0x2C, 0x60, 0xC1, 0x02,
  0x44, 0x11, 0x08, 0x00, 0x80, 0x86, 0x07, 0xA0, 0x8C, 0x20, 0x0A, 0x4C, 0x40, 0x00,
  0x00, 0x05, 0x20, 0x88, 0x50, 0x6E, 0x87, 0x10, 0x79, 0x61, 0x94, 0x05, 0x90, 0x1A,
  0x06, 0x04, 0x00, 0x00, 0x04, 0x84, 0x84, 0x52, 0x42, 0x28, 0xF1, 0x80, 0x2C, 0x60,
  0xC1, 0x02, 0x44, 0x11, 0x00, 0x00, 0x80, 0x88, 0x57, 0xA0, 0x8C, 0x20, 0x0A, 0x4C,
  0x40, 0x00, 0x00, 0x05, 0x20, 0x88, 0x50, 0xEE, 0x87, 0x10, 0x79, 0x61, 0x94, 0x05,
  0x90, 0x1A, 0x06, 0x04, 0x00, 0x00, 0x04, 0x84, 0x84, 0x52, 0x42, 0x2A, 0xF1, 0x80,
  0x2C, 0x60, 0xC1, 0x02, 0x44, 0x11, 0x08, 0x00, 0x80, 0x88, 0x07, 0xB0, 0x8D, 0x20,
  0x0A, 0x4C, 0x40, 0x00, 0x00, 0x05, 0x20, 0x88, 0x50, 0x6E, 0x87, 0x10, 0x19, 0xE0,
  0x94, 0x05, 0x90, 0x1A, 0x06, 0x04, 0x00, 0x00, 0x04, 0x84, 0x84, 0x52, 0xC2, 0x28,
  0xF1, 0x80, 0x2C, 0x60, 0xC1, 0x02, 0x44, 0x11, 0x00, 0x00, 0x80, 0x8A, 0x57, 0xB0,
  0x8D, 0x20, 0x0A, 0x4C, 0x40, 0x00, 0x00, 0x05, 0x20, 0x88, 0x50, 0xEE, 0x87, 0x10,
  0x19, 0xE0, 0x94, 0x05, 0x90, 0x1A, 0x06, 0x04, 0x00, 0x00, 0x04, 0x84, 0x84, 0x52,
  0xC2, 0x2A, 0xF1, 0x80, 0x2C, 0x60, 0xC1, 0x02, 0x44, 0x11, 0x08, 0x00, 0x80, 0x8A,
  0x07, 0xA0, 0x9C, 0x21, 0x0A, 0x4C, 0x40, 0x00, 0x00, 0x05, 0x20, 0x88, 0x50, 0x6E,
  0x87, 0x10, 0x59, 0xE0, 0x94, 0x05, 0x90, 0x1A, 0x06, 0x04, 0x00, 0x00, 0x04, 0x84,
  0x84, 0x52, 0x42, 0x38, 0xF1, 0x80, 0x2C, 0x60, 0xC1, 0x02, 0x44, 0x11, 0x00, 0x00,
  0x80, 0x8C, 0x57, 0xA0, 0x9C, 0x21, 0x0A, 0x4C, 0x40, 0x00, 0x00, 0x05, 0x20, 0x88,
  0x50, 0xEE, 0x87, 0x10, 0x59, 0xE0, 0x94, 0x05, 0x90, 0x1A, 0x06, 0x04, 0x00, 0x00,
  0x04, 0x84, 0x84, 0x52, 0x42, 0x3A, 0xF1, 0x80, 0x2C, 0x60, 0xC1, 0x02, 0x44, 0x11,
  0x08, 0x00, 0x80, 0x8C, 0x07, 0xB0, 0x9D, 0x21, 0x0A, 0x4C, 0x40, 0x00, 0x00, 0x05,
  0x20, 0x88, 0x50, 0x6E, 0x87, 0x10, 0x39, 0xE0, 0x94, 0x05, 0x90, 0x1A, 0x06, 0x04,
  0x00, 0x00, 0x04, 0x84, 0x84, 0x52, 0xC2, 0x38, 0xF1, 0x80, 0x2C, 0x60, 0xC1, 0x02,
  0x44, 0x11, 0x00, 0x00, 0x80, 0x8E, 0x57, 0xB0, 0x9D, 0x21, 0x0A, 0x4C, 0x40, 0x00,
  0x00, 0x05, 0x20, 0x88, 0x50, 0xEE, 0x87, 0x10, 0x39, 0xE0, 0x94, 0x05, 0x90, 0x1A,
  0x06, 0x04, 0x00, 0x00, 0x04, 0x84, 0x84, 0x52, 0xC2, 0x3A, 0xF1, 0x80, 0x2C, 0x60,
  0xC1, 0x02, 0x44, 0x11, 0x08, 0x00, 0x80, 0x8E, 0x00, 0xCC, 0x93, 0x10, 0xA1, 0x37,
  0x31, 0x22, 0xF0, 0x0B, 0x06, 0x04, 0x00, 0x00, 0x00, 0x85, 0x10, 0x6E, 0x87, 0x10,
  0x79, 0x61, 0x94, 0x05, 0x90, 0x1A, 0x0E, 0x04, 0x00, 0x00, 0x00, 0x84, 0x07, 0xA0,
  0x84, 0x10, 0x08, 0x68, 0x40, 0x00, 0x00, 0x05, 0x20, 0x88, 0x70, 0x6E, 0x97, 0x10,
  0x19, 0x60, 0x94, 0x05, 0x90, 0x0A, 0x06, 0x04, 0x00, 0x00, 0x04, 0x84, 0x84, 0x52,
  0x42, 0x28, 0xB0, 0x90, 0x2C, 0x60, 0xC1, 0x02, 0x44, 0x91, 0x57, 0xA0, 0x84, 0x10,
  0x08, 0x68, 0x40, 0x00, 0x00, 0x05, 0x20, 0x88, 0x70, 0x6E, 0x97, 0x10, 0x79, 0x61,
  0xD4, 0x05, 0x90, 0x0A, 0x06, 0x04, 0x00, 0x00, 0x04, 0x84, 0x84, 0x52, 0x42, 0x2A,
  0xB0, 0x90, 0x2C, 0x60, 0xC1, 0x02, 0x44, 0x11, 0x08, 0x00, 0x80, 0x80, 0x07, 0xB0,
  0x85, 0x10, 0x08, 0x68, 0x40, 0x00, 0x00, 0x05, 0x20, 0x88, 0x70, 0xEE, 0x97, 0x10,
  0x79, 0x60, 0xD4, 0x05, 0x90, 0x0A, 0x06, 0x04, 0x00, 0x00, 0x04, 0x84, 0x84, 0x52,
  0xC2, 0x28, 0xB0, 0x90, 0x2C, 0x60, 0xC1, 0x02, 0x44, 0x11, 0x00, 0x00, 0x80, 0x82,
  0x57, 0xB0, 0x85, 0x10, 0x08, 0x68, 0x40, 0x00, 0x00, 0x05, 0x20, 0x88, 0x70, 0x6E,
  0x97, 0x10, 0x19, 0xE0, 0xD4, 0x05, 0x90, 0x0A, 0x06, 0x04, 0x00, 0x00, 0x04, 0x84,
  0x84, 0x52, 0xC2, 0x2A, 0xB0, 0x90, 0x2C, 0x60, 0xC1, 0x02, 0x44, 0x11, 0x08, 0x00,
  0x80, 0x82, 0x07, 0xA0, 0x94, 0x11, 0x08, 0x68, 0x40, 0x00, 0x00, 0x05, 0x20, 0x88,
  0x50, 0x6E, 0x87, 0x10, 0x59, 0x61, 0x94, 0x05, 0x90, 0x1A, 0x06, 0x04, 0x00, 0x00,
  0x04, 0x84, 0x84, 0x52, 0x42, 0x38, 0xB0, 0x90, 0x2C, 0x60, 0xC1, 0x02, 0x44, 0x11,
  0x00, 0x00, 0x80, 0x84, 0x57, 0xA0, 0x94, 0x11, 0x08, 0x68, 0x40, 0x00, 0x00, 0x05,
  0x20, 0x88, 0x50, 0xEE, 0x87, 0x10, 0x59, 0x61, 0x94, 0x05, 0x90, 0x1A, 0x06, 0x04,
  0x00, 0x00, 0x04, 0x84, 0x84, 0x52, 0x42, 0x3A, 0xB0, 0x90, 0x2C, 0x60, 0xC1, 0x02,
  0x44, 0x11, 0x08, 0x00, 0x80, 0x84, 0x07, 0xB0, 0x95, 0x11, 0x08, 0x68, 0x40, 0x00,
  0x00, 0x05, 0x20, 0x88, 0x50, 0x6E, 0x87, 0x10, 0x39, 0x61, 0x94, 0x05, 0x90, 0x1A,
  0x06, 0x04, 0x00, 0x00, 0x04, 0x84, 0x84, 0x52, 0xC2, 0x38, 0xB0, 0x90, 0x2C, 0x60,
  0xC1, 0x02, 0x44, 0x11, 0x00, 0x00, 0x80, 0x86, 0x57, 0xB0, 0x95, 0x11, 0x08, 0x68,
  0x40, 0x00, 0x00, 0x05, 0x20, 0x88, 0x50, 0xEE, 0x87, 0x10, 0x39, 0x61, 0x94, 0x05,
  0x90, 0x1A, 0x06, 0x04, 0x00, 0x00, 0x04, 0x84, 0x84, 0x52, 0xC2, 0x3A, 0xB0, 0x90,
  0x2C, 0x60, 0xC1, 0x02, 0x44, 0x11, 0x08, 0x00, 0x80, 0x86, 0x07, 0xA0, 0x8C, 0x10,
  0x0A, 0x68, 0x40, 0x00, 0x00, 0x05, 0x20, 0x88, 0x50, 0x6E, 0x87, 0x10, 0x79, 0x61,
  0x94, 0x05, 0x90, 0x1A, 0x06, 0x04, 0x00, 0x00, 0x04, 0x84, 0x84, 0x52, 0x42, 0x28,
  0xB1, 0x90, 0x2C, 0x60, 0xC1, 0x02, 0x44, 0x11, 0x00, 0x00, 0x80, 0x88, 0x57, 0xA0,
  0x8C, 0x10, 0x0A, 0x68, 0x40, 0x00, 0x00, 0x05, 0x20, 0x88, 0x50, 0xEE, 0x87, 0x10,
  0x79, 0x61, 0x94, 0x05, 0x90, 0x1A, 0x06, 0x04, 0x00, 0x00, 0x04, 0x84, 0x84, 0x52,
  0x42, 0x2A, 0xB1, 0x90, 0x2C, 0x60, 0xC1, 0x02, 0x44, 0x11, 0x08, 0x00, 0x80, 0x88,
  0x07, 0xB0, 0x8D, 0x10, 0x0A, 0x68, 0x40, 0x00, 0x00, 0x05, 0x20, 0x88, 0x50, 0x6E,
  0x87, 0x10, 0x19, 0xE0, 0x94, 0x05, 0x90, 0x1A, 0x06, 0x04, 0x00, 0x00, 0x04, 0x84,
  0x84, 0x52, 0xC2, 0x28, 0xB1, 0x90, 0x2C, 0x60, 0xC1, 0x02, 0x44, 0x11, 0x00, 0x00,
  0x80, 0x8A, 0x57, 0xB0, 0x8D, 0x10, 0x0A, 0x68, 0x40, 0x00, 0x00, 0x05, 0x20, 0x88,
  0x50, 0xEE, 0x87, 0x10, 0x19, 0xE0, 0x94, 0x05, 0x90, 0x1A, 0x06, 0x04, 0x00, 0x00,
  0x04, 0x84, 0x84, 0x52, 0xC2, 0x2A, 0xB1, 0x90, 0x2C, 0x60, 0xC1, 0x02, 0x44, 0x11,
  0x08, 0x00, 0x80, 0x8A, 0x07, 0xA0, 0x9C, 0x11, 0x0A, 0x68, 0x40, 0x00, 0x00, 0x05,
  0x20, 0x88, 0x50, 0x6E, 0x87, 0x10, 0x59, 0xE0, 0x94, 0x05, 0x90, 0x1A, 0x06, 0x04,
  0x00, 0x00, 0x04, 0x84, 0x84, 0x52, 0x42, 0x38, 0xB1, 0x90, 0x2C, 0x60, 0xC1, 0x02,
  0x44, 0x11, 0x00, 0x00, 0x80, 0x8C, 0x57, 0xA0, 0x9C, 0x11, 0x0A, 0x68, 0x40, 0x00,
  0x00, 0x05, 0x20, 0x88, 0x50, 0xEE, 0x87, 0x10, 0x59, 0xE0, 0x94, 0x05, 0x90, 0x1A,
  0x06, 0x04, 0x00, 0x00, 0x04, 0x84, 0x84, 0x52, 0x42, 0x3A, 0xB1, 0x90, 0x2C, 0x60,
  0xC1, 0x02, 0x44, 0x11, 0x08, 0x00, 0x80, 0x8C, 0x07, 0xB0, 0x9D, 0x11, 0x0A, 0x68,
  0x40, 0x00, 0x00, 0x05, 0x20, 0x88, 0x50, 0x6E, 0x87, 0x10, 0x39, 0xE0, 0x94, 0x05,
  0x90, 0x1A, 0x06, 0x04, 0x00, 0x00, 0x04, 0x84, 0x84, 0x52, 0xC2, 0x38, 0xB1, 0x90,
  0x2C, 0x60, 0xC1, 0x02, 0x44, 0x11, 0x00, 0x00, 0x80, 0x8E, 0x57, 0xB0, 0x9D, 0x11,
  0x0A, 0x68, 0x40, 0x00, 0x00, 0x05, 0x20, 0x88, 0x50, 0xEE, 0x87, 0x10, 0x39, 0xE0,
  0x94, 0x05, 0x90, 0x1A, 0x06, 0x04, 0x00, 0x00, 0x04, 0x84, 0x84, 0x52, 0xC2, 0x3A,
  0xB1, 0x90, 0x2C, 0x60, 0xC1, 0x02, 0x44, 0x11, 0x08, 0x00, 0x80, 0x8E, 0x00, 0xCC,
  0x93, 0x10, 0xA1, 0x37, 0x31, 0x22, 0xF0, 0x0B, 0x06, 0x04, 0x00, 0x00, 0x00, 0x85,
  0x10, 0x6E, 0x87, 0x10, 0x19, 0xE0, 0x94, 0x05, 0x90, 0x1A, 0x0E, 0x04, 0x00, 0x00,
  0x00, 0x84, 0x07, 0xA0, 0x84, 0x30, 0x08, 0x6C, 0x40, 0x00, 0x00, 0x05, 0x20, 0x88,
  0x70, 0x6E, 0x97, 0x10, 0x19, 0x60, 0x94, 0x05, 0x90, 0x0A, 0x06, 0x04, 0x00, 0x00,
  0x04, 0x84, 0x84, 0x52, 0x42, 0x28, 0xF0, 0x90, 0x2C, 0x60, 0xC1, 0x02, 0x44, 0x91,
  0x57, 0xA0, 0x84, 0x30, 0x08, 0x6C, 0x40, 0x00, 0x00, 0x05, 0x20, 0x88, 0x70, 0x6E,
  0x97, 0x10, 0x79, 0x61, 0xD4, 0x05, 0x90, 0x0A, 0x06, 0x04, 0x00, 0x00, 0x04, 0x84,
  0x84, 0x52, 0x42, 0x2A, 0xF0, 0x90, 0x2C, 0x60, 0xC1, 0x02, 0x44, 0x11, 0x08, 0x00,
  0x80, 0x80, 0x07, 0xB0, 0x85, 0x30, 0x08, 0x6C, 0x40, 0x00, 0x00, 0x05, 0x20, 0x88,
  0x70, 0xEE, 0x97, 0x10, 0x79, 0x60, 0xD4, 0x05, 0x90, 0x0A, 0x06, 0x04, 0x00, 0x00,
  0x04, 0x84, 0x84, 0x52, 0xC2, 0x28, 0xF0, 0x90, 0x2C, 0x60, 0xC1, 0x02, 0x44, 0x11,
  0x00, 0x00, 0x80, 0x82, 0x57, 0xB0, 0x85, 0x30, 0x08, 0x6C, 0x40, 0x00, 0x00, 0x05,
  0x20, 0x88, 0x70, 0x6E, 0x97, 0x10, 0x19, 0xE0, 0xD4, 0x05, 0x90, 0x0A, 0x06, 0x04,
  0x00, 0x00, 0x04, 0x84, 0x84, 0x52, 0xC2, 0x2A, 0xF0, 0x90, 0x2C, 0x60, 0xC1, 0x02,
  0x44, 0x11, 0x08, 0x00, 0x80, 0x82, 0x07, 0xA0, 0x94, 0x31, 0x08, 0x6C, 0x40, 0x00,
  0x00, 0x05, 0x20, 0x88, 0x50, 0x6E, 0x87, 0x10, 0x59, 0x61, 0x94, 0x05, 0x90, 0x1A,
  0x06, 0x04, 0x00, 0x00, 0x04, 0x84, 0x84, 0x52, 0x42, 0x38, 0xF0, 0x90, 0x2C, 0x60,
  0xC1, 0x02, 0x44, 0x11, 0x00, 0x00, 0x80, 0x84, 0x57, 0xA0, 0x94, 0x31, 0x08, 0x6C,
  0x40, 0x00, 0x00, 0x05, 0x20, 0x88, 0x50, 0xEE, 0x87, 0x10, 0x59, 0x61, 0x94, 0x05,
  0x90, 0x1A, 0x06, 0x04, 0x00, 0x00, 0x04, 0x84, 0x84, 0x52, 0x42, 0x3A, 0xF0, 0x90,
  0x2C, 0x60, 0xC1, 0x02, 0x44, 0x11, 0x08, 0x00, 0x80, 0x84, 0x07, 0xB0, 0x95, 0x31,
  0x08, 0x6C, 0x40, 0x00, 0x00, 0x05, 0x20, 0x88, 0x50, 0x6E, 0x87, 0x10, 0x39, 0x61,
  0x94, 0x05, 0x90, 0x1A, 0x06, 0x04, 0x00, 0x00, 0x04, 0x84, 0x84, 0x52, 0xC2, 0x38,
  0xF0, 0x90, 0x2C, 0x60, 0xC1, 0x02, 0x44, 0x11, 0x00, 0x00, 0x80, 0x86, 0x57, 0xB0,
  0x95, 0x31, 0x08, 0x6C, 0x40, 0x00, 0x00, 0x05, 0x20, 0x88, 0x50, 0xEE, 0x87, 0x10,
  0x39, 0x61, 0x94, 0x05, 0x90, 0x1A, 0x06, 0x04, 0x00, 0x00, 0x04, 0x84, 0x84, 0x52,
  0xC2, 0x3A, 0xF0, 0x90, 0x2C, 0x60, 0xC1, 0x02, 0x44, 0x11, 0x08, 0x00, 0x80, 0x86,
  0x07, 0xA0, 0x8C, 0x30, 0x0A, 0x6C, 0x40, 0x00, 0x00, 0x05, 0x20, 0x88, 0x50, 0x6E,
  0x87, 0x10, 0x79, 0x61, 0x94, 0x05, 0x90, 0x1A, 0x06, 0x04, 0x00, 0x00, 0x04, 0x84,
  0x84, 0x52, 0x42, 0x28, 0xF1, 0x90, 0x2C, 0x60, 0xC1, 0x02, 0x44, 0x11, 0x00, 0x00,
  0x80, 0x88, 0x57, 0xA0, 0x8C, 0x30, 0x0A, 0x6C, 0x40, 0x00, 0x00, 0x05, 0x20, 0x88,
  0x50, 0xEE, 0x87, 0x10, 0x79, 0x61, 0x94, 0x05, 0x90, 0x1A, 0x06, 0x04, 0x00, 0x00,
  0x04, 0x84, 0x84, 0x52, 0x42, 0x2A, 0xF1, 0x90, 0x2C, 0x60, 0xC1, 0x02, 0x44, 0x11,
  0x08, 0x00, 0x80, 0x88, 0x07, 0xB0, 0x8D, 0x30, 0x0A, 0x6C, 0x40, 0x00, 0x00, 0x05,
  0x20, 0x88, 0x50, 0x6E, 0x87, 0x10, 0x19, 0xE0, 0x94, 0x05, 0x90, 0x1A, 0x06, 0x04,
  0x00, 0x00, 0x04, 0x84, 0x84, 0x52, 0xC2, 0x28, 0xF1, 0x90, 0x2C, 0x60, 0xC1, 0x02,
  0x44, 0x11, 0x00, 0x00, 0x80, 0x8A, 0x57, 0xB0, 0x8D, 0x30, 0x0A, 0x6C, 0x40, 0x00,
  0x00, 0x05, 0x20, 0x88, 0x50, 0xEE, 0x87, 0x10, 0x19, 0xE0, 0x94, 0x05, 0x90, 0x1A,
  0x06, 0x04, 0x00, 0x00, 0x04, 0x84, 0x84, 0x52, 0xC2, 0x2A, 0xF1, 0x90, 0x2C, 0x60,
  0xC1, 0x02, 0x44, 0x11, 0x08, 0x00, 0x80, 0x8A, 0x07, 0xA0, 0x9C, 0x31, 0x0A, 0x6C,
  0x40, 0x00, 0x00, 0x05, 0x20, 0x88, 0x50, 0x6E, 0x87, 0x10, 0x59, 0xE0, 0x94, 0x05,
  0x90, 0x1A, 0x06, 0x04, 0x00, 0x00, 0x04, 0x84, 0x84, 0x52, 0x42, 0x38, 0xF1, 0x90,
  0x2C, 0x60, 0xC1, 0x02, 0x44, 0x11, 0x00, 0x00, 0x80, 0x8C, 0x57, 0xA0, 0x9C, 0x31,
  0x0A, 0x6C, 0x40, 0x00, 0x00, 0x05, 0x20, 0x88, 0x50, 0xEE, 0x87, 0x10, 0x59, 0xE0,
  0x94, 0x05, 0x90, 0x1A, 0x06, 0x04, 0x00, 0x00, 0x04, 0x84, 0x84, 0x52, 0x42, 0x3A,
  0xF1, 0x90, 0x2C, 0x60, 0xC1, 0x02, 0x44, 0x11, 0x08, 0x00, 0x80, 0x8C, 0x07, 0xB0,
  0x9D, 0x31, 0x0A, 0x6C, 0x40, 0x00, 0x00, 0x05, 0x20, 0x88, 0x50, 0x6E, 0x87, 0x10,
  0x39, 0xE0, 0x94, 0x05, 0x90, 0x1A, 0x06, 0x04, 0x00, 0x00, 0x04, 0x84, 0x84, 0x52,
  0xC2, 0x38, 0xF1, 0x90, 0x2C, 0x60, 0xC1, 0x02, 0x44, 0x11, 0x00, 0x00, 0x80, 0x8E,
  0x57, 0xB0, 0x9D, 0x31, 0x0A, 0x6C, 0x40, 0x00, 0x00, 0x05, 0x20, 0x88, 0x50, 0xEE,
  0x87, 0x10, 0x39, 0xE0, 0x94, 0x05, 0x90, 0x1A, 0x06, 0x04, 0x00, 0x00, 0x04, 0x84,
  0x84, 0x52, 0xC2, 0x3A, 0xF1, 0x90, 0x2C, 0x60, 0xC1, 0x02, 0x44, 0x11, 0x08, 0x00,
  0x80, 0x8E, 0x00, 0xCC, 0x93, 0x10, 0xA1, 0x37, 0x31, 0x22, 0xF0, 0x0B, 0x06, 0x04,
  0x00, 0x00, 0x00, 0x85, 0x10, 0x6E, 0x87, 0x10, 0x59, 0xE0, 0x94, 0x05, 0x90, 0x1A,
  0x0E, 0x04, 0x00, 0x00, 0x00, 0x84, 0x07, 0xA1, 0x80, 0x00, 0x08, 0x08, 0x40, 0x00,
  0x01, 0x05, 0x20, 0x88, 0x70, 0x6E, 0x97, 0x10, 0x19, 0x60, 0x94, 0x05, 0x90, 0x0A,
  0x06, 0x04, 0x00, 0x00, 0x04, 0x84, 0x84, 0x53, 0x42, 0x28, 0xB0, 0x80, 0x24, 0x60,
  0xC1, 0x02, 0x44, 0x91, 0x57, 0xA1, 0x80, 0x00, 0x08, 0x08, 0x40, 0x00, 0x01, 0x05,
  0x20, 0x88, 0x70, 0x6E, 0x97, 0x10, 0x79, 0x61, 0xD4, 0x05, 0x90, 0x0A, 0x06, 0x04,
  0x00, 0x00, 0x04, 0x84, 0x84, 0x53, 0x42, 0x2A, 0xB0, 0x80, 0x24, 0x60, 0xC1, 0x02,
  0x44, 0x11, 0x08, 0x00, 0x80, 0x80, 0x07, 0xB1, 0x81, 0x00, 0x08, 0x08, 0x40, 0x00,
  0x01, 0x05, 0x20, 0x88, 0x70, 0xEE, 0x97, 0x10, 0x79, 0x60, 0xD4, 0x05, 0x90, 0x0A,
  0x06, 0x04, 0x00, 0x00, 0x04, 0x84, 0x84, 0x53, 0xC2, 0x28, 0xB0, 0x80, 0x24, 0x60,
  0xC1, 0x02, 0x44, 0x11, 0x00, 0x00, 0x80, 0x82, 0x57, 0xB1, 0x81, 0x00, 0x08, 0x08,
  0x40, 0x00, 0x01, 0x05, 0x20, 0x88, 0x70, 0x6E, 0x97, 0x10, 0x19, 0xE0, 0xD4, 0x05,
  0x90, 0x0A, 0x06, 0x04, 0x00, 0x00, 0x04, 0x84, 0x84, 0x53, 0xC2, 0x2A, 0xB0, 0x80,
  0x24, 0x60, 0xC1, 0x02, 0x44, 0x11, 0x08, 0x00, 0x80, 0x82, 0x07, 0xA1, 0x90, 0x01,
  0x08, 0x08, 0x40, 0x00, 0x01, 0x05, 0x20, 0x88, 0x50, 0x6E, 0x87, 0x10, 0x59, 0x61,
  0x94, 0x05, 0x90, 0x1A, 0x06, 0x04, 0x00, 0x00, 0x04, 0x84, 0x84, 0x53, 0x42, 0x38,
  0xB0, 0x80, 0x24, 0x60, 0xC1, 0x02, 0x44, 0x11, 0x00, 0x00, 0x80, 0x84, 0x57, 0xA1,
  0x90, 0x01, 0x08, 0x08, 0x40, 0x00, 0x01, 0x05, 0x20, 0x88, 0x50, 0xEE, 0x87, 0x10,
  0x59, 0x61, 0x94, 0x05, 0x90, 0x1A, 0x06, 0x04, 0x00, 0x00, 0x04, 0x84, 0x84, 0x53,
  0x42, 0x3A, 0xB0, 0x80, 0x24, 0x60, 0xC1, 0x02, 0x44, 0x11, 0x08, 0x00, 0x80, 0x84,
  0x07, 0xB1, 0x91, 0x01, 0x08, 0x08, 0x40, 0x00, 0x01, 0x05, 0x20, 0x88, 0x50, 0x6E,
  0x87, 0x10, 0x39, 0x61, 0x94, 0x05, 0x90, 0x1A, 0x06, 0x04, 0x00, 0x00, 0x04, 0x84,
  0x84, 0x53, 0xC2, 0x38, 0xB0, 0x80, 0x24, 0x60, 0xC1, 0x02, 0x44, 0x11, 0x00, 0x00,
  0x80, 0x86, 0x57, 0xB1, 0x91, 0x01, 0x08, 0x08, 0x40, 0x00, 0x01, 0x05, 0x20, 0x88,
  0x50, 0xEE, 0x87, 0x10, 0x39, 0x61, 0x94, 0x05, 0x90, 0x1A, 0x06, 0x04, 0x00, 0x00,
  0x04, 0x84, 0x84, 0x53, 0xC2, 0x3A, 0xB0, 0x80, 0x24, 0x60, 0xC1, 0x02, 0x44, 0x11,
  0x08, 0x00, 0x80, 0x86, 0x07, 0xA1, 0x88, 0x00, 0x0A, 0x08, 0x40, 0x00, 0x01, 0x05,
  0x20, 0x88, 0x50, 0x6E, 0x87, 0x10, 0x79, 0x61, 0x94, 0x05, 0x90, 0x1A, 0x06, 0x04,
  0x00, 0x00, 0x04, 0x84, 0x84, 0x53, 0x42, 0x28, 0xB1, 0x80, 0x24, 0x60, 0xC1, 0x02,
  0x44, 0x11, 0x00, 0x00, 0x80, 0x88, 0x57, 0xA1, 0x88, 0x00, 0x0A, 0x08, 0x40, 0x00,
  0x01, 0x05, 0x20, 0x88, 0x50, 0xEE, 0x87, 0x10, 0x79, 0x61, 0x94, 0x05, 0x90, 0x1A,
  0x06, 0x04, 0x00, 0x00, 0x04, 0x84, 0x84, 0x53, 0x42, 0x2A, 0xB1, 0x80, 0x24, 0x60,
  0xC1, 0x02, 0x44, 0x11, 0x08, 0x00, 0x80, 0x88, 0x07, 0xB1, 0x89, 0x00, 0x0A, 0x08,
  0x40, 0x00, 0x01, 0x05, 0x20, 0x88, 0x50, 0x6E, 0x87, 0x10, 0x19, 0xE0, 0x94, 0x05,
  0x90, 0x1A, 0x06, 0x04, 0x00, 0x00, 0x04, 0x84, 0x84, 0x53, 0xC2, 0x28, 0xB1, 0x80,
  0x24, 0x60, 0xC1, 0x02, 0x44, 0x11, 0x00, 0x00, 0x80, 0x8A, 0x57, 0xB1, 0x89, 0x00,
  0x0A, 0x08, 0x40, 0x00, 0x01, 0x05, 0x20, 0x88, 0x50, 0xEE, 0x87, 0x10, 0x19, 0xE0,
  0x94, 0x05, 0x90, 0x1A, 0x06, 0x04, 0x00, 0x00, 0x04, 0x84, 0x84, 0x53, 0xC2, 0x2A,
  0xB1, 0x80, 0x24, 0x60, 0xC1, 0x02, 0x44, 0x11, 0x08, 0x00, 0x80, 0x8A, 0x07, 0xA1,
  0x98, 0x01, 0x0A, 0x08, 0x40, 0x00, 0x01, 0x05, 0x20, 0x88, 0x50, 0x6E, 0x87, 0x10,
  0x59, 0xE0, 0x94, 0x05, 0x90, 0x1A, 0x06, 0x04, 0x00, 0x00, 0x04, 0x84, 0x84, 0x53,
  0x42, 0x38, 0xB1, 0x80, 0x24, 0x60, 0xC1, 0x02, 0x44, 0x11, 0x00, 0x00, 0x80, 0x8C,
  0x57, 0xA1, 0x98, 0x01, 0x0A, 0x08, 0x40, 0x00, 0x01, 0x05, 0x20, 0x88, 0x50, 0xEE,
  0x87, 0x10, 0x59, 0xE0, 0x94, 0x05, 0x90, 0x1A, 0x06, 0x04, 0x00, 0x00, 0x04, 0x84,
  0x84, 0x53, 0x42, 0x3A, 0xB1, 0x80, 0x24, 0x60, 0xC1, 0x02, 0x44, 0x11, 0x08, 0x00,
  0x80, 0x8C, 0x07, 0xB1, 0x99, 0x01, 0x0A, 0x08, 0x40, 0x00, 0x01, 0x05, 0x20, 0x88,
  0x50, 0x6E, 0x87, 0x10, 0x39, 0xE0, 0x94, 0x05, 0x90, 0x1A, 0x06, 0x04, 0x00, 0x00,
  0x04, 0x84, 0x84, 0x53, 0xC2, 0x38, 0xB1, 0x80, 0x24, 0x60, 0xC1, 0x02, 0x44, 0x11,
  0x00, 0x00, 0x80, 0x8E, 0x57, 0xB1, 0x99, 0x01, 0x0A, 0x08, 0x40, 0x00, 0x01, 0x05,
  0x20, 0x88, 0x50, 0xEE, 0x87, 0x10, 0x39, 0xE0, 0x94, 0x05, 0x90, 0x1A, 0x06, 0x04,
  0x00, 0x00, 0x04, 0x84, 0x84, 0x53, 0xC2, 0x3A, 0xB1, 0x80, 0x24, 0x60, 0xC1, 0x02,
  0x44, 0x11, 0x08, 0x00, 0x80, 0x8E, 0x00, 0xCC, 0x93, 0x10, 0xA1, 0x37, 0x31, 0x22,
  0xF0, 0x0B, 0x06, 0x04, 0x00, 0x00, 0x00, 0x85, 0x10, 0x6E, 0x87, 0x10, 0x39, 0xE0,
  0x94, 0x05, 0x90, 0x1A, 0x0E, 0x04, 0x00, 0x00, 0x00, 0x84, 0x07, 0xA1, 0x80, 0x20,
  0x08, 0x0C, 0x40, 0x00, 0x01, 0x05, 0x20, 0x88, 0x70, 0x6E, 0x97, 0x10, 0x19, 0x60,
  0x94, 0x05, 0x90, 0x0A, 0x06, 0x04, 0x00, 0x00, 0x04, 0x84, 0x84, 0x53, 0x42, 0x28,
  0xF0, 0x80, 0x24, 0x60, 0xC1, 0x02, 0x44, 0x91, 0x57, 0xA1, 0x80, 0x20, 0x08, 0x0C,
  0x40, 0x00, 0x01, 0x05, 0x20, 0x88, 0x70, 0x6E, 0x97, 0x10, 0x79, 0x61, 0xD4, 0x05,
  0x90, 0x0A, 0x06, 0x04, 0x00, 0x00, 0x04, 0x84, 0x84, 0x53, 0x42, 0x2A, 0xF0, 0x80,
  0x24, 0x60, 0xC1, 0x02, 0x44, 0x11, 0x08, 0x00, 0x80, 0x80, 0x07, 0xB1, 0x81, 0x20,
  0x08, 0x0C, 0x40, 0x00, 0x01, 0x05, 0x20, 0x88, 0x70, 0xEE, 0x97, 0x10, 0x79, 0x60,
  0xD4, 0x05, 0x90, 0x0A, 0x06, 0x04, 0x00, 0x00, 0x04, 0x84, 0x84, 0x53, 0xC2, 0x28,
  0xF0, 0x80, 0x24, 0x60, 0xC1, 0x02, 0x44, 0x11, 0x00, 0x00, 0x80, 0x82, 0x57, 0xB1,
  0x81, 0x20, 0x08, 0x0C, 0x40, 0x00, 0x01, 0x05, 0x20, 0x88, 0x70, 0x6E, 0x97, 0x10,
  0x19, 0xE0, 0xD4, 0x05, 0x90, 0x0A, 0x06, 0x04, 0x00, 0x00, 0x04, 0x84, 0x84, 0x53,
  0xC2, 0x2A, 0xF0, 0x80, 0x24, 0x60, 0xC1, 0x02, 0x44, 0x11, 0x08, 0x00, 0x80, 0x82,
  0x07, 0xA1, 0x90, 0x21, 0x08, 0x0C, 0x40, 0x00, 0x01, 0x05, 0x20, 0x88, 0x50, 0x6E,
  0x87, 0x10, 0x59, 0x61, 0x94, 0x05, 0x90, 0x1A, 0x06, 0x04, 0x00, 0x00, 0x04, 0x84,
  0x84, 0x53, 0x42, 0x38, 0xF0, 0x80, 0x24, 0x60, 0xC1, 0x02, 0x44, 0x11, 0x00, 0x00,
  0x80, 0x84, 0x57, 0xA1, 0x90, 0x21, 0x08, 0x0C, 0x40, 0x00, 0x01, 0x05, 0x20, 0x88,
  0x50, 0xEE, 0x87, 0x10, 0x59, 0x61, 0x94, 0x05, 0x90, 0x1A, 0x06, 0x04, 0x00, 0x00,
  0x04, 0x84, 0x84, 0x53, 0x42, 0x3A, 0xF0, 0x80, 0x24, 0x60, 0xC1, 0x02, 0x44, 0x11,
  0x08, 0x00, 0x80, 0x84, 0x07, 0xB1, 0x91, 0x21, 0x08, 0x0C, 0x40, 0x00, 0x01, 0x05,
  0x20, 0x88, 0x50, 0x6E, 0x87, 0x10, 0x39, 0x61, 0x94, 0x05, 0x90, 0x1A, 0x06, 0x04,
  0x00, 0x00, 0x04, 0x84, 0x84, 0x53, 0xC2, 0x38, 0xF0, 0x80, 0x24, 0x60, 0xC1, 0x02,
  0x44, 0x11, 0x00, 0x00, 0x80, 0x86, 0x57, 0xB1, 0x91, 0x21, 0x08, 0x0C, 0x40, 0x00,
  0x01, 0x05, 0x20, 0x88, 0x50, 0xEE, 0x87, 0x10, 0x39, 0x61, 0x94, 0x05, 0x90, 0x1A,
  0x06, 0x04, 0x00, 0x00, 0x04, 0x84, 0x84, 0x53, 0xC2, 0x3A, 0xF0, 0x80, 0x24, 0x60,
  0xC1, 0x02, 0x44, 0x11, 0x08, 0x00, 0x80, 0x86, 0x07, 0xA1, 0x88, 0x20, 0x0A, 0x0C,
  0x40, 0x00, 0x01, 0x05, 0x20, 0x88, 0x50, 0x6E, 0x87, 0x10, 0x79, 0x61, 0x94, 0x05,
  0x90, 0x1A, 0x06, 0x04, 0x00, 0x00, 0x04, 0x84, 0x84, 0x53, 0x42, 0x28, 0xF1, 0x80,
  0x24, 0x60, 0xC1, 0x02, 0x44, 0x11, 0x00, 0x00, 0x80, 0x88, 0x57, 0xA1, 0x88, 0x20,
  0x0A, 0x0C, 0x40, 0x00, 0x01, 0x05, 0x20, 0x88, 0x50, 0xEE, 0x87, 0x10, 0x79, 0x61,
  0x94, 0x05, 0x90, 0x1A, 0x06, 0x04, 0x00, 0x00, 0x04, 0x84, 0x84, 0x53, 0x42, 0x2A,
  0xF1, 0x80, 0x24, 0x60, 0xC1, 0x02, 0x44, 0x11, 0x08, 0x00, 0x80, 0x88, 0x07, 0xB1,
  0x89, 0x20, 0x0A, 0x0C, 0x40, 0x00, 0x01, 0x05, 0x20, 0x88, 0x50, 0x6E, 0x87, 0x10,
  0x19, 0xE0, 0x94, 0x05, 0x90, 0x1A, 0x06, 0x04, 0x00, 0x00, 0x04, 0x84, 0x84, 0x53,
  0xC2, 0x28, 0xF1, 0x80, 0x24, 0x60, 0xC1, 0x02, 0x44, 0x11, 0x00, 0x00, 0x80, 0x8A,
  0x57, 0xB1, 0x89, 0x20, 0x0A, 0x0C, 0x40, 0x00, 0x01, 0x05, 0x20, 0x88, 0x50, 0xEE,
  0x87, 0x10, 0x19, 0xE0, 0x94, 0x05, 0x90, 0x1A, 0x06, 0x04, 0x00, 0x00, 0x04, 0x84,
  0x84, 0x53, 0xC2, 0x2A, 0xF1, 0x80, 0x24, 0x60, 0xC1, 0x02, 0x44, 0x11, 0x08, 0x00,
  0x80, 0x8A, 0x07, 0xA1, 0x98, 0x21, 0x0A, 0x0C, 0x40, 0x00, 0x01, 0x05, 0x20, 0x88,
  0x50, 0x6E, 0x87, 0x10, 0x59, 0xE0, 0x94, 0x05, 0x90, 0x1A, 0x06, 0x04, 0x00, 0x00,
  0x04, 0x84, 0x84, 0x53, 0x42, 0x38, 0xF1, 0x80, 0x24, 0x60, 0xC1, 0x02, 0x44, 0x11,
  0x00, 0x00, 0x80, 0x8C, 0x57, 0xA1, 0x98, 0x21, 0x0A, 0x0C, 0x40, 0x00, 0x01, 0x05,
  0x20, 0x88, 0x50, 0xEE, 0x87, 0x10, 0x59, 0xE0, 0x94, 0x05, 0x90, 0x1A, 0x06, 0x04,
  0x00, 0x00, 0x04, 0x84, 0x84, 0x53, 0x42, 0x3A, 0xF1, 0x80, 0x24, 0x60, 0xC1, 0x02,
  0x44, 0x11, 0x08, 0x00, 0x80, 0x8C, 0x07, 0xB1, 0x99, 0x21, 0x0A, 0x0C, 0x40, 0x00,
  0x01, 0x05, 0x20, 0x88, 0x50, 0x6E, 0x87, 0x10, 0x39, 0xE0, 0x94, 0x05, 0x90, 0x1A,
  0x06, 0x04, 0x00, 0x00, 0x04, 0x84, 0x84, 0x53, 0xC2, 0x38, 0xF1, 0x80, 0x24, 0x60,
  0xC1, 0x02, 0x44, 0x11, 0x00, 0x00, 0x80, 0x8E, 0x57, 0xB1, 0x99, 0x21, 0x0A, 0x0C,
  0x40, 0x00, 0x01, 0x05, 0x20, 0x88, 0x50, 0xEE, 0x87, 0x10, 0x39, 0xE0, 0x94, 0x05,
  0x90, 0x1A, 0x06, 0x04, 0x00, 0x00, 0x04, 0x84, 0x84, 0x53, 0xC2, 0x3A, 0xF1, 0x80,
  0x24, 0x60, 0xC1, 0x02, 0x44, 0x11, 0x08, 0x00, 0x80, 0x8E, 0x00, 0xCC, 0x93, 0x10,
  0xA1, 0x37, 0x31, 0x22, 0xF0, 0x0B, 0x06, 0x04, 0x00, 0x00, 0x00, 0x85, 0x38, 0x34,
  0xD1, 0x79, 0x8D, 0x9C, 0x86, 0x25, 0x5A, 0xE6, 0x00, 0x9B, 0x1C, 0xF8, 0x04, 0x00,
  0x00, 0x80, 0x00, 0x00, 0x00, 0x00, 0x00, 0x00, 0x00, 0x00, 0x00, 0x80, 0x9C, 0x02,
  0x00, 0x00, 0x00, 0x00, 0x34, 0x80, 0x5C, 0x1A, 0x00, 0x00, 0x00, 0x00, 0x00, 0x01,
  0x08, 0x00, 0x00, 0x80, 0x7C, 0x0F, 0x60, 0x41, 0x80, 0x42, 0xC0, 0x40, 0xCA, 0x59,
  0x80, 0x95, 0x5C, 0x02, 0x00, 0x00, 0x00, 0x00, 0x00, 0x11, 0x08, 0x00, 0x00, 0x80,
  0x02, 0x28, 0x25, 0x34, 0x01, 0x00, 0x08, 0x80, 0xB0, 0x6F, 0x90, 0x02, 0x09, 0x60,
  0x94, 0x01, 0x90, 0x0A, 0x06, 0x04, 0x00, 0x00, 0x00, 0x85, 0x40, 0xCC, 0x97, 0x10,
  0x01, 0x22, 0xB0, 0x09, 0x92, 0x0A, 0x1E, 0x04, 0x00, 0x00, 0x00, 0x84, 0x38, 0x72,
  0x8E, 0x69, 0x9B, 0xF8, 0xB6, 0x25, 0x40, 0x82, 0x00, 0x1A, 0x00, 0x02, 0x08, 0x80,
  0x00, 0x4C, 0x97, 0x08, 0x7D, 0x27, 0x31, 0x29, 0x93, 0x0A, 0x0E, 0x04, 0x00, 0x00,
  0x00, 0x84, 0x38, 0x72, 0x8C, 0x69, 0x97, 0xD8, 0xB6, 0x25, 0x40, 0x82, 0x20, 0x1A,
  0x00, 0x02, 0x08, 0x80, 0x17, 0xC8, 0x80, 0x01, 0x8A, 0x0A, 0x40, 0x48, 0x20, 0x04,
  0x00, 0x88, 0x7C, 0x4A, 0x69, 0x5E, 0x91, 0x42, 0x80, 0x60, 0x8B, 0x03, 0x80, 0x95,
  0x7C, 0x9F, 0x08, 0x01, 0x80, 0x0C, 0xC0, 0x30, 0x8A, 0x5A, 0x81, 0x95, 0x00, 0x4C,
  0x81, 0x10, 0xC1, 0x22, 0x90, 0x01, 0x90, 0x1A, 0x06, 0x04, 0x00, 0x00, 0x00, 0x85,
  0xD0, 0x6F, 0x85, 0x00, 0x49, 0xE0, 0x94, 0x05, 0x94, 0x0A, 0x0E, 0x04, 0x00, 0x00,
  0x00, 0x84, 0x1C, 0xD8, 0x06, 0x10, 0x80, 0x80, 0x00, 0x00, 0x00, 0x00, 0x00, 0x00,
  0x00, 0x00, 0x00, 0x80, 0x38, 0xB7, 0x88, 0x6B, 0x97, 0x08, 0x96, 0x25, 0x40, 0xA2,
  0x20, 0x9A, 0x4E, 0x0A, 0x39, 0x2C, 0x71, 0x42, 0xA8, 0x20, 0xB4, 0x03, 0x04, 0x01,
  0x00, 0x01, 0x10, 0x80, 0x10, 0xCE, 0x93, 0x00, 0xA1, 0x23, 0xF1, 0x01, 0x94, 0x1A,
  0x06, 0x05, 0x00, 0x00, 0x00, 0x85, 0x38, 0x76, 0x9B, 0x69, 0xB9, 0x38, 0xB6, 0x25,
  0x40, 0xA2, 0x00, 0x9A, 0xD0, 0x4E, 0x99, 0x51, 0xE1, 0x22, 0xB0, 0x01, 0x90, 0x0A,
  0x06, 0x04, 0x00, 0x00, 0x00, 0x85, 0x60, 0x6C, 0x1F, 0x08, 0x15, 0x24, 0xB8, 0x2B,
  0x91, 0x4A, 0x0E, 0x04, 0x00, 0x00, 0x00, 0x84, 0x10, 0xEF, 0x95, 0x12, 0x29, 0x61,
  0x94, 0x05, 0x90, 0x0A, 0x0E, 0x04, 0x00, 0x00, 0x00, 0x84, 0x1C, 0xF8, 0x01, 0x00,
  0x00, 0x80, 0x00, 0x00, 0x00, 0x00, 0x00, 0x00, 0x00, 0x00, 0x00, 0x80, 0xF0, 0xCC,
  0x88, 0x18, 0xC1, 0x22, 0x90, 0x01, 0x90, 0x0A, 0x06, 0x04, 0x00, 0x00, 0x00, 0x85,
  0x37, 0xC9, 0xA5, 0x02, 0x10, 0x08, 0x40, 0x40, 0x00, 0x04, 0x20, 0x88, 0x1C, 0x40,
  0xFB, 0x7F, 0xFF, 0x1B, 0x00, 0x00, 0x00, 0x00, 0x00, 0x00, 0x00, 0x00, 0x00, 0x80,
  0x13, 0xC8, 0xA1, 0x00, 0x18, 0x08, 0x40, 0x40, 0x00, 0x04, 0x00, 0x88, 0x40, 0x4C,
  0xDB, 0x08, 0x5D, 0x24, 0xB8, 0x29, 0x91, 0x4A, 0x26, 0x04, 0x00, 0x00, 0x00, 0x85,
  0x20, 0xCC, 0x9B, 0x11, 0x01, 0x00, 0xD0, 0x01, 0x90, 0x0A, 0x16, 0x04, 0x00, 0x00,
  0x00, 0x84, 0x30, 0x6C, 0x1F, 0x28, 0x05, 0x20, 0x99, 0x23, 0x91, 0x4A, 0x06, 0x04,
  0x00, 0x00, 0x00, 0x84, 0xFE, 0x60, 0x22, 0x38, 0x06, 0xE1, 0x04, 0x80, 0x7E, 0x64,
  0xC3, 0x40, 0x04, 0xE4, 0x08, 0x80, 0xD0, 0xE2, 0x10, 0x40, 0xE9, 0x60, 0x94, 0x05,
  0x90, 0x0A, 0x06, 0x04, 0x00, 0x00, 0x00, 0x85, 0xF0, 0x6E, 0xBC, 0x18, 0x09, 0x22,
  0xB0, 0x01, 0x90, 0x0A, 0x0E, 0x04, 0x00, 0x00, 0x40, 0x84, 0x50, 0x42, 0x13, 0x51,
  0xE1, 0x22, 0xB0, 0x01, 0x90, 0x0A, 0x06, 0x04, 0x00, 0x00, 0x00, 0x85, 0x1A, 0x61,
  0x89, 0x2C, 0x00, 0x8A, 0x00, 0x80, 0x50, 0x42, 0x11, 0x48, 0xE1, 0x22, 0xB0, 0x01,
  0x90, 0x0A, 0x06, 0x05, 0x00, 0x00, 0x00, 0x85, 0x7E, 0x64, 0xC3, 0x38, 0x04, 0xE4,
  0x08, 0x80, 0xF0, 0x6E, 0x18, 0x00, 0x85, 0x22, 0xB8, 0x23, 0x91, 0x0A, 0x26, 0x04,
  0x00, 0x00, 0x00, 0x85, 0x27, 0x89, 0x85, 0x00, 0x08, 0x0A, 0x40, 0x40, 0x20, 0x04,
  0x00, 0x88, 0x37, 0x89, 0xA5, 0x02, 0x10, 0x08, 0x40, 0x41, 0x00, 0x04, 0x20, 0x88,
  0x30, 0x42, 0x17, 0x51, 0x4D, 0x3E, 0x98, 0x22, 0x00, 0x2A, 0x0E, 0x16, 0x21, 0x00,
  0x00, 0x84, 0xF0, 0x62, 0x11, 0x11, 0x81, 0x3E, 0x10, 0x02, 0x80, 0x0E, 0x06, 0x14,
  0x01, 0x00, 0x00, 0x85, 0x33, 0xC9, 0xA0, 0x00, 0x18, 0x0A, 0x40, 0x40, 0x20, 0x04,
  0x00, 0x88, 0x50, 0xCE, 0x98, 0x11, 0xAD, 0x27, 0x30, 0x01, 0x91, 0x0A, 0x26, 0x04,
  0x00, 0x00, 0x00, 0x85, 0x70, 0xE3, 0x07, 0x11, 0x09, 0x60, 0x94, 0x05, 0x90, 0x0A,
  0x0E, 0x04, 0x00, 0x00, 0x00, 0x84, 0x70, 0xCE, 0x8B, 0x11, 0x81, 0x22, 0xB0, 0x01,
  0x92, 0x0A, 0x16, 0x04, 0x00, 0x00, 0x00, 0x85, 0xD0, 0xC2, 0x1C, 0x58, 0x01, 0x20,
  0x90, 0x01, 0x92, 0x0A, 0x0E, 0x04, 0x00, 0x00, 0x00, 0x84, 0x70, 0xE3, 0x03, 0x11,
  0x89, 0x60, 0x94, 0x05, 0x90, 0x0A, 0x06, 0x04, 0x00, 0x00, 0x00, 0x85, 0xD0, 0xC2,
  0x1C, 0x58, 0x01, 0x20, 0x90, 0x01, 0x92, 0x0A, 0x0E, 0x04, 0x00, 0x00, 0x00, 0x84,
  0xD0, 0xCE, 0x90, 0x00, 0xAD, 0x27, 0x98, 0x01, 0x91, 0x0A, 0x26, 0x04, 0x00, 0x00,
  0x00, 0x85, 0x33, 0xC9, 0xA5, 0x00, 0x08, 0x0A, 0x40, 0x40, 0x00, 0x04, 0x00, 0x88,
  0x38, 0xD3, 0x04, 0x49, 0x09, 0x28, 0x97, 0xA5, 0x70, 0xCC, 0x9C, 0x10, 0x01, 0x20,
  0xD0, 0x01, 0x90, 0x0A, 0x0E, 0x04, 0x00, 0x00, 0x00, 0x84, 0x70, 0x6C, 0x19, 0x00,
  0x95, 0x24, 0x11, 0x01, 0x91, 0x4A, 0x06, 0x04, 0x00, 0x00, 0x00, 0x85, 0x70, 0xEF,
  0x82, 0x12, 0x99, 0x60, 0x94, 0x05, 0x90, 0x0A, 0x06, 0x04, 0x00, 0x00, 0x00, 0x85,
  0x1C, 0x78, 0x05, 0x00, 0x00, 0x84, 0x00, 0x00, 0x00, 0x00, 0x00, 0x00, 0x00, 0x00,
  0x00, 0x80, 0x30, 0xEF, 0x97, 0x0A, 0x09, 0x60, 0xD5, 0x01, 0x90, 0x4A, 0x0E, 0x04,
  0x00, 0x00, 0x00, 0x84, 0x70, 0x62, 0x13, 0x08, 0x85, 0x32, 0xB9, 0x21, 0x82, 0x42,
  0x06, 0x10, 0x01, 0x00, 0x00, 0x85, 0x38, 0x54, 0x91, 0x6B, 0xB9, 0x79, 0xA7, 0x25,
  0x00, 0xA2, 0x00, 0x9A, 0x30, 0x6E, 0xB1, 0x51, 0xC9, 0x2A, 0x90, 0x01, 0x90, 0x0A,
  0x06, 0x04, 0x00, 0x00, 0x40, 0x85, 0x10, 0x4E, 0xD7, 0x48, 0x4D, 0x22, 0x99, 0x21,
  0x91, 0x4A, 0x2E, 0x04, 0x00, 0x00, 0x00, 0x84, 0xB8, 0x92, 0x97, 0x43, 0x00, 0x0C,
  0x36, 0x21, 0x78, 0x86, 0x00, 0x1A, 0x00, 0x02, 0x08, 0x80, 0x30, 0xCE, 0x97, 0x08,
  0x01, 0x22, 0xF1, 0x01, 0x92, 0x4A, 0x1E, 0x04, 0x00, 0x00, 0x00, 0x84, 0x10, 0x4E,
  0x93, 0x51, 0xC1, 0x22, 0x90, 0x01, 0x92, 0x0A, 0x16, 0x04, 0x00, 0x00, 0x00, 0x85,
  0x1C, 0x38, 0x04, 0x00, 0x00, 0x00, 0x00, 0x00, 0x00, 0x00, 0x00, 0x00, 0x00, 0x00,
  0x00, 0x80, 0x70, 0xEF, 0x90, 0x0A, 0x99, 0x60, 0xD5, 0x01, 0x90, 0x4A, 0x06, 0x04,
  0x00, 0x00, 0x00, 0x85, 0x30, 0x62, 0x15, 0x08, 0x15, 0x32, 0xB9, 0x21, 0x82, 0x42,
  0x0E, 0x10, 0x01, 0x00, 0x00, 0x84, 0x38, 0x70, 0x97, 0x6B, 0xB9, 0x79, 0xA7, 0x25,
  0x00, 0x82, 0x00, 0x1A, 0x00, 0x02, 0x08, 0x80, 0x30, 0x6E, 0xB5, 0x51, 0x49, 0x2A,
  0x90, 0x01, 0x90, 0x0A, 0x0E, 0x04, 0x00, 0x00, 0x40, 0x84, 0x50, 0x4E, 0xD0, 0x48,
  0xDD, 0x22, 0x99, 0x21, 0x91, 0x4A, 0x26, 0x04, 0x00, 0x00, 0x00, 0x85, 0xB8, 0x92,
  0x97, 0x43, 0x00, 0x0C, 0x36, 0x21, 0x78, 0x86, 0x00, 0x1A, 0x00, 0x02, 0x08, 0x80,
  0x70, 0xCE, 0x94, 0x08, 0x11, 0x22, 0xF1, 0x01, 0x92, 0x4A, 0x1E, 0x04, 0x00, 0x00,
  0x00, 0x84, 0x10, 0x4E, 0x93, 0x51, 0xC1, 0x22, 0x90, 0x01, 0x92, 0x0A, 0x16, 0x04,
  0x00, 0x00, 0x00, 0x85, 0x10, 0x4C, 0x9B, 0x48, 0xCD, 0x24, 0x99, 0x01, 0x91, 0x4A,
  0x06, 0x04, 0x00, 0x00, 0x00, 0x85, 0xB8, 0xB0, 0x95, 0x43, 0x00, 0x0C, 0x36, 0x21,
  0x78, 0x86, 0x00, 0x1A, 0x00, 0x02, 0x08, 0x80, 0x70, 0x4E, 0x90, 0x50, 0xC1, 0x2A,
  0x90, 0x01, 0x92, 0x0A, 0x16, 0x04, 0x00, 0x00, 0x00, 0x85, 0xD0, 0x6F, 0x84, 0x1A,
  0x29, 0xE0, 0xD4, 0x01, 0x94, 0x0A, 0x0E, 0x04, 0x00, 0x00, 0x00, 0x84, 0x27, 0xC9,
  0x01, 0x01, 0x00, 0x08, 0x40, 0x49, 0x20, 0x04, 0x00, 0x88, 0x33, 0x88, 0x20, 0x00,
  0x18, 0x08, 0x40, 0x48, 0x00, 0x04, 0x00, 0x88, 0x27, 0x89, 0xA5, 0x02, 0x10, 0x0A,
  0x40, 0x48, 0x00, 0x04, 0x00, 0x88, 0x20, 0x6C, 0x19, 0x20, 0x95, 0x24, 0x11, 0x21,
  0x91, 0x4A, 0x06, 0x04, 0x00, 0x00, 0x00, 0x85, 0x40, 0xCE, 0x9A, 0x18, 0x91, 0x6A,
  0xB0, 0x09, 0x90, 0x4A, 0x06, 0x05, 0x00, 0x00, 0x00, 0x85, 0x30, 0xCE, 0x98, 0x48,
  0x8D, 0x00, 0x98, 0x23, 0x91, 0x0E, 0x0E, 0x05, 0x00, 0x00, 0x00, 0x84, 0x30, 0xEE,
  0x95, 0x08, 0x09, 0x60, 0xD5, 0x41, 0x90, 0x4A, 0x0E, 0x04, 0x00, 0x00, 0x00, 0x84,
  0x1C, 0x3C, 0x01, 0x00, 0x00, 0x80, 0x00, 0x00, 0x00, 0x00, 0x00, 0x00, 0x00, 0x00,
  0x00, 0x80, 0x9C, 0x03, 0x00, 0x80, 0x10, 0xEF, 0x85, 0x12, 0x09, 0xE1, 0x94, 0x05,
  0x94, 0x0A, 0x06, 0x04, 0x00, 0x00, 0x00, 0x84, 0xD0, 0x6F, 0x85, 0x02, 0x49, 0xE0,
  0x94, 0x05, 0x94, 0x0A, 0x06, 0x04, 0x00, 0x00, 0x04, 0x84, 0x60, 0x6C, 0x10, 0x00,
  0x95, 0x04, 0x11, 0x09, 0x91, 0x0A, 0x0E, 0x05, 0x00, 0x00, 0x00, 0x84, 0x40, 0xCC,
  0xDB, 0x00, 0x0D, 0x02, 0xB9, 0x21, 0x91, 0x0A, 0x06, 0x05, 0x00, 0x00, 0x00, 0x84,
  0x40, 0xCC, 0x80, 0x00, 0x61, 0xA2, 0xB1, 0x09, 0x90, 0x5A, 0x16, 0x04, 0x00, 0x00,
  0x00, 0x85, 0x1C, 0xDC, 0xF8, 0x7F, 0xDF, 0x8B, 0x00, 0x00, 0x00, 0x00, 0x00, 0x00,
  0x00, 0x00, 0x00, 0x80, 0x7C, 0x9F, 0x08, 0x01, 0x80, 0x08, 0xC0, 0x30, 0x8A, 0x5A,
  0x81, 0x95, 0x92, 0x01, 0x00, 0x00, 0x15, 0x60, 0x00, 0xD1, 0x9C, 0x02, 0x00, 0x00,
  0x00, 0x00, 0x34, 0x80, 0x02, 0x28, 0x25, 0x34, 0x11, 0x03, 0x08, 0x80, 0x30, 0xEE,
  0x95, 0x08, 0x09, 0x60, 0xD5, 0x41, 0x90, 0x4A, 0x0E, 0x04, 0x00, 0x00, 0x00, 0x84,
  0x1C, 0x3C, 0x01, 0x00, 0x00, 0x80, 0x00, 0x00, 0x00, 0x00, 0x00, 0x00, 0x00, 0x00,
  0x00, 0x80, 0x9C, 0x03, 0x00, 0x80, 0x1C, 0x1F, 0x00, 0x80, 0x90, 0x4E, 0x82, 0x11,
  0x41, 0x28, 0xB0, 0x01, 0x90, 0x1A, 0x06, 0x04, 0x00, 0x00, 0x00, 0x85, 0x90, 0xEF,
  0x86, 0x13, 0x09, 0xE1, 0x94, 0x05, 0x94, 0x0A, 0x0E, 0x04, 0x00, 0x00, 0x00, 0x84,
  0x10, 0x6F, 0x84, 0x12, 0x49, 0xE0, 0x94, 0x05, 0x94, 0x0A, 0x06, 0x04, 0x00, 0x00,
  0x04, 0x84, 0x1C, 0xD8, 0x00, 0x10, 0x00, 0x86, 0x00, 0x00, 0x00, 0x00, 0x00, 0x00,
  0x00, 0x00, 0x00, 0x80, 0x10, 0x6F, 0x84, 0x10, 0x49, 0xE0, 0x94, 0x05, 0x94, 0x0A,
  0x0E, 0x04, 0x00, 0x00, 0x00, 0x84, 0x1C, 0xD8, 0x06, 0x10, 0x80, 0x80, 0x00, 0x00,
  0x00, 0x00, 0x00, 0x00, 0x00, 0x00, 0x00, 0x80, 0x38, 0x37, 0x88, 0x69, 0x87, 0x08,
  0xB6, 0x25, 0x40, 0xA2, 0x20, 0x9A, 0x4E, 0x0A, 0x39, 0x0C, 0x79, 0x42, 0xA8, 0x20,
  0xB4, 0x03, 0x04, 0x01, 0x00, 0x01, 0x10, 0x80, 0x10, 0x4E, 0x93, 0x00, 0xE1, 0x23,
  0xF1, 0x01, 0x94, 0x1A, 0x06, 0x05, 0x00, 0x00, 0x00, 0x85, 0x38, 0x76, 0x9B, 0x69,
  0xB9, 0x38, 0xB6, 0x25, 0x40, 0xA2, 0x00, 0x9A, 0x90, 0x4E, 0x99, 0x40, 0xE1, 0x22,
  0xB0, 0x01, 0x90, 0x0A, 0x06, 0x04, 0x00, 0x00, 0x00, 0x85, 0x60, 0x6C, 0x1F, 0x08,
  0x15, 0x24, 0xB8, 0x2B, 0x91, 0x4A, 0x0E, 0x04, 0x00, 0x00, 0x00, 0x84, 0x90, 0xEF,
  0x96, 0x13, 0x29, 0x61, 0x94, 0x05, 0x90, 0x0A, 0x0E, 0x04, 0x00, 0x00, 0x00, 0x84,
  0x1C, 0xF8, 0x01, 0x00, 0x00, 0x80, 0x00, 0x00, 0x00, 0x00, 0x00, 0x00, 0x00, 0x00,
  0x00, 0x80, 0xC0, 0x4C, 0x90, 0x18, 0x81, 0x20, 0x90, 0x01, 0x90, 0x0A, 0x06, 0x04,
  0x00, 0x00, 0x00, 0x85, 0x27, 0xC8, 0xA1, 0x02, 0x10, 0x08, 0x40, 0x40, 0x00, 0x04,
  0x20, 0x88, 0x1C, 0x40, 0xFB, 0x7F, 0xFF, 0x1B, 0x00, 0x00, 0x00, 0x00, 0x00, 0x00,
  0x00, 0x00, 0x00, 0x80, 0x13, 0xC8, 0xA1, 0x00, 0x18, 0x08, 0x40, 0x40, 0x00, 0x04,
  0x00, 0x88, 0x60, 0x4C, 0x9B, 0x48, 0x3D, 0x20, 0x30, 0x29, 0x91, 0x4A, 0x26, 0x04,
  0x00, 0x00, 0x00, 0x85, 0x20, 0xCC, 0x93, 0x11, 0x01, 0x02, 0xD0, 0x01, 0xD0, 0x0A,
  0x16, 0x04, 0x00, 0x00, 0x00, 0x84, 0x30, 0x6C, 0x1F, 0x28, 0x05, 0x20, 0x99, 0x23,
  0x91, 0x4A, 0x06, 0x04, 0x00, 0x00, 0x00, 0x84, 0xFE, 0x60, 0x23, 0x38, 0x04, 0xE1,
  0x08, 0x80, 0x7E, 0x64, 0xC2, 0x40, 0x06, 0xE4, 0x04, 0x80, 0xD0, 0xE2, 0x14, 0x40,
  0x69, 0x60, 0x94, 0x05, 0x90, 0x0A, 0x0E, 0x04, 0x00, 0x00, 0x00, 0x84, 0xF0, 0x6E,
  0xB8, 0x18, 0x89, 0x22, 0xB0, 0x01, 0x90, 0x0A, 0x06, 0x04, 0x00, 0x00, 0x40, 0x85,
  0x50, 0x42, 0x17, 0x51, 0x61, 0x22, 0xB0, 0x01, 0x90, 0x0A, 0x0E, 0x04, 0x00, 0x00,
  0x00, 0x84, 0x1A, 0xB1, 0x89, 0x2C, 0x00, 0x0A, 0x00, 0x80, 0x50, 0x42, 0x15, 0x48,
  0x61, 0x22, 0xB0, 0x01, 0x90, 0x0A, 0x0E, 0x05, 0x00, 0x00, 0x00, 0x84, 0x7E, 0x64,
  0xC2, 0x38, 0x06, 0xE4, 0x04, 0x80, 0xF0, 0x6E, 0x1C, 0x00, 0x05, 0x22, 0xB8, 0x23,
  0x91, 0x0A, 0x2E, 0x04, 0x00, 0x00, 0x00, 0x84, 0x27, 0x89, 0x85, 0x00, 0x08, 0x08,
  0x40, 0x41, 0x00, 0x04, 0x20, 0x88, 0x37, 0x89, 0xA5, 0x02, 0x10, 0x0A, 0x40, 0x40,
  0x20, 0x04, 0x00, 0x88, 0x30, 0x42, 0x13, 0x51, 0xCD, 0x3E, 0x98, 0x22, 0x00, 0x2A,
  0x06, 0x16, 0x21, 0x00, 0x00, 0x85, 0xF0, 0x62, 0x15, 0x11, 0x01, 0x3E, 0x10, 0x02,
  0x80, 0x0E, 0x0E, 0x14, 0x01, 0x00, 0x00, 0x84, 0x33, 0xC9, 0xA0, 0x00, 0x18, 0x08,
  0x40, 0x41, 0x00, 0x04, 0x20, 0x88, 0x50, 0xCE, 0x9C, 0x11, 0x2D, 0x27, 0x30, 0x01,
  0x91, 0x0A, 0x2E, 0x04, 0x00, 0x00, 0x00, 0x84, 0x70, 0xE3, 0x03, 0x11, 0x89, 0x60,
  0x94, 0x05, 0x90, 0x0A, 0x06, 0x04, 0x00, 0x00, 0x00, 0x85, 0x70, 0xCE, 0x8F, 0x11,
  0x01, 0x22, 0xB0, 0x01, 0x92, 0x0A, 0x1E, 0x04, 0x00, 0x00, 0x00, 0x84, 0xD0, 0xC2,
  0x18, 0x58, 0x81, 0x20, 0x90, 0x01, 0x92, 0x0A, 0x06, 0x04, 0x00, 0x00, 0x00, 0x85,
  0x70, 0xE3, 0x07, 0x11, 0x09, 0x60, 0x94, 0x05, 0x90, 0x0A, 0x0E, 0x04, 0x00, 0x00,
  0x00, 0x84, 0xD0, 0xC2, 0x18, 0x58, 0x81, 0x20, 0x90, 0x01, 0x92, 0x0A, 0x06, 0x04,
  0x00, 0x00, 0x00, 0x85, 0xD0, 0xCE, 0x94, 0x00, 0x2D, 0x27, 0x98, 0x01, 0x91, 0x0A,
  0x2E, 0x04, 0x00, 0x00, 0x00, 0x84, 0x33, 0xC9, 0xA5, 0x00, 0x08, 0x0A, 0x40, 0x40,
  0x00, 0x04, 0x00, 0x88, 0x38, 0xD3, 0x04, 0x49, 0x09, 0x28, 0x97, 0xA5, 0x30, 0xCC,
  0x9D, 0x10, 0x01, 0x20, 0xD1, 0x01, 0x90, 0x0A, 0x0E, 0x04, 0x00, 0x00, 0x00, 0x84,
  0x70, 0x6C, 0x19, 0x00, 0x95, 0x24, 0x11, 0x01, 0x91, 0x4A, 0x06, 0x04, 0x00, 0x00,
  0x00, 0x85, 0x70, 0xEF, 0x82, 0x12, 0x99, 0x60, 0x94, 0x05, 0x90, 0x0A, 0x06, 0x04,
  0x00, 0x00, 0x00, 0x85, 0x1C, 0x98, 0x04, 0x00, 0x00, 0x84, 0x00, 0x00, 0x00, 0x00,
  0x00, 0x00, 0x00, 0x00, 0x00, 0x80, 0x30, 0xEF, 0x93, 0x0A, 0x89, 0x60, 0xD5, 0x01,
  0x90, 0x4A, 0x06, 0x04, 0x00, 0x00, 0x00, 0x85, 0x70, 0x62, 0x17, 0x08, 0x05, 0x32,
  0xB9, 0x21, 0x82, 0x42, 0x0E, 0x10, 0x01, 0x00, 0x00, 0x84, 0x38, 0x11, 0x84, 0x6B,
  0xB9, 0x7A, 0xA7, 0x25, 0x00, 0x82, 0x00, 0x1A, 0x00, 0x02, 0x08, 0x80, 0x00, 0xEC,
  0xBD, 0x11, 0x09, 0xA0, 0x90, 0x01, 0xD0, 0x0A, 0x0E, 0x04, 0x00, 0x00, 0x40, 0x84,
  0x10, 0x4E, 0x93, 0x48, 0xC9, 0x26, 0x11, 0x01, 0xB1, 0x4A, 0x26, 0x04, 0x00, 0x00,
  0x00, 0x85, 0x38, 0xB0, 0x95, 0x43, 0x08, 0x0C, 0x36, 0x21, 0x78, 0x86, 0x00, 0x1A,
  0x00, 0x02, 0x08, 0x80, 0x30, 0xCE, 0x97, 0x08, 0x01, 0x22, 0xF1, 0x01, 0x92, 0x4A,
  0x1E, 0x04, 0x00, 0x00, 0x00, 0x84, 0x10, 0x4E, 0x93, 0x51, 0xC1, 0x22, 0x90, 0x01,
  0x92, 0x0A, 0x16, 0x04, 0x00, 0x00, 0x00, 0x85, 0x1C, 0x58, 0x05, 0x00, 0x00, 0x00,
  0x00, 0x00, 0x00, 0x00, 0x00, 0x00, 0x00, 0x00, 0x00, 0x80, 0x70, 0xEF, 0x94, 0x0A,
  0x19, 0x60, 0xD5, 0x01, 0x90, 0x4A, 0x0E, 0x04, 0x00, 0x00, 0x00, 0x84, 0x30, 0x62,
  0x11, 0x08, 0x95, 0x32, 0xB9, 0x21, 0x82, 0x42, 0x06, 0x10, 0x01, 0x00, 0x00, 0x85,
  0x38, 0x35, 0x82, 0x6B, 0xB9, 0x7A, 0xA7, 0x25, 0x00, 0xA2, 0x00, 0x9A, 0x00, 0xEC,
  0xB9, 0x11, 0x89, 0xA0, 0x90, 0x01, 0xD0, 0x0A, 0x06, 0x04, 0x00, 0x00, 0x40, 0x85,
  0x50, 0x4E, 0x94, 0x48, 0x59, 0x26, 0x11, 0x01, 0xB1, 0x4A, 0x2E, 0x04, 0x00, 0x00,
  0x00, 0x84, 0x38, 0xB0, 0x95, 0x43, 0x08, 0x0C, 0x36, 0x21, 0x78, 0x86, 0x00, 0x1A,
  0x00, 0x02, 0x08, 0x80, 0x70, 0xCE, 0x94, 0x08, 0x11, 0x22, 0xF1, 0x01, 0x92, 0x4A,
  0x1E, 0x04, 0x00, 0x00, 0x00, 0x84, 0x10, 0x4E, 0x93, 0x51, 0xC1, 0x22, 0x90, 0x01,
  0x92, 0x0A, 0x16, 0x04, 0x00, 0x00, 0x00, 0x85, 0x10, 0x4C, 0x9B, 0x48, 0xCD, 0x24,
  0x99, 0x01, 0x91, 0x4A, 0x06, 0x04, 0x00, 0x00, 0x00, 0x85, 0xB8, 0xB0, 0x95, 0x43,
  0x00, 0x0C, 0x36, 0x21, 0x78, 0x86, 0x00, 0x1A, 0x00, 0x02, 0x08, 0x80, 0x00, 0xCC,
  0x99, 0x10, 0x81, 0xA0, 0x91, 0x01, 0xD2, 0x0A, 0x16, 0x04, 0x00, 0x00, 0x00, 0x85,
  0xD0, 0x6F, 0x84, 0x1A, 0x29, 0xE0, 0xD4, 0x01, 0x94, 0x0A, 0x0E, 0x04, 0x00, 0x00,
  0x00, 0x84, 0x27, 0xC9, 0x01, 0x01, 0x00, 0x08, 0x40, 0x49, 0x20, 0x04, 0x00, 0x88,
  0x33, 0xC8, 0x00, 0x00, 0x28, 0x08, 0x40, 0x48, 0x00, 0x04, 0x00, 0x88, 0x17, 0x88,
  0xA0, 0x02, 0x10, 0x0E, 0x40, 0x48, 0x00, 0x04, 0x00, 0x88, 0x20, 0x6C, 0x11, 0x20,
  0x91, 0x22, 0x11, 0x01, 0xD1, 0x4A, 0x06, 0x04, 0x00, 0x00, 0x00, 0x85, 0xF0, 0x0E,
  0x9A, 0x58, 0x91, 0x02, 0xB0, 0x01, 0x90, 0x08, 0x2A, 0x04, 0x00, 0x04, 0x00, 0x84,
  0xF0, 0x0E, 0x94, 0x58, 0x01, 0x22, 0xB0, 0x01, 0x90, 0x08, 0x22, 0x04, 0x00, 0x04,
  0x00, 0x84, 0x38, 0x32, 0x91, 0x63, 0x94, 0x0C, 0x36, 0x21, 0x78, 0x82, 0x00, 0x1A,
  0x00, 0x02, 0x08, 0x80, 0x1C, 0x18, 0x04, 0x00, 0x00, 0x80, 0x00, 0x00, 0x00, 0x00,
  0x00, 0x00, 0x00, 0x00, 0x00, 0x80, 0x40, 0x4C, 0x9B, 0x00, 0x49, 0xA4, 0x11, 0x01,
  0xF1, 0x0A, 0x06, 0x05, 0x00, 0x00, 0x00, 0x85, 0x70, 0x4E, 0x9F, 0x00, 0x1D, 0x28,
  0x99, 0x23, 0x91, 0x0A, 0x06, 0x05, 0x00, 0x00, 0x00, 0x84, 0x40, 0xCC, 0x9B, 0x00,
  0x0D, 0xA0, 0x99, 0x23, 0xD1, 0x0A, 0x06, 0x05, 0x00, 0x00, 0x00, 0x85, 0x27, 0x89,
  0x01, 0x00, 0x0A, 0x08, 0x40, 0x40, 0x00, 0x04, 0x00, 0x88, 0x37, 0x89, 0x00, 0x01,
  0x0A, 0x08, 0x40, 0x40, 0x00, 0x04, 0x00, 0x88, 0x27, 0x89, 0x00, 0x01, 0x0A, 0x08,
  0x40, 0x40, 0x00, 0x04, 0x00, 0x88, 0x33, 0xC9, 0x81, 0x00, 0x2A, 0x08, 0x40, 0x40,
  0x00, 0x04, 0x20, 0x88, 0x1C, 0xB8, 0x02, 0x00, 0x00, 0x00, 0x00, 0x00, 0x00, 0x00,
  0x00, 0x00, 0x00, 0x00, 0x00, 0x80, 0x60, 0x6C, 0x18, 0x00, 0x15, 0x24, 0x11, 0x01,
  0xD1, 0x0A, 0x06, 0x05, 0x00, 0x00, 0x00, 0x85, 0x50, 0xCE, 0x8F, 0x00, 0x7D, 0xAD,
  0x99, 0x23, 0x91, 0x1A, 0x06, 0x05, 0x00, 0x00, 0x00, 0x84, 0x40, 0xCC, 0x9B, 0x00,
  0x0D, 0xA4, 0x99, 0x23, 0xD1, 0x0A, 0x06, 0x05, 0x00, 0x00, 0x00, 0x85, 0x27, 0x89,
  0x01, 0x00, 0x0A, 0x08, 0x40, 0x40, 0x00, 0x04, 0x00, 0x88, 0x37, 0x89, 0x00, 0x01,
  0x0A, 0x08, 0x40, 0x40, 0x00, 0x04, 0x00, 0x88, 0x33, 0xC9, 0x01, 0x00, 0x2A, 0x08,
  0x40, 0x40, 0x20, 0x04, 0x00, 0x88, 0x23, 0x89, 0x80, 0x01, 0x0A, 0x08, 0x40, 0x40,
  0x00, 0x04, 0x20, 0x88, 0x30, 0xCE, 0x98, 0x48, 0x8D, 0x00, 0x98, 0x23, 0x91, 0x0E,
  0x0E, 0x05, 0x00, 0x00, 0x00, 0x84, 0xDC, 0x18, 0x00, 0x80, 0x38, 0x34, 0xD1, 0x79,
  0x8D, 0x9C, 0x86, 0x25, 0x5A, 0xE6, 0x00, 0x9B, 0x1C, 0xF8, 0x04, 0x00, 0x00, 0x80,
  0x00, 0x00, 0x00, 0x00, 0x00, 0x00, 0x00, 0x00, 0x00, 0x80, 0x9C, 0x02, 0x00, 0x00,
  0x00, 0x00, 0x34, 0x80, 0x5C, 0x1A, 0x00, 0x00, 0x00, 0x00, 0x00, 0x01, 0x08, 0x00,
  0x00, 0x80, 0x7C, 0x0F, 0x60, 0x41, 0x80, 0x42, 0xC0, 0x40, 0xCA, 0x59, 0x80, 0x95,
  0x5C, 0x02, 0x00, 0x00, 0x00, 0x00, 0x00, 0x11, 0x08, 0x00, 0x00, 0x80, 0x02, 0x28,
  0x25, 0x34, 0x01, 0x00, 0x08, 0x80, 0xB0, 0x6F, 0x90, 0x02, 0x09, 0x60, 0x94, 0x01,
  0x90, 0x0A, 0x06, 0x04, 0x00, 0x00, 0x00, 0x85, 0x40, 0xCC, 0x97, 0x10, 0x01, 0x22,
  0xB0, 0x09, 0x92, 0x0A, 0x1E, 0x04, 0x00, 0x00, 0x00, 0x84, 0x38, 0x72, 0x8E, 0x69,
  0x9B, 0xF8, 0xB6, 0x25, 0x40, 0x82, 0x00, 0x1A, 0x00, 0x02, 0x08, 0x80, 0x00, 0x4C,
  0x97, 0x08, 0x7D, 0x27, 0x31, 0x29, 0x93, 0x0A, 0x0E, 0x04, 0x00, 0x00, 0x00, 0x84,
  0x38, 0x72, 0x8C, 0x69, 0x97, 0xD8, 0xB6, 0x25, 0x40, 0x82, 0x20, 0x1A, 0x00, 0x02,
  0x08, 0x80, 0x17, 0xC8, 0x80, 0x01, 0x8A, 0x0A, 0x40, 0x48, 0x20, 0x04, 0x00, 0x88,
  0x7C, 0x4A, 0x69, 0x5E, 0x91, 0x42, 0x80, 0x60, 0x8B, 0x03, 0x80, 0x95, 0x7C, 0x9F,
  0x08, 0x01, 0x80, 0x0C, 0xC0, 0x30, 0x8A, 0x5A, 0x81, 0x95, 0x00, 0x4C, 0x81, 0x10,
  0xC1, 0x22, 0x90, 0x01, 0x90, 0x1A, 0x06, 0x04, 0x00, 0x00, 0x00, 0x85, 0xD0, 0x6F,
  0x85, 0x00, 0x49, 0xE0, 0x94, 0x05, 0x94, 0x0A, 0x0E, 0x04, 0x00, 0x00, 0x00, 0x84,
  0x1C, 0xD8, 0x06, 0x10, 0x80, 0x80, 0x00, 0x00, 0x00, 0x00, 0x00, 0x00, 0x00, 0x00,
  0x00, 0x80, 0x38, 0xB7, 0x88, 0x6B, 0x97, 0x08, 0x96, 0x25, 0x40, 0xA2, 0x20, 0x9A,
  0x4E, 0x0A, 0x39, 0x2C, 0x71, 0x42, 0xA8, 0x20, 0xB4, 0x03, 0x04, 0x01, 0x00, 0x01,
  0x10, 0x80, 0x10, 0xCE, 0x93, 0x00, 0xA1, 0x23, 0xF1, 0x01, 0x94, 0x1A, 0x06, 0x05,
  0x00, 0x00, 0x00, 0x85, 0x38, 0x76, 0x9B, 0x69, 0xB9, 0x38, 0xB6, 0x25, 0x40, 0xA2,
  0x00, 0x9A, 0xD0, 0x4E, 0x99, 0x51, 0xE1, 0x22, 0xB0, 0x01, 0x90, 0x0A, 0x06, 0x04,
  0x00, 0x00, 0x00, 0x85, 0x60, 0x6C, 0x1F, 0x08, 0x15, 0x24, 0xB8, 0x2B, 0x91, 0x4A,
  0x0E, 0x04, 0x00, 0x00, 0x00, 0x84, 0x10, 0xEF, 0x95, 0x12, 0x29, 0x61, 0x94, 0x05,
  0x90, 0x0A, 0x0E, 0x04, 0x00, 0x00, 0x00, 0x84, 0x1C, 0xF8, 0x01, 0x00, 0x00, 0x80,
  0x00, 0x00, 0x00, 0x00, 0x00, 0x00, 0x00, 0x00, 0x00, 0x80, 0xF0, 0xCC, 0x88, 0x18,
  0xC1, 0x22, 0x90, 0x01, 0x90, 0x0A, 0x06, 0x04, 0x00, 0x00, 0x00, 0x85, 0x37, 0xC9,
  0xA5, 0x02, 0x10, 0x08, 0x40, 0x40, 0x00, 0x04, 0x20, 0x88, 0x1C, 0x40, 0xFB, 0x7F,
  0xFF, 0x1B, 0x00, 0x00, 0x00, 0x00, 0x00, 0x00, 0x00, 0x00, 0x00, 0x80, 0x13, 0xC8,
  0xA1, 0x00, 0x18, 0x08, 0x40, 0x40, 0x00, 0x04, 0x00, 0x88, 0x40, 0x4C, 0xDB, 0x08,
  0x5D, 0x24, 0xB8, 0x29, 0x91, 0x4A, 0x26, 0x04, 0x00, 0x00, 0x00, 0x85, 0x20, 0xCC,
  0x9B, 0x11, 0x01, 0x00, 0xD0, 0x01, 0x90, 0x0A, 0x16, 0x04, 0x00, 0x00, 0x00, 0x84,
  0x30, 0x6C, 0x1F, 0x28, 0x05, 0x20, 0x99, 0x23, 0x91, 0x4A, 0x06, 0x04, 0x00, 0x00,
  0x00, 0x84, 0xFE, 0x60, 0x22, 0x38, 0x06, 0xE1, 0x04, 0x80, 0x7E, 0x64, 0xC3, 0x40,
  0x04, 0xE4, 0x08, 0x80, 0xD0, 0xE2, 0x10, 0x40, 0xE9, 0x60, 0x94, 0x05, 0x90, 0x0A,
  0x06, 0x04, 0x00, 0x00, 0x00, 0x85, 0xF0, 0x6E, 0xBC, 0x18, 0x09, 0x22, 0xB0, 0x01,
  0x90, 0x0A, 0x0E, 0x04, 0x00, 0x00, 0x40, 0x84, 0x50, 0x42, 0x13, 0x51, 0xE1, 0x22,
  0xB0, 0x01, 0x90, 0x0A, 0x06, 0x04, 0x00, 0x00, 0x00, 0x85, 0x1A, 0x61, 0x89, 0x2C,
  0x00, 0x8A, 0x00, 0x80, 0x50, 0x42, 0x11, 0x48, 0xE1, 0x22, 0xB0, 0x01, 0x90, 0x0A,
  0x06, 0x05, 0x00, 0x00, 0x00, 0x85, 0x7E, 0x64, 0xC3, 0x38, 0x04, 0xE4, 0x08, 0x80,
  0xF0, 0x6E, 0x18, 0x00, 0x85, 0x22, 0xB8, 0x23, 0x91, 0x0A, 0x26, 0x04, 0x00, 0x00,
  0x00, 0x85, 0x27, 0x89, 0x85, 0x00, 0x08, 0x0A, 0x40, 0x40, 0x20, 0x04, 0x00, 0x88,
  0x37, 0x89, 0xA5, 0x02, 0x10, 0x08, 0x40, 0x41, 0x00, 0x04, 0x20, 0x88, 0x30, 0x42,
  0x17, 0x51, 0x4D, 0x3E, 0x98, 0x22, 0x00, 0x2A, 0x0E, 0x16, 0x21, 0x00, 0x00, 0x84,
  0xF0, 0x62, 0x11, 0x11, 0x81, 0x3E, 0x10, 0x02, 0x80, 0x0E, 0x06, 0x14, 0x01, 0x00,
  0x00, 0x85, 0x33, 0xC9, 0xA0, 0x00, 0x18, 0x0A, 0x40, 0x40, 0x20, 0x04, 0x00, 0x88,
  0x50, 0xCE, 0x98, 0x11, 0xAD, 0x27, 0x30, 0x01, 0x91, 0x0A, 0x26, 0x04, 0x00, 0x00,
  0x00, 0x85, 0x70, 0xE3, 0x07, 0x11, 0x09, 0x60, 0x94, 0x05, 0x90, 0x0A, 0x0E, 0x04,
  0x00, 0x00, 0x00, 0x84, 0x70, 0xCE, 0x8B, 0x11, 0x81, 0x22, 0xB0, 0x01, 0x92, 0x0A,
  0x16, 0x04, 0x00, 0x00, 0x00, 0x85, 0xD0, 0xC2, 0x1C, 0x58, 0x01, 0x20, 0x90, 0x01,
  0x92, 0x0A, 0x0E, 0x04, 0x00, 0x00, 0x00, 0x84, 0x70, 0xE3, 0x03, 0x11, 0x89, 0x60,
  0x94, 0x05, 0x90, 0x0A, 0x06, 0x04, 0x00, 0x00, 0x00, 0x85, 0xD0, 0xC2, 0x1C, 0x58,
  0x01, 0x20, 0x90, 0x01, 0x92, 0x0A, 0x0E, 0x04, 0x00, 0x00, 0x00, 0x84, 0xD0, 0xCE,
  0x90, 0x00, 0xAD, 0x27, 0x98, 0x01, 0x91, 0x0A, 0x26, 0x04, 0x00, 0x00, 0x00, 0x85,
  0x33, 0xC9, 0xA5, 0x00, 0x08, 0x0A, 0x40, 0x40, 0x00, 0x04, 0x00, 0x88, 0x38, 0xD3,
  0x04, 0x49, 0x09, 0x28, 0x97, 0xA5, 0x70, 0xCC, 0x9C, 0x10, 0x01, 0x20, 0xD0, 0x01,
  0x90, 0x0A, 0x0E, 0x04, 0x00, 0x00, 0x00, 0x84, 0x70, 0x6C, 0x19, 0x00, 0x95, 0x24,
  0x11, 0x01, 0x91, 0x4A, 0x06, 0x04, 0x00, 0x00, 0x00, 0x85, 0x70, 0xEF, 0x82, 0x12,
  0x99, 0x60, 0x94, 0x05, 0x90, 0x0A, 0x06, 0x04, 0x00, 0x00, 0x00, 0x85, 0x1C, 0x78,
  0x05, 0x00, 0x00, 0x84, 0x00, 0x00, 0x00, 0x00, 0x00, 0x00, 0x00, 0x00, 0x00, 0x80,
  0x30, 0xEF, 0x97, 0x0A, 0x09, 0x60, 0xD5, 0x01, 0x90, 0x4A, 0x0E, 0x04, 0x00, 0x00,
  0x00, 0x84, 0x70, 0x62, 0x13, 0x08, 0x85, 0x32, 0xB9, 0x21, 0x82, 0x42, 0x06, 0x10,
  0x01, 0x00, 0x00, 0x85, 0x38, 0x54, 0x91, 0x6B, 0xB9, 0x79, 0xA7, 0x25, 0x00, 0xA2,
  0x00, 0x9A, 0x30, 0x6E, 0xB1, 0x51, 0xC9, 0x2A, 0x90, 0x01, 0x90, 0x0A, 0x06, 0x04,
  0x00, 0x00, 0x40, 0x85, 0x10, 0x4E, 0xD7, 0x48, 0x4D, 0x22, 0x99, 0x21, 0x91, 0x4A,
  0x2E, 0x04, 0x00, 0x00, 0x00, 0x84, 0xB8, 0x92, 0x97, 0x43, 0x00, 0x0C, 0x36, 0x21,
  0x78, 0x86, 0x00, 0x1A, 0x00, 0x02, 0x08, 0x80, 0x30, 0xCE, 0x97, 0x08, 0x01, 0x22,
  0xF1, 0x01, 0x92, 0x4A, 0x1E, 0x04, 0x00, 0x00, 0x00, 0x84, 0x10, 0x4E, 0x93, 0x51,
  0xC1, 0x22, 0x90, 0x01, 0x92, 0x0A, 0x16, 0x04, 0x00, 0x00, 0x00, 0x85, 0x1C, 0x38,
  0x04, 0x00, 0x00, 0x00, 0x00, 0x00, 0x00, 0x00, 0x00, 0x00, 0x00, 0x00, 0x00, 0x80,
  0x70, 0xEF, 0x90, 0x0A, 0x99, 0x60, 0xD5, 0x01, 0x90, 0x4A, 0x06, 0x04, 0x00, 0x00,
  0x00, 0x85, 0x30, 0x62, 0x15, 0x08, 0x15, 0x32, 0xB9, 0x21, 0x82, 0x42, 0x0E, 0x10,
  0x01, 0x00, 0x00, 0x84, 0x38, 0x70, 0x97, 0x6B, 0xB9, 0x79, 0xA7, 0x25, 0x00, 0x82,
  0x00, 0x1A, 0x00, 0x02, 0x08, 0x80, 0x30, 0x6E, 0xB5, 0x51, 0x49, 0x2A, 0x90, 0x01,
  0x90, 0x0A, 0x0E, 0x04, 0x00, 0x00, 0x40, 0x84, 0x50, 0x4E, 0xD0, 0x48, 0xDD, 0x22,
  0x99, 0x21, 0x91, 0x4A, 0x26, 0x04, 0x00, 0x00, 0x00, 0x85, 0xB8, 0x92, 0x97, 0x43,
  0x00, 0x0C, 0x36, 0x21, 0x78, 0x86, 0x00, 0x1A, 0x00, 0x02, 0x08, 0x80, 0x70, 0xCE,
  0x94, 0x08, 0x11, 0x22, 0xF1, 0x01, 0x92, 0x4A, 0x1E, 0x04, 0x00, 0x00, 0x00, 0x84,
  0x10, 0x4E, 0x93, 0x51, 0xC1, 0x22, 0x90, 0x01, 0x92, 0x0A, 0x16, 0x04, 0x00, 0x00,
  0x00, 0x85, 0x10, 0x4C, 0x9B, 0x48, 0xCD, 0x24, 0x99, 0x01, 0x91, 0x4A, 0x06, 0x04,
  0x00, 0x00, 0x00, 0x85, 0xB8, 0xB0, 0x95, 0x43, 0x00, 0x0C, 0x36, 0x21, 0x78, 0x86,
  0x00, 0x1A, 0x00, 0x02, 0x08, 0x80, 0x70, 0x4E, 0x90, 0x50, 0xC1, 0x2A, 0x90, 0x01,
  0x92, 0x0A, 0x16, 0x04, 0x00, 0x00, 0x00, 0x85, 0xD0, 0x6F, 0x84, 0x1A, 0x29, 0xE0,
  0xD4, 0x01, 0x94, 0x0A, 0x0E, 0x04, 0x00, 0x00, 0x00, 0x84, 0x27, 0xC9, 0x01, 0x01,
  0x00, 0x08, 0x40, 0x49, 0x20, 0x04, 0x00, 0x88, 0x33, 0x88, 0x20, 0x00, 0x18, 0x08,
  0x40, 0x48, 0x00, 0x04, 0x00, 0x88, 0x27, 0x89, 0xA5, 0x02, 0x10, 0x0A, 0x40, 0x48,
  0x00, 0x04, 0x00, 0x88, 0x20, 0x6C, 0x19, 0x20, 0x95, 0x24, 0x11, 0x21, 0x91, 0x4A,
  0x06, 0x04, 0x00, 0x00, 0x00, 0x85, 0x40, 0xCE, 0x9A, 0x18, 0x91, 0x6A, 0xB0, 0x09,
  0x90, 0x4A, 0x06, 0x05, 0x00, 0x00, 0x00, 0x85, 0x30, 0xCE, 0x98, 0x48, 0x8D, 0x00,
  0x98, 0x23, 0x91, 0x0E, 0x0E, 0x05, 0x00, 0x00, 0x00, 0x84, 0x30, 0xEE, 0x95, 0x08,
  0x09, 0x60, 0xD5, 0x41, 0x90, 0x4A, 0x0E, 0x04, 0x00, 0x00, 0x00, 0x84, 0x1C, 0x3C,
  0x01, 0x00, 0x00, 0x80, 0x00, 0x00, 0x00, 0x00, 0x00, 0x00, 0x00, 0x00, 0x00, 0x80,
  0x9C, 0x03, 0x00, 0x80, 0x10, 0xEF, 0x85, 0x12, 0x09, 0xE1, 0x94, 0x05, 0x94, 0x0A,
  0x06, 0x04, 0x00, 0x00, 0x00, 0x84, 0xD0, 0x6F, 0x85, 0x02, 0x49, 0xE0, 0x94, 0x05,
  0x94, 0x0A, 0x06, 0x04, 0x00, 0x00, 0x04, 0x84, 0x60, 0x6C, 0x10, 0x00, 0x95, 0x04,
  0x11, 0x09, 0x91, 0x0A, 0x0E, 0x05, 0x00, 0x00, 0x00, 0x84, 0x40, 0xCC, 0xDB, 0x00,
  0x0D, 0x02, 0xB9, 0x21, 0x91, 0x0A, 0x06, 0x05, 0x00, 0x00, 0x00, 0x84, 0x40, 0xCC,
  0x80, 0x00, 0x61, 0xA2, 0xB1, 0x09, 0x90, 0x5A, 0x16, 0x04, 0x00, 0x00, 0x00, 0x85,
  0x1C, 0x3C, 0xF8, 0x6F, 0x5F, 0x93, 0x00, 0x00, 0x00, 0x00, 0x00, 0x00, 0x00, 0x00,
  0x00, 0x80, 0x7C, 0x9F, 0x08, 0x01, 0x80, 0x08, 0xC0, 0x30, 0x8A, 0x5A, 0x81, 0x95,
  0x92, 0x01, 0x00, 0x00, 0x15, 0x60, 0x00, 0xD1, 0x9C, 0x02, 0x00, 0x00, 0x00, 0x00,
  0x34, 0x80, 0x02, 0x28, 0x25, 0x34, 0x11, 0x03, 0x08, 0x80, 0x30, 0xEE, 0x95, 0x08,
  0x09, 0x60, 0xD5, 0x41, 0x90, 0x4A, 0x0E, 0x04, 0x00, 0x00, 0x00, 0x84, 0x1C, 0x3C,
  0x01, 0x00, 0x00, 0x80, 0x00, 0x00, 0x00, 0x00, 0x00, 0x00, 0x00, 0x00, 0x00, 0x80,
  0x9C, 0x03, 0x00, 0x80, 0x1C, 0x1F, 0x00, 0x80, 0x06, 0x00, 0x00, 0x00, 0xFA, 0x38,
  0x00, 0x00, 0x40, 0x00, 0x00, 0x00, 0x4D, 0x54, 0x47, 0x50, 0x55, 0x00, 0x00, 0x00,
  0x82, 0xAD, 0x6D, 0x74, 0x67, 0x70, 0x75, 0x2E, 0x6B, 0x65, 0x72, 0x6E, 0x65, 0x6C,
  0x73, 0x91, 0xDE, 0x00, 0x1E, 0xA8, 0x2E, 0x61, 0x72, 0x63, 0x68, 0x5F, 0x69, 0x64,
  0xCD, 0x01, 0x36, 0xA5, 0x2E, 0x61, 0x72, 0x67, 0x73, 0xDC, 0x00, 0x6A, 0x83, 0xA8,
  0x2E, 0x61, 0x72, 0x67, 0x42, 0x61, 0x73, 0x65, 0x89, 0xAE, 0x2E, 0x61, 0x64, 0x64,
  0x72, 0x65, 0x73, 0x73, 0x5F, 0x73, 0x70, 0x61, 0x63, 0x65, 0x00, 0xA6, 0x2E, 0x61,
  0x6C, 0x69, 0x67, 0x6E, 0x08, 0xAB, 0x2E, 0x69, 0x73, 0x56, 0x6F, 0x6C, 0x61, 0x74,
  0x69, 0x6C, 0x65, 0xC2, 0xA7, 0x2E, 0x6C, 0x61, 0x79, 0x6F, 0x75, 0x74, 0x00, 0xA5,
  0x2E, 0x6E, 0x61, 0x6D, 0x65, 0xAA, 0x6F, 0x75, 0x74, 0x70, 0x75, 0x74, 0x5F, 0x70,
  0x74, 0x72, 0xA7, 0x2E, 0x6F, 0x66, 0x66, 0x73, 0x65, 0x74, 0x00, 0xA9, 0x2E, 0x72,
  0x65, 0x67, 0x5F, 0x62, 0x61, 0x6E, 0x6B, 0x03, 0xA5, 0x2E, 0x73, 0x69, 0x7A, 0x65,
  0x08, 0xA5, 0x2E, 0x74, 0x79, 0x70, 0x65, 0x0E, 0xAB, 0x2E, 0x69, 0x6E, 0x70, 0x75,
  0x74, 0x5F, 0x6D, 0x6F, 0x64, 0x65, 0x00, 0xA5, 0x2E, 0x6B, 0x69, 0x6E, 0x64, 0x12,
  0x83, 0xA8, 0x2E, 0x61, 0x72, 0x67, 0x42, 0x61, 0x73, 0x65, 0x89, 0xAE, 0x2E, 0x61,
  0x64, 0x64, 0x72, 0x65, 0x73, 0x73, 0x5F, 0x73, 0x70, 0x61, 0x63, 0x65, 0x00, 0xA6,
  0x2E, 0x61, 0x6C, 0x69, 0x67, 0x6E, 0x08, 0xAB, 0x2E, 0x69, 0x73, 0x56, 0x6F, 0x6C,
  0x61, 0x74, 0x69, 0x6C, 0x65, 0xC2, 0xA7, 0x2E, 0x6C, 0x61, 0x79, 0x6F, 0x75, 0x74,
  0x00, 0xA5, 0x2E, 0x6E, 0x61, 0x6D, 0x65, 0xA8, 0x61, 0x6D, 0x61, 0x78, 0x5F, 0x70,
  0x74, 0x72, 0xA7, 0x2E, 0x6F, 0x66, 0x66, 0x73, 0x65, 0x74, 0x02, 0xA9, 0x2E, 0x72,
  0x65, 0x67, 0x5F, 0x62, 0x61, 0x6E, 0x6B, 0x03, 0xA5, 0x2E, 0x73, 0x69, 0x7A, 0x65,
  0x08, 0xA5, 0x2E, 0x74, 0x79, 0x70, 0x65, 0x0E, 0xAB, 0x2E, 0x69, 0x6E, 0x70, 0x75,
  0x74, 0x5F, 0x6D, 0x6F, 0x64, 0x65, 0x00, 0xA5, 0x2E, 0x6B, 0x69, 0x6E, 0x64, 0x12,
  0x83, 0xA8, 0x2E, 0x61, 0x72, 0x67, 0x42, 0x61, 0x73, 0x65, 0x89, 0xAE, 0x2E, 0x61,
  0x64, 0x64, 0x72, 0x65, 0x73, 0x73, 0x5F, 0x73, 0x70, 0x61, 0x63, 0x65, 0x00, 0xA6,
  0x2E, 0x61, 0x6C, 0x69, 0x67, 0x6E, 0x40, 0xAB, 0x2E, 0x69, 0x73, 0x56, 0x6F, 0x6C,
  0x61, 0x74, 0x69, 0x6C, 0x65, 0xC2, 0xA7, 0x2E, 0x6C, 0x61, 0x79, 0x6F, 0x75, 0x74,
  0x00, 0xA5, 0x2E, 0x6E, 0x61, 0x6D, 0x65, 0xAB, 0x61, 0x5F, 0x64, 0x65, 0x73, 0x63,
  0x5F, 0x61, 0x64, 0x64, 0x72, 0xA7, 0x2E, 0x6F, 0x66, 0x66, 0x73, 0x65, 0x74, 0x04,
  0xA9, 0x2E, 0x72, 0x65, 0x67, 0x5F, 0x62, 0x61, 0x6E, 0x6B, 0x03, 0xA5, 0x2E, 0x73,
  0x69, 0x7A, 0x65, 0x40, 0xA5, 0x2E, 0x74, 0x79, 0x70, 0x65, 0x0C, 0xAB, 0x2E, 0x69,
  0x6E, 0x70, 0x75, 0x74, 0x5F, 0x6D, 0x6F, 0x64, 0x65, 0x00, 0xA5, 0x2E, 0x6B, 0x69,
  0x6E, 0x64, 0x12, 0x83, 0xA8, 0x2E, 0x61, 0x72, 0x67, 0x42, 0x61, 0x73, 0x65, 0x89,
  0xAE, 0x2E, 0x61, 0x64, 0x64, 0x72, 0x65, 0x73, 0x73, 0x5F, 0x73, 0x70, 0x61, 0x63,
  0x65, 0x00, 0xA6, 0x2E, 0x61, 0x6C, 0x69, 0x67, 0x6E, 0x40, 0xAB, 0x2E, 0x69, 0x73,
  0x56, 0x6F, 0x6C, 0x61, 0x74, 0x69, 0x6C, 0x65, 0xC2, 0xA7, 0x2E, 0x6C, 0x61, 0x79,
  0x6F, 0x75, 0x74, 0x00, 0xA5, 0x2E, 0x6E, 0x61, 0x6D, 0x65, 0xAB, 0x62, 0x5F, 0x64,
  0x65, 0x73, 0x63, 0x5F, 0x61, 0x64, 0x64, 0x72, 0xA7, 0x2E, 0x6F, 0x66, 0x66, 0x73,
  0x65, 0x74, 0x06, 0xA9, 0x2E, 0x72, 0x65, 0x67, 0x5F, 0x62, 0x61, 0x6E, 0x6B, 0x03,
  0xA5, 0x2E, 0x73, 0x69, 0x7A, 0x65, 0x40, 0xA5, 0x2E, 0x74, 0x79, 0x70, 0x65, 0x0C,
  0xAB, 0x2E, 0x69, 0x6E, 0x70, 0x75, 0x74, 0x5F, 0x6D, 0x6F, 0x64, 0x65, 0x00, 0xA5,
  0x2E, 0x6B, 0x69, 0x6E, 0x64, 0x12, 0x83, 0xA8, 0x2E, 0x61, 0x72, 0x67, 0x42, 0x61,
  0x73, 0x65, 0x89, 0xAE, 0x2E, 0x61, 0x64, 0x64, 0x72, 0x65, 0x73, 0x73, 0x5F, 0x73,
  0x70, 0x61, 0x63, 0x65, 0x00, 0xA6, 0x2E, 0x61, 0x6C, 0x69, 0x67, 0x6E, 0x40, 0xAB,
  0x2E, 0x69, 0x73, 0x56, 0x6F, 0x6C, 0x61, 0x74, 0x69, 0x6C, 0x65, 0xC2, 0xA7, 0x2E,
  0x6C, 0x61, 0x79, 0x6F, 0x75, 0x74, 0x00, 0xA5, 0x2E, 0x6E, 0x61, 0x6D, 0x65, 0xAB,
  0x63, 0x5F, 0x64, 0x65, 0x73, 0x63, 0x5F, 0x61, 0x64, 0x64, 0x72, 0xA7, 0x2E, 0x6F,
  0x66, 0x66, 0x73, 0x65, 0x74, 0x08, 0xA9, 0x2E, 0x72, 0x65, 0x67, 0x5F, 0x62, 0x61,
  0x6E, 0x6B, 0x03, 0xA5, 0x2E, 0x73, 0x69, 0x7A, 0x65, 0x40, 0xA5, 0x2E, 0x74, 0x79,
  0x70, 0x65, 0x0C, 0xAB, 0x2E, 0x69, 0x6E, 0x70, 0x75, 0x74, 0x5F, 0x6D, 0x6F, 0x64,
  0x65, 0x00, 0xA5, 0x2E, 0x6B, 0x69, 0x6E, 0x64, 0x12, 0x83, 0xA8, 0x2E, 0x61, 0x72,
  0x67, 0x42, 0x61, 0x73, 0x65, 0x89, 0xAE, 0x2E, 0x61, 0x64, 0x64, 0x72, 0x65, 0x73,
  0x73, 0x5F, 0x73, 0x70, 0x61, 0x63, 0x65, 0x00, 0xA6, 0x2E, 0x61, 0x6C, 0x69, 0x67,
  0x6E, 0x40, 0xAB, 0x2E, 0x69, 0x73, 0x56, 0x6F, 0x6C, 0x61, 0x74, 0x69, 0x6C, 0x65,
  0xC2, 0xA7, 0x2E, 0x6C, 0x61, 0x79, 0x6F, 0x75, 0x74, 0x00, 0xA5, 0x2E, 0x6E, 0x61,
  0x6D, 0x65, 0xAF, 0x6B, 0x70, 0x61, 0x72, 0x74, 0x5F, 0x64, 0x65, 0x73, 0x63, 0x5F,
  0x61, 0x64, 0x64, 0x72, 0xA7, 0x2E, 0x6F, 0x66, 0x66, 0x73, 0x65, 0x74, 0x0A, 0xA9,
  0x2E, 0x72, 0x65, 0x67, 0x5F, 0x62, 0x61, 0x6E, 0x6B, 0x03, 0xA5, 0x2E, 0x73, 0x69,
  0x7A, 0x65, 0x40, 0xA5, 0x2E, 0x74, 0x79, 0x70, 0x65, 0x0C, 0xAB, 0x2E, 0x69, 0x6E,
  0x70, 0x75, 0x74, 0x5F, 0x6D, 0x6F, 0x64, 0x65, 0x00, 0xA5, 0x2E, 0x6B, 0x69, 0x6E,
  0x64, 0x12, 0x83, 0xA8, 0x2E, 0x61, 0x72, 0x67, 0x42, 0x61, 0x73, 0x65, 0x89, 0xAE,
  0x2E, 0x61, 0x64, 0x64, 0x72, 0x65, 0x73, 0x73, 0x5F, 0x73, 0x70, 0x61, 0x63, 0x65,
  0x00, 0xA6, 0x2E, 0x61, 0x6C, 0x69, 0x67, 0x6E, 0x10, 0xAB, 0x2E, 0x69, 0x73, 0x56,
  0x6F, 0x6C, 0x61, 0x74, 0x69, 0x6C, 0x65, 0xC2, 0xA7, 0x2E, 0x6C, 0x61, 0x79, 0x6F,
  0x75, 0x74, 0x00, 0xA5, 0x2E, 0x6E, 0x61, 0x6D, 0x65, 0xAA, 0x69, 0x6E, 0x70, 0x75,
  0x74, 0x5F, 0x62, 0x69, 0x61, 0x73, 0xA7, 0x2E, 0x6F, 0x66, 0x66, 0x73, 0x65, 0x74,
  0x0C, 0xA9, 0x2E, 0x72, 0x65, 0x67, 0x5F, 0x62, 0x61, 0x6E, 0x6B, 0x03, 0xA5, 0x2E,
  0x73, 0x69, 0x7A, 0x65, 0x10, 0xA5, 0x2E, 0x74, 0x79, 0x70, 0x65, 0x18, 0xAB, 0x2E,
  0x69, 0x6E, 0x70, 0x75, 0x74, 0x5F, 0x6D, 0x6F, 0x64, 0x65, 0x00, 0xA5, 0x2E, 0x6B,
  0x69, 0x6E, 0x64, 0x12, 0x83, 0xA8, 0x2E, 0x61, 0x72, 0x67, 0x42, 0x61, 0x73, 0x65,
  0x89, 0xAE, 0x2E, 0x61, 0x64, 0x64, 0x72, 0x65, 0x73, 0x73, 0x5F, 0x73, 0x70, 0x61,
  0x63, 0x65, 0x00, 0xA6, 0x2E, 0x61, 0x6C, 0x69, 0x67, 0x6E, 0x10, 0xAB, 0x2E, 0x69,
  0x73, 0x56, 0x6F, 0x6C, 0x61, 0x74, 0x69, 0x6C, 0x65, 0xC2, 0xA7, 0x2E, 0x6C, 0x61,
  0x79, 0x6F, 0x75, 0x74, 0x00, 0xA5, 0x2E, 0x6E, 0x61, 0x6D, 0x65, 0xA7, 0x69, 0x6E,
  0x70, 0x75, 0x74, 0x5F, 0x7A, 0xA7, 0x2E, 0x6F, 0x66, 0x66, 0x73, 0x65, 0x74, 0x10,
  0xA9, 0x2E, 0x72, 0x65, 0x67, 0x5F, 0x62, 0x61, 0x6E, 0x6B, 0x03, 0xA5, 0x2E, 0x73,
  0x69, 0x7A, 0x65, 0x10, 0xA5, 0x2E, 0x74, 0x79, 0x70, 0x65, 0x18, 0xAB, 0x2E, 0x69,
  0x6E, 0x70, 0x75, 0x74, 0x5F, 0x6D, 0x6F, 0x64, 0x65, 0x00, 0xA5, 0x2E, 0x6B, 0x69,
  0x6E, 0x64, 0x12, 0x83, 0xA8, 0x2E, 0x61, 0x72, 0x67, 0x42, 0x61, 0x73, 0x65, 0x89,
  0xAE, 0x2E, 0x61, 0x64, 0x64, 0x72, 0x65, 0x73, 0x73, 0x5F, 0x73, 0x70, 0x61, 0x63,
  0x65, 0x00, 0xA6, 0x2E, 0x61, 0x6C, 0x69, 0x67, 0x6E, 0x10, 0xAB, 0x2E, 0x69, 0x73,
  0x56, 0x6F, 0x6C, 0x61, 0x74, 0x69, 0x6C, 0x65, 0xC2, 0xA7, 0x2E, 0x6C, 0x61, 0x79,
  0x6F, 0x75, 0x74, 0x00, 0xA5, 0x2E, 0x6E, 0x61, 0x6D, 0x65, 0xAD, 0x69, 0x6E, 0x70,
  0x75, 0x74, 0x5F, 0x61, 0x5F, 0x73, 0x63, 0x61, 0x6C, 0x65, 0xA7, 0x2E, 0x6F, 0x66,
  0x66, 0x73, 0x65, 0x74, 0x14, 0xA9, 0x2E, 0x72, 0x65, 0x67, 0x5F, 0x62, 0x61, 0x6E,
  0x6B, 0x03, 0xA5, 0x2E, 0x73, 0x69, 0x7A, 0x65, 0x10, 0xA5, 0x2E, 0x74, 0x79, 0x70,
  0x65, 0x18, 0xAB, 0x2E, 0x69, 0x6E, 0x70, 0x75, 0x74, 0x5F, 0x6D, 0x6F, 0x64, 0x65,
  0x00, 0xA5, 0x2E, 0x6B, 0x69, 0x6E, 0x64, 0x12, 0x83, 0xA8, 0x2E, 0x61, 0x72, 0x67,
  0x42, 0x61, 0x73, 0x65, 0x89, 0xAE, 0x2E, 0x61, 0x64, 0x64, 0x72, 0x65, 0x73, 0x73,
  0x5F, 0x73, 0x70, 0x61, 0x63, 0x65, 0x00, 0xA6, 0x2E, 0x61, 0x6C, 0x69, 0x67, 0x6E,
  0x10, 0xAB, 0x2E, 0x69, 0x73, 0x56, 0x6F, 0x6C, 0x61, 0x74, 0x69, 0x6C, 0x65, 0xC2,
  0xA7, 0x2E, 0x6C, 0x61, 0x79, 0x6F, 0x75, 0x74, 0x00, 0xA5, 0x2E, 0x6E, 0x61, 0x6D,
  0x65, 0xAD, 0x69, 0x6E, 0x70, 0x75, 0x74, 0x5F, 0x62, 0x5F, 0x73, 0x63, 0x61, 0x6C,
  0x65, 0xA7, 0x2E, 0x6F, 0x66, 0x66, 0x73, 0x65, 0x74, 0x18, 0xA9, 0x2E, 0x72, 0x65,
  0x67, 0x5F, 0x62, 0x61, 0x6E, 0x6B, 0x03, 0xA5, 0x2E, 0x73, 0x69, 0x7A, 0x65, 0x10,
  0xA5, 0x2E, 0x74, 0x79, 0x70, 0x65, 0x18, 0xAB, 0x2E, 0x69, 0x6E, 0x70, 0x75, 0x74,
  0x5F, 0x6D, 0x6F, 0x64, 0x65, 0x00, 0xA5, 0x2E, 0x6B, 0x69, 0x6E, 0x64, 0x12, 0x83,
  0xA8, 0x2E, 0x61, 0x72, 0x67, 0x42, 0x61, 0x73, 0x65, 0x89, 0xAE, 0x2E, 0x61, 0x64,
  0x64, 0x72, 0x65, 0x73, 0x73, 0x5F, 0x73, 0x70, 0x61, 0x63, 0x65, 0x00, 0xA6, 0x2E,
  0x61, 0x6C, 0x69, 0x67, 0x6E, 0x10, 0xAB, 0x2E, 0x69, 0x73, 0x56, 0x6F, 0x6C, 0x61,
  0x74, 0x69, 0x6C, 0x65, 0xC2, 0xA7, 0x2E, 0x6C, 0x61, 0x79, 0x6F, 0x75, 0x74, 0x00,
  0xA5, 0x2E, 0x6E, 0x61, 0x6D, 0x65, 0xAE, 0x69, 0x6E, 0x70, 0x75, 0x74, 0x5F, 0x61,
  0x5F, 0x73, 0x63, 0x61, 0x6C, 0x65, 0x31, 0xA7, 0x2E, 0x6F, 0x66, 0x66, 0x73, 0x65,
  0x74, 0x1C, 0xA9, 0x2E, 0x72, 0x65, 0x67, 0x5F, 0x62, 0x61, 0x6E, 0x6B, 0x03, 0xA5,
  0x2E, 0x73, 0x69, 0x7A, 0x65, 0x10, 0xA5, 0x2E, 0x74, 0x79, 0x70, 0x65, 0x18, 0xAB,
  0x2E, 0x69, 0x6E, 0x70, 0x75, 0x74, 0x5F, 0x6D, 0x6F, 0x64, 0x65, 0x00, 0xA5, 0x2E,
  0x6B, 0x69, 0x6E, 0x64, 0x12, 0x83, 0xA8, 0x2E, 0x61, 0x72, 0x67, 0x42, 0x61, 0x73,
  0x65, 0x89, 0xAE, 0x2E, 0x61, 0x64, 0x64, 0x72, 0x65, 0x73, 0x73, 0x5F, 0x73, 0x70,
  0x61, 0x63, 0x65, 0x00, 0xA6, 0x2E, 0x61, 0x6C, 0x69, 0x67, 0x6E, 0x10, 0xAB, 0x2E,
  0x69, 0x73, 0x56, 0x6F, 0x6C, 0x61, 0x74, 0x69, 0x6C, 0x65, 0xC2, 0xA7, 0x2E, 0x6C,
  0x61, 0x79, 0x6F, 0x75, 0x74, 0x00, 0xA5, 0x2E, 0x6E, 0x61, 0x6D, 0x65, 0xAE, 0x69,
  0x6E, 0x70, 0x75, 0x74, 0x5F, 0x62, 0x5F, 0x73, 0x63, 0x61, 0x6C, 0x65, 0x31, 0xA7,
  0x2E, 0x6F, 0x66, 0x66, 0x73, 0x65, 0x74, 0x20, 0xA9, 0x2E, 0x72, 0x65, 0x67, 0x5F,
  0x62, 0x61, 0x6E, 0x6B, 0x03, 0xA5, 0x2E, 0x73, 0x69, 0x7A, 0x65, 0x10, 0xA5, 0x2E,
  0x74, 0x79, 0x70, 0x65, 0x18, 0xAB, 0x2E, 0x69, 0x6E, 0x70, 0x75, 0x74, 0x5F, 0x6D,
  0x6F, 0x64, 0x65, 0x00, 0xA5, 0x2E, 0x6B, 0x69, 0x6E, 0x64, 0x12, 0x83, 0xA8, 0x2E,
  0x61, 0x72, 0x67, 0x42, 0x61, 0x73, 0x65, 0x89, 0xAE, 0x2E, 0x61, 0x64, 0x64, 0x72,
  0x65, 0x73, 0x73, 0x5F, 0x73, 0x70, 0x61, 0x63, 0x65, 0x00, 0xA6, 0x2E, 0x61, 0x6C,
  0x69, 0x67, 0x6E, 0x10, 0xAB, 0x2E, 0x69, 0x73, 0x56, 0x6F, 0x6C, 0x61, 0x74, 0x69,
  0x6C, 0x65, 0xC2, 0xA7, 0x2E, 0x6C, 0x61, 0x79, 0x6F, 0x75, 0x74, 0x00, 0xA5, 0x2E,
  0x6E, 0x61, 0x6D, 0x65, 0xAD, 0x69, 0x6E, 0x70, 0x75, 0x74, 0x5F, 0x64, 0x5F, 0x73,
  0x63, 0x61, 0x6C, 0x65, 0xA7, 0x2E, 0x6F, 0x66, 0x66, 0x73, 0x65, 0x74, 0x24, 0xA9,
  0x2E, 0x72, 0x65, 0x67, 0x5F, 0x62, 0x61, 0x6E, 0x6B, 0x03, 0xA5, 0x2E, 0x73, 0x69,
  0x7A, 0x65, 0x10, 0xA5, 0x2E, 0x74, 0x79, 0x70, 0x65, 0x18, 0xAB, 0x2E, 0x69, 0x6E,
  0x70, 0x75, 0x74, 0x5F, 0x6D, 0x6F, 0x64, 0x65, 0x00, 0xA5, 0x2E, 0x6B, 0x69, 0x6E,
  0x64, 0x12, 0x83, 0xA8, 0x2E, 0x61, 0x72, 0x67, 0x42, 0x61, 0x73, 0x65, 0x89, 0xAE,
  0x2E, 0x61, 0x64, 0x64, 0x72, 0x65, 0x73, 0x73, 0x5F, 0x73, 0x70, 0x61, 0x63, 0x65,
  0x00, 0xA6, 0x2E, 0x61, 0x6C, 0x69, 0x67, 0x6E, 0x04, 0xAB, 0x2E, 0x69, 0x73, 0x56,
  0x6F, 0x6C, 0x61, 0x74, 0x69, 0x6C, 0x65, 0xC2, 0xA7, 0x2E, 0x6C, 0x61, 0x79, 0x6F,
  0x75, 0x74, 0x00, 0xA5, 0x2E, 0x6E, 0x61, 0x6D, 0x65, 0xAB, 0x72, 0x63, 0x70, 0x5F,
  0x73, 0x63, 0x61, 0x6C, 0x65, 0x5F, 0x6F, 0xA7, 0x2E, 0x6F, 0x66, 0x66, 0x73, 0x65,
  0x74, 0x28, 0xA9, 0x2E, 0x72, 0x65, 0x67, 0x5F, 0x62, 0x61, 0x6E, 0x6B, 0x03, 0xA5,
  0x2E, 0x73, 0x69, 0x7A, 0x65, 0x04, 0xA5, 0x2E, 0x74, 0x79, 0x70, 0x65, 0x08, 0xAB,
  0x2E, 0x69, 0x6E, 0x70, 0x75, 0x74, 0x5F, 0x6D, 0x6F, 0x64, 0x65, 0x00, 0xA5, 0x2E,
  0x6B, 0x69, 0x6E, 0x64, 0x12, 0x83, 0xA8, 0x2E, 0x61, 0x72, 0x67, 0x42, 0x61, 0x73,
  0x65, 0x89, 0xAE, 0x2E, 0x61, 0x64, 0x64, 0x72, 0x65, 0x73, 0x73, 0x5F, 0x73, 0x70,
  0x61, 0x63, 0x65, 0x00, 0xA6, 0x2E, 0x61, 0x6C, 0x69, 0x67, 0x6E, 0x08, 0xAB, 0x2E,
  0x69, 0x73, 0x56, 0x6F, 0x6C, 0x61, 0x74, 0x69, 0x6C, 0x65, 0xC2, 0xA7, 0x2E, 0x6C,
  0x61, 0x79, 0x6F, 0x75, 0x74, 0x00, 0xA5, 0x2E, 0x6E, 0x61, 0x6D, 0x65, 0xAD, 0x6B,
  0x5F, 0x70, 0x61, 0x72, 0x74, 0x5F, 0x62, 0x75, 0x66, 0x66, 0x65, 0x72, 0xA7, 0x2E,
  0x6F, 0x66, 0x66, 0x73, 0x65, 0x74, 0x2A, 0xA9, 0x2E, 0x72, 0x65, 0x67, 0x5F, 0x62,
  0x61, 0x6E, 0x6B, 0x03, 0xA5, 0x2E, 0x73, 0x69, 0x7A, 0x65, 0x08, 0xA5, 0x2E, 0x74,
  0x79, 0x70, 0x65, 0x0E, 0xAB, 0x2E, 0x69, 0x6E, 0x70, 0x75, 0x74, 0x5F, 0x6D, 0x6F,
  0x64, 0x65, 0x00, 0xA5, 0x2E, 0x6B, 0x69, 0x6E, 0x64, 0x12, 0x83, 0xA8, 0x2E, 0x61,
  0x72, 0x67, 0x42, 0x61, 0x73, 0x65, 0x89, 0xAE, 0x2E, 0x61, 0x64, 0x64, 0x72, 0x65,
  0x73, 0x73, 0x5F, 0x73, 0x70, 0x61, 0x63, 0x65, 0x00, 0xA6, 0x2E, 0x61, 0x6C, 0x69,
  0x67, 0x6E, 0x08, 0xAB, 0x2E, 0x69, 0x73, 0x56, 0x6F, 0x6C, 0x61, 0x74, 0x69, 0x6C,
  0x65, 0xC2, 0xA7, 0x2E, 0x6C, 0x61, 0x79, 0x6F, 0x75, 0x74, 0x00, 0xA5, 0x2E, 0x6E,
  0x61, 0x6D, 0x65, 0xAF, 0x6B, 0x5F, 0x70, 0x61, 0x72, 0x74, 0x5F, 0x66, 0x6C, 0x61,
  0x67, 0x5F, 0x70, 0x74, 0x72, 0xA7, 0x2E, 0x6F, 0x66, 0x66, 0x73, 0x65, 0x74, 0x2C,
  0xA9, 0x2E, 0x72, 0x65, 0x67, 0x5F, 0x62, 0x61, 0x6E, 0x6B, 0x03, 0xA5, 0x2E, 0x73,
  0x69, 0x7A, 0x65, 0x08, 0xA5, 0x2E, 0x74, 0x79, 0x70, 0x65, 0x0E, 0xAB, 0x2E, 0x69,
  0x6E, 0x70, 0x75, 0x74, 0x5F, 0x6D, 0x6F, 0x64, 0x65, 0x00, 0xA5, 0x2E, 0x6B, 0x69,
  0x6E, 0x64, 0x12, 0x83, 0xA8, 0x2E, 0x61, 0x72, 0x67, 0x42, 0x61, 0x73, 0x65, 0x89,
  0xAE, 0x2E, 0x61, 0x64, 0x64, 0x72, 0x65, 0x73, 0x73, 0x5F, 0x73, 0x70, 0x61, 0x63,
  0x65, 0x00, 0xA6, 0x2E, 0x61, 0x6C, 0x69, 0x67, 0x6E, 0x10, 0xAB, 0x2E, 0x69, 0x73,
  0x56, 0x6F, 0x6C, 0x61, 0x74, 0x69, 0x6C, 0x65, 0xC2, 0xA7, 0x2E, 0x6C, 0x61, 0x79,
  0x6F, 0x75, 0x74, 0x00, 0xA5, 0x2E, 0x6E, 0x61, 0x6D, 0x65, 0xAD, 0x67, 0x72, 0x6F,
  0x75, 0x70, 0x5F, 0x69, 0x64, 0x78, 0x5F, 0x70, 0x74, 0x72, 0xA7, 0x2E, 0x6F, 0x66,
  0x66, 0x73, 0x65, 0x74, 0x30, 0xA9, 0x2E, 0x72, 0x65, 0x67, 0x5F, 0x62, 0x61, 0x6E,
  0x6B, 0x03, 0xA5, 0x2E, 0x73, 0x69, 0x7A, 0x65, 0x10, 0xA5, 0x2E, 0x74, 0x79, 0x70,
  0x65, 0x18, 0xAB, 0x2E, 0x69, 0x6E, 0x70, 0x75, 0x74, 0x5F, 0x6D, 0x6F, 0x64, 0x65,
  0x00, 0xA5, 0x2E, 0x6B, 0x69, 0x6E, 0x64, 0x12, 0x83, 0xA8, 0x2E, 0x61, 0x72, 0x67,
  0x42, 0x61, 0x73, 0x65, 0x89, 0xAE, 0x2E, 0x61, 0x64, 0x64, 0x72, 0x65, 0x73, 0x73,
  0x5F, 0x73, 0x70, 0x61, 0x63, 0x65, 0x00, 0xA6, 0x2E, 0x61, 0x6C, 0x69, 0x67, 0x6E,
  0x10, 0xAB, 0x2E, 0x69, 0x73, 0x56, 0x6F, 0x6C, 0x61, 0x74, 0x69, 0x6C, 0x65, 0xC2,
  0xA7, 0x2E, 0x6C, 0x61, 0x79, 0x6F, 0x75, 0x74, 0x00, 0xA5, 0x2E, 0x6E, 0x61, 0x6D,
  0x65, 0xB3, 0x67, 0x72, 0x6F, 0x75, 0x70, 0x5F, 0x73, 0x63, 0x61, 0x6C, 0x65, 0x5F,
  0x69, 0x64, 0x78, 0x5F, 0x70, 0x74, 0x72, 0xA7, 0x2E, 0x6F, 0x66, 0x66, 0x73, 0x65,
  0x74, 0x34, 0xA9, 0x2E, 0x72, 0x65, 0x67, 0x5F, 0x62, 0x61, 0x6E, 0x6B, 0x03, 0xA5,
  0x2E, 0x73, 0x69, 0x7A, 0x65, 0x10, 0xA5, 0x2E, 0x74, 0x79, 0x70, 0x65, 0x18, 0xAB,
  0x2E, 0x69, 0x6E, 0x70, 0x75, 0x74, 0x5F, 0x6D, 0x6F, 0x64, 0x65, 0x00, 0xA5, 0x2E,
  0x6B, 0x69, 0x6E, 0x64, 0x12, 0x83, 0xA8, 0x2E, 0x61, 0x72, 0x67, 0x42, 0x61, 0x73,
  0x65, 0x89, 0xAE, 0x2E, 0x61, 0x64, 0x64, 0x72, 0x65, 0x73, 0x73, 0x5F, 0x73, 0x70,
  0x61, 0x63, 0x65, 0x00, 0xA6, 0x2E, 0x61, 0x6C, 0x69, 0x67, 0x6E, 0x08, 0xAB, 0x2E,
  0x69, 0x73, 0x56, 0x6F, 0x6C, 0x61, 0x74, 0x69, 0x6C, 0x65, 0xC2, 0xA7, 0x2E, 0x6C,
  0x61, 0x79, 0x6F, 0x75, 0x74, 0x00, 0xA5, 0x2E, 0x6E, 0x61, 0x6D, 0x65, 0xB8, 0x67,
  0x72, 0x6F, 0x75, 0x70, 0x5F, 0x73, 0x63, 0x61, 0x6C, 0x65, 0x5F, 0x61, 0x5F, 0x72,
  0x6F, 0x62, 0x75, 0x73, 0x74, 0x5F, 0x76, 0x65, 0x63, 0xA7, 0x2E, 0x6F, 0x66, 0x66,
  0x73, 0x65, 0x74, 0x38, 0xA9, 0x2E, 0x72, 0x65, 0x67, 0x5F, 0x62, 0x61, 0x6E, 0x6B,
  0x03, 0xA5, 0x2E, 0x73, 0x69, 0x7A, 0x65, 0x08, 0xA5, 0x2E, 0x74, 0x79, 0x70, 0x65,
  0x0E, 0xAB, 0x2E, 0x69, 0x6E, 0x70, 0x75, 0x74, 0x5F, 0x6D, 0x6F, 0x64, 0x65, 0x00,
  0xA5, 0x2E, 0x6B, 0x69, 0x6E, 0x64, 0x12, 0x83, 0xA8, 0x2E, 0x61, 0x72, 0x67, 0x42,
  0x61, 0x73, 0x65, 0x89, 0xAE, 0x2E, 0x61, 0x64, 0x64, 0x72, 0x65, 0x73, 0x73, 0x5F,
  0x73, 0x70, 0x61, 0x63, 0x65, 0x00, 0xA6, 0x2E, 0x61, 0x6C, 0x69, 0x67, 0x6E, 0x08,
  0xAB, 0x2E, 0x69, 0x73, 0x56, 0x6F, 0x6C, 0x61, 0x74, 0x69, 0x6C, 0x65, 0xC2, 0xA7,
  0x2E, 0x6C, 0x61, 0x79, 0x6F, 0x75, 0x74, 0x00, 0xA5, 0x2E, 0x6E, 0x61, 0x6D, 0x65,
  0xB8, 0x67, 0x72, 0x6F, 0x75, 0x70, 0x5F, 0x73, 0x63, 0x61, 0x6C, 0x65, 0x5F, 0x62,
  0x5F, 0x72, 0x6F, 0x62, 0x75, 0x73, 0x74, 0x5F, 0x76, 0x65, 0x63, 0xA7, 0x2E, 0x6F,
  0x66, 0x66, 0x73, 0x65, 0x74, 0x3A, 0xA9, 0x2E, 0x72, 0x65, 0x67, 0x5F, 0x62, 0x61,
  0x6E, 0x6B, 0x03, 0xA5, 0x2E, 0x73, 0x69, 0x7A, 0x65, 0x08, 0xA5, 0x2E, 0x74, 0x79,
  0x70, 0x65, 0x0E, 0xAB, 0x2E, 0x69, 0x6E, 0x70, 0x75, 0x74, 0x5F, 0x6D, 0x6F, 0x64,
  0x65, 0x00, 0xA5, 0x2E, 0x6B, 0x69, 0x6E, 0x64, 0x12, 0x83, 0xA8, 0x2E, 0x61, 0x72,
  0x67, 0x42, 0x61, 0x73, 0x65, 0x89, 0xAE, 0x2E, 0x61, 0x64, 0x64, 0x72, 0x65, 0x73,
  0x73, 0x5F, 0x73, 0x70, 0x61, 0x63, 0x65, 0x00, 0xA6, 0x2E, 0x61, 0x6C, 0x69, 0x67,
  0x6E, 0x08, 0xAB, 0x2E, 0x69, 0x73, 0x56, 0x6F, 0x6C, 0x61, 0x74, 0x69, 0x6C, 0x65,
  0xC2, 0xA7, 0x2E, 0x6C, 0x61, 0x79, 0x6F, 0x75, 0x74, 0x00, 0xA5, 0x2E, 0x6E, 0x61,
  0x6D, 0x65, 0xB1, 0x73, 0x79, 0x6E, 0x63, 0x5F, 0x6F, 0x75, 0x74, 0x5F, 0x66, 0x6C,
  0x61, 0x67, 0x5F, 0x70, 0x74, 0x72, 0xA7, 0x2E, 0x6F, 0x66, 0x66, 0x73, 0x65, 0x74,
  0x3C, 0xA9, 0x2E, 0x72, 0x65, 0x67, 0x5F, 0x62, 0x61, 0x6E, 0x6B, 0x03, 0xA5, 0x2E,
  0x73, 0x69, 0x7A, 0x65, 0x08, 0xA5, 0x2E, 0x74, 0x79, 0x70, 0x65, 0x0E, 0xAB, 0x2E,
  0x69, 0x6E, 0x70, 0x75, 0x74, 0x5F, 0x6D, 0x6F, 0x64, 0x65, 0x00, 0xA5, 0x2E, 0x6B,
  0x69, 0x6E, 0x64, 0x12, 0x83, 0xA8, 0x2E, 0x61, 0x72, 0x67, 0x42, 0x61, 0x73, 0x65,
  0x89, 0xAE, 0x2E, 0x61, 0x64, 0x64, 0x72, 0x65, 0x73, 0x73, 0x5F, 0x73, 0x70, 0x61,
  0x63, 0x65, 0x00, 0xA6, 0x2E, 0x61, 0x6C, 0x69, 0x67, 0x6E, 0x04, 0xAB, 0x2E, 0x69,
  0x73, 0x56, 0x6F, 0x6C, 0x61, 0x74, 0x69, 0x6C, 0x65, 0xC2, 0xA7, 0x2E, 0x6C, 0x61,
  0x79, 0x6F, 0x75, 0x74, 0x00, 0xA5, 0x2E, 0x6E, 0x61, 0x6D, 0x65, 0xB3, 0x6D, 0x61,
  0x73, 0x6B, 0x5F, 0x62, 0x6C, 0x6B, 0x79, 0x5F, 0x70, 0x65, 0x72, 0x5F, 0x67, 0x72,
  0x6F, 0x75, 0x70, 0xA7, 0x2E, 0x6F, 0x66, 0x66, 0x73, 0x65, 0x74, 0x3E, 0xA9, 0x2E,
  0x72, 0x65, 0x67, 0x5F, 0x62, 0x61, 0x6E, 0x6B, 0x03, 0xA5, 0x2E, 0x73, 0x69, 0x7A,
  0x65, 0x04, 0xA5, 0x2E, 0x74, 0x79, 0x70, 0x65, 0x06, 0xAB, 0x2E, 0x69, 0x6E, 0x70,
  0x75, 0x74, 0x5F, 0x6D, 0x6F, 0x64, 0x65, 0x00, 0xA5, 0x2E, 0x6B, 0x69, 0x6E, 0x64,
  0x12, 0x83, 0xA8, 0x2E, 0x61, 0x72, 0x67, 0x42, 0x61, 0x73, 0x65, 0x89, 0xAE, 0x2E,
  0x61, 0x64, 0x64, 0x72, 0x65, 0x73, 0x73, 0x5F, 0x73, 0x70, 0x61, 0x63, 0x65, 0x00,
  0xA6, 0x2E, 0x61, 0x6C, 0x69, 0x67, 0x6E, 0x04, 0xAB, 0x2E, 0x69, 0x73, 0x56, 0x6F,
  0x6C, 0x61, 0x74, 0x69, 0x6C, 0x65, 0xC2, 0xA7, 0x2E, 0x6C, 0x61, 0x79, 0x6F, 0x75,
  0x74, 0x00, 0xA5, 0x2E, 0x6E, 0x61, 0x6D, 0x65, 0xA5, 0x61, 0x6C, 0x70, 0x68, 0x61,
  0xA7, 0x2E, 0x6F, 0x66, 0x66, 0x73, 0x65, 0x74, 0x3F, 0xA9, 0x2E, 0x72, 0x65, 0x67,
  0x5F, 0x62, 0x61, 0x6E, 0x6B, 0x03, 0xA5, 0x2E, 0x73, 0x69, 0x7A, 0x65, 0x04, 0xA5,
  0x2E, 0x74, 0x79, 0x70, 0x65, 0x08, 0xAB, 0x2E, 0x69, 0x6E, 0x70, 0x75, 0x74, 0x5F,
  0x6D, 0x6F, 0x64, 0x65, 0x00, 0xA5, 0x2E, 0x6B, 0x69, 0x6E, 0x64, 0x12, 0x83, 0xA8,
  0x2E, 0x61, 0x72, 0x67, 0x42, 0x61, 0x73, 0x65, 0x89, 0xAE, 0x2E, 0x61, 0x64, 0x64,
  0x72, 0x65, 0x73, 0x73, 0x5F, 0x73, 0x70, 0x61, 0x63, 0x65, 0x00, 0xA6, 0x2E, 0x61,
  0x6C, 0x69, 0x67, 0x6E, 0x04, 0xAB, 0x2E, 0x69, 0x73, 0x56, 0x6F, 0x6C, 0x61, 0x74,
  0x69, 0x6C, 0x65, 0xC2, 0xA7, 0x2E, 0x6C, 0x61, 0x79, 0x6F, 0x75, 0x74, 0x00, 0xA5,
  0x2E, 0x6E, 0x61, 0x6D, 0x65, 0xA4, 0x62, 0x65, 0x74, 0x61, 0xA7, 0x2E, 0x6F, 0x66,
  0x66, 0x73, 0x65, 0x74, 0x40, 0xA9, 0x2E, 0x72, 0x65, 0x67, 0x5F, 0x62, 0x61, 0x6E,
  0x6B, 0x03, 0xA5, 0x2E, 0x73, 0x69, 0x7A, 0x65, 0x04, 0xA5, 0x2E, 0x74, 0x79, 0x70,
  0x65, 0x08, 0xAB, 0x2E, 0x69, 0x6E, 0x70, 0x75, 0x74, 0x5F, 0x6D, 0x6F, 0x64, 0x65,
  0x00, 0xA5, 0x2E, 0x6B, 0x69, 0x6E, 0x64, 0x12, 0x83, 0xA8, 0x2E, 0x61, 0x72, 0x67,
  0x42, 0x61, 0x73, 0x65, 0x89, 0xAE, 0x2E, 0x61, 0x64, 0x64, 0x72, 0x65, 0x73, 0x73,
  0x5F, 0x73, 0x70, 0x61, 0x63, 0x65, 0x00, 0xA6, 0x2E, 0x61, 0x6C, 0x69, 0x67, 0x6E,
  0x04, 0xAB, 0x2E, 0x69, 0x73, 0x56, 0x6F, 0x6C, 0x61, 0x74, 0x69, 0x6C, 0x65, 0xC2,
  0xA7, 0x2E, 0x6C, 0x61, 0x79, 0x6F, 0x75, 0x74, 0x00, 0xA5, 0x2E, 0x6E, 0x61, 0x6D,
  0x65, 0xA5, 0x67, 0x61, 0x6D, 0x6D, 0x61, 0xA7, 0x2E, 0x6F, 0x66, 0x66, 0x73, 0x65,
  0x74, 0x41, 0xA9, 0x2E, 0x72, 0x65, 0x67, 0x5F, 0x62, 0x61, 0x6E, 0x6B, 0x03, 0xA5,
  0x2E, 0x73, 0x69, 0x7A, 0x65, 0x04, 0xA5, 0x2E, 0x74, 0x79, 0x70, 0x65, 0x08, 0xAB,
  0x2E, 0x69, 0x6E, 0x70, 0x75, 0x74, 0x5F, 0x6D, 0x6F, 0x64, 0x65, 0x00, 0xA5, 0x2E,
  0x6B, 0x69, 0x6E, 0x64, 0x12, 0x83, 0xA8, 0x2E, 0x61, 0x72, 0x67, 0x42, 0x61, 0x73,
  0x65, 0x89, 0xAE, 0x2E, 0x61, 0x64, 0x64, 0x72, 0x65, 0x73, 0x73, 0x5F, 0x73, 0x70,
  0x61, 0x63, 0x65, 0x00, 0xA6, 0x2E, 0x61, 0x6C, 0x69, 0x67, 0x6E, 0x04, 0xAB, 0x2E,
  0x69, 0x73, 0x56, 0x6F, 0x6C, 0x61, 0x74, 0x69, 0x6C, 0x65, 0xC2, 0xA7, 0x2E, 0x6C,
  0x61, 0x79, 0x6F, 0x75, 0x74, 0x00, 0xA5, 0x2E, 0x6E, 0x61, 0x6D, 0x65, 0xA9, 0x61,
  0x63, 0x74, 0x5F, 0x70, 0x61, 0x72, 0x61, 0x6D, 0xA7, 0x2E, 0x6F, 0x66, 0x66, 0x73,
  0x65, 0x74, 0x42, 0xA9, 0x2E, 0x72, 0x65, 0x67, 0x5F, 0x62, 0x61, 0x6E, 0x6B, 0x03,
  0xA5, 0x2E, 0x73, 0x69, 0x7A, 0x65, 0x04, 0xA5, 0x2E, 0x74, 0x79, 0x70, 0x65, 0x08,
  0xAB, 0x2E, 0x69, 0x6E, 0x70, 0x75, 0x74, 0x5F, 0x6D, 0x6F, 0x64, 0x65, 0x00, 0xA5,
  0x2E, 0x6B, 0x69, 0x6E, 0x64, 0x12, 0x83, 0xA8, 0x2E, 0x61, 0x72, 0x67, 0x42, 0x61,
  0x73, 0x65, 0x89, 0xAE, 0x2E, 0x61, 0x64, 0x64, 0x72, 0x65, 0x73, 0x73, 0x5F, 0x73,
  0x70, 0x61, 0x63, 0x65, 0x00, 0xA6, 0x2E, 0x61, 0x6C, 0x69, 0x67, 0x6E, 0x04, 0xAB,
  0x2E, 0x69, 0x73, 0x56, 0x6F, 0x6C, 0x61, 0x74, 0x69, 0x6C, 0x65, 0xC2, 0xA7, 0x2E,
  0x6C, 0x61, 0x79, 0x6F, 0x75, 0x74, 0x00, 0xA5, 0x2E, 0x6E, 0x61, 0x6D, 0x65, 0xAC,
  0x73, 0x63, 0x61, 0x6C, 0x65, 0x5F, 0x61, 0x5F, 0x6D, 0x6F, 0x64, 0x65, 0xA7, 0x2E,
  0x6F, 0x66, 0x66, 0x73, 0x65, 0x74, 0x43, 0xA9, 0x2E, 0x72, 0x65, 0x67, 0x5F, 0x62,
  0x61, 0x6E, 0x6B, 0x03, 0xA5, 0x2E, 0x73, 0x69, 0x7A, 0x65, 0x04, 0xA5, 0x2E, 0x74,
  0x79, 0x70, 0x65, 0x06, 0xAB, 0x2E, 0x69, 0x6E, 0x70, 0x75, 0x74, 0x5F, 0x6D, 0x6F,
  0x64, 0x65, 0x00, 0xA5, 0x2E, 0x6B, 0x69, 0x6E, 0x64, 0x12, 0x83, 0xA8, 0x2E, 0x61,
  0x72, 0x67, 0x42, 0x61, 0x73, 0x65, 0x89, 0xAE, 0x2E, 0x61, 0x64, 0x64, 0x72, 0x65,
  0x73, 0x73, 0x5F, 0x73, 0x70, 0x61, 0x63, 0x65, 0x00, 0xA6, 0x2E, 0x61, 0x6C, 0x69,
  0x67, 0x6E, 0x04, 0xAB, 0x2E, 0x69, 0x73, 0x56, 0x6F, 0x6C, 0x61, 0x74, 0x69, 0x6C,
  0x65, 0xC2, 0xA7, 0x2E, 0x6C, 0x61, 0x79, 0x6F, 0x75, 0x74, 0x00, 0xA5, 0x2E, 0x6E,
  0x61, 0x6D, 0x65, 0xAC, 0x73, 0x63, 0x61, 0x6C, 0x65, 0x5F, 0x62, 0x5F, 0x6D, 0x6F,
  0x64, 0x65, 0xA7, 0x2E, 0x6F, 0x66, 0x66, 0x73, 0x65, 0x74, 0x44, 0xA9, 0x2E, 0x72,
  0x65, 0x67, 0x5F, 0x62, 0x61, 0x6E, 0x6B, 0x03, 0xA5, 0x2E, 0x73, 0x69, 0x7A, 0x65,
  0x04, 0xA5, 0x2E, 0x74, 0x79, 0x70, 0x65, 0x06, 0xAB, 0x2E, 0x69, 0x6E, 0x70, 0x75,
  0x74, 0x5F, 0x6D, 0x6F, 0x64, 0x65, 0x00, 0xA5, 0x2E, 0x6B, 0x69, 0x6E, 0x64, 0x12,
  0x83, 0xA8, 0x2E, 0x61, 0x72, 0x67, 0x42, 0x61, 0x73, 0x65, 0x89, 0xAE, 0x2E, 0x61,
  0x64, 0x64, 0x72, 0x65, 0x73, 0x73, 0x5F, 0x73, 0x70, 0x61, 0x63, 0x65, 0x00, 0xA6,
  0x2E, 0x61, 0x6C, 0x69, 0x67, 0x6E, 0x04, 0xAB, 0x2E, 0x69, 0x73, 0x56, 0x6F, 0x6C,
  0x61, 0x74, 0x69, 0x6C, 0x65, 0xC2, 0xA7, 0x2E, 0x6C, 0x61, 0x79, 0x6F, 0x75, 0x74,
  0x00, 0xA5, 0x2E, 0x6E, 0x61, 0x6D, 0x65, 0xAC, 0x73, 0x63, 0x61, 0x6C, 0x65, 0x5F,
  0x64, 0x5F, 0x6D, 0x6F, 0x64, 0x65, 0xA7, 0x2E, 0x6F, 0x66, 0x66, 0x73, 0x65, 0x74,
  0x45, 0xA9, 0x2E, 0x72, 0x65, 0x67, 0x5F, 0x62, 0x61, 0x6E, 0x6B, 0x03, 0xA5, 0x2E,
  0x73, 0x69, 0x7A, 0x65, 0x04, 0xA5, 0x2E, 0x74, 0x79, 0x70, 0x65, 0x06, 0xAB, 0x2E,
  0x69, 0x6E, 0x70, 0x75, 0x74, 0x5F, 0x6D, 0x6F, 0x64, 0x65, 0x00, 0xA5, 0x2E, 0x6B,
  0x69, 0x6E, 0x64, 0x12, 0x83, 0xA8, 0x2E, 0x61, 0x72, 0x67, 0x42, 0x61, 0x73, 0x65,
  0x89, 0xAE, 0x2E, 0x61, 0x64, 0x64, 0x72, 0x65, 0x73, 0x73, 0x5F, 0x73, 0x70, 0x61,
  0x63, 0x65, 0x00, 0xA6, 0x2E, 0x61, 0x6C, 0x69, 0x67, 0x6E, 0x04, 0xAB, 0x2E, 0x69,
  0x73, 0x56, 0x6F, 0x6C, 0x61, 0x74, 0x69, 0x6C, 0x65, 0xC2, 0xA7, 0x2E, 0x6C, 0x61,
  0x79, 0x6F, 0x75, 0x74, 0x00, 0xA5, 0x2E, 0x6E, 0x61, 0x6D, 0x65, 0xA9, 0x73, 0x63,
  0x61, 0x6C, 0x65, 0x5F, 0x61, 0x5F, 0x6D, 0xA7, 0x2E, 0x6F, 0x66, 0x66, 0x73, 0x65,
  0x74, 0x46, 0xA9, 0x2E, 0x72, 0x65, 0x67, 0x5F, 0x62, 0x61, 0x6E, 0x6B, 0x03, 0xA5,
  0x2E, 0x73, 0x69, 0x7A, 0x65, 0x04, 0xA5, 0x2E, 0x74, 0x79, 0x70, 0x65, 0x06, 0xAB,
  0x2E, 0x69, 0x6E, 0x70, 0x75, 0x74, 0x5F, 0x6D, 0x6F, 0x64, 0x65, 0x00, 0xA5, 0x2E,
  0x6B, 0x69, 0x6E, 0x64, 0x12, 0x83, 0xA8, 0x2E, 0x61, 0x72, 0x67, 0x42, 0x61, 0x73,
  0x65, 0x89, 0xAE, 0x2E, 0x61, 0x64, 0x64, 0x72, 0x65, 0x73, 0x73, 0x5F, 0x73, 0x70,
  0x61, 0x63, 0x65, 0x00, 0xA6, 0x2E, 0x61, 0x6C, 0x69, 0x67, 0x6E, 0x04, 0xAB, 0x2E,
  0x69, 0x73, 0x56, 0x6F, 0x6C, 0x61, 0x74, 0x69, 0x6C, 0x65, 0xC2, 0xA7, 0x2E, 0x6C,
  0x61, 0x79, 0x6F, 0x75, 0x74, 0x00, 0xA5, 0x2E, 0x6E, 0x61, 0x6D, 0x65, 0xA9, 0x73,
  0x63, 0x61, 0x6C, 0x65, 0x5F, 0x61, 0x5F, 0x6B, 0xA7, 0x2E, 0x6F, 0x66, 0x66, 0x73,
  0x65, 0x74, 0x47, 0xA9, 0x2E, 0x72, 0x65, 0x67, 0x5F, 0x62, 0x61, 0x6E, 0x6B, 0x03,
  0xA5, 0x2E, 0x73, 0x69, 0x7A, 0x65, 0x04, 0xA5, 0x2E, 0x74, 0x79, 0x70, 0x65, 0x06,
  0xAB, 0x2E, 0x69, 0x6E, 0x70, 0x75, 0x74, 0x5F, 0x6D, 0x6F, 0x64, 0x65, 0x00, 0xA5,
  0x2E, 0x6B, 0x69, 0x6E, 0x64, 0x12, 0x83, 0xA8, 0x2E, 0x61, 0x72, 0x67, 0x42, 0x61,
  0x73, 0x65, 0x89, 0xAE, 0x2E, 0x61, 0x64, 0x64, 0x72, 0x65, 0x73, 0x73, 0x5F, 0x73,
  0x70, 0x61, 0x63, 0x65, 0x00, 0xA6, 0x2E, 0x61, 0x6C, 0x69, 0x67, 0x6E, 0x04, 0xAB,
  0x2E, 0x69, 0x73, 0x56, 0x6F, 0x6C, 0x61, 0x74, 0x69, 0x6C, 0x65, 0xC2, 0xA7, 0x2E,
  0x6C, 0x61, 0x79, 0x6F, 0x75, 0x74, 0x00, 0xA5, 0x2E, 0x6E, 0x61, 0x6D, 0x65, 0xA9,
  0x73, 0x63, 0x61, 0x6C, 0x65, 0x5F, 0x62, 0x5F, 0x6B, 0xA7, 0x2E, 0x6F, 0x66, 0x66,
  0x73, 0x65, 0x74, 0x48, 0xA9, 0x2E, 0x72, 0x65, 0x67, 0x5F, 0x62, 0x61, 0x6E, 0x6B,
  0x03, 0xA5, 0x2E, 0x73, 0x69, 0x7A, 0x65, 0x04, 0xA5, 0x2E, 0x74, 0x79, 0x70, 0x65,
  0x06, 0xAB, 0x2E, 0x69, 0x6E, 0x70, 0x75, 0x74, 0x5F, 0x6D, 0x6F, 0x64, 0x65, 0x00,
  0xA5, 0x2E, 0x6B, 0x69, 0x6E, 0x64, 0x12, 0x83, 0xA8, 0x2E, 0x61, 0x72, 0x67, 0x42,
  0x61, 0x73, 0x65, 0x89, 0xAE, 0x2E, 0x61, 0x64, 0x64, 0x72, 0x65, 0x73, 0x73, 0x5F,
  0x73, 0x70, 0x61, 0x63, 0x65, 0x00, 0xA6, 0x2E, 0x61, 0x6C, 0x69, 0x67, 0x6E, 0x04,
  0xAB, 0x2E, 0x69, 0x73, 0x56, 0x6F, 0x6C, 0x61, 0x74, 0x69, 0x6C, 0x65, 0xC2, 0xA7,
  0x2E, 0x6C, 0x61, 0x79, 0x6F, 0x75, 0x74, 0x00, 0xA5, 0x2E, 0x6E, 0x61, 0x6D, 0x65,
  0xA9, 0x73, 0x63, 0x61, 0x6C, 0x65, 0x5F, 0x62, 0x5F, 0x6E, 0xA7, 0x2E, 0x6F, 0x66,
  0x66, 0x73, 0x65, 0x74, 0x49, 0xA9, 0x2E, 0x72, 0x65, 0x67, 0x5F, 0x62, 0x61, 0x6E,
  0x6B, 0x03, 0xA5, 0x2E, 0x73, 0x69, 0x7A, 0x65, 0x04, 0xA5, 0x2E, 0x74, 0x79, 0x70,
  0x65, 0x06, 0xAB, 0x2E, 0x69, 0x6E, 0x70, 0x75, 0x74, 0x5F, 0x6D, 0x6F, 0x64, 0x65,
  0x00, 0xA5, 0x2E, 0x6B, 0x69, 0x6E, 0x64, 0x12, 0x83, 0xA8, 0x2E, 0x61, 0x72, 0x67,
  0x42, 0x61, 0x73, 0x65, 0x89, 0xAE, 0x2E, 0x61, 0x64, 0x64, 0x72, 0x65, 0x73, 0x73,
  0x5F, 0x73, 0x70, 0x61, 0x63, 0x65, 0x00, 0xA6, 0x2E, 0x61, 0x6C, 0x69, 0x67, 0x6E,
  0x04, 0xAB, 0x2E, 0x69, 0x73, 0x56, 0x6F, 0x6C, 0x61, 0x74, 0x69, 0x6C, 0x65, 0xC2,
  0xA7, 0x2E, 0x6C, 0x61, 0x79, 0x6F, 0x75, 0x74, 0x00, 0xA5, 0x2E, 0x6E, 0x61, 0x6D,
  0x65, 0xB4, 0x62, 0x61, 0x74, 0x63, 0x68, 0x5F, 0x73, 0x74, 0x72, 0x69, 0x64, 0x65,
  0x5F, 0x73, 0x63, 0x61, 0x6C, 0x65, 0x5F, 0x61, 0xA7, 0x2E, 0x6F, 0x66, 0x66, 0x73,
  0x65, 0x74, 0x4A, 0xA9, 0x2E, 0x72, 0x65, 0x67, 0x5F, 0x62, 0x61, 0x6E, 0x6B, 0x03,
  0xA5, 0x2E, 0x73, 0x69, 0x7A, 0x65, 0x04, 0xA5, 0x2E, 0x74, 0x79, 0x70, 0x65, 0x06,
  0xAB, 0x2E, 0x69, 0x6E, 0x70, 0x75, 0x74, 0x5F, 0x6D, 0x6F, 0x64, 0x65, 0x00, 0xA5,
  0x2E, 0x6B, 0x69, 0x6E, 0x64, 0x12, 0x83, 0xA8, 0x2E, 0x61, 0x72, 0x67, 0x42, 0x61,
  0x73, 0x65, 0x89, 0xAE, 0x2E, 0x61, 0x64, 0x64, 0x72, 0x65, 0x73, 0x73, 0x5F, 0x73,
  0x70, 0x61, 0x63, 0x65, 0x00, 0xA6, 0x2E, 0x61, 0x6C, 0x69, 0x67, 0x6E, 0x04, 0xAB,
  0x2E, 0x69, 0x73, 0x56, 0x6F, 0x6C, 0x61, 0x74, 0x69, 0x6C, 0x65, 0xC2, 0xA7, 0x2E,
  0x6C, 0x61, 0x79, 0x6F, 0x75, 0x74, 0x00, 0xA5, 0x2E, 0x6E, 0x61, 0x6D, 0x65, 0xB4,
  0x62, 0x61, 0x74, 0x63, 0x68, 0x5F, 0x73, 0x74, 0x72, 0x69, 0x64, 0x65, 0x5F, 0x73,
  0x63, 0x61, 0x6C, 0x65, 0x5F, 0x62, 0xA7, 0x2E, 0x6F, 0x66, 0x66, 0x73, 0x65, 0x74,
  0x4B, 0xA9, 0x2E, 0x72, 0x65, 0x67, 0x5F, 0x62, 0x61, 0x6E, 0x6B, 0x03, 0xA5, 0x2E,
  0x73, 0x69, 0x7A, 0x65, 0x04, 0xA5, 0x2E, 0x74, 0x79, 0x70, 0x65, 0x06, 0xAB, 0x2E,
  0x69, 0x6E, 0x70, 0x75, 0x74, 0x5F, 0x6D, 0x6F, 0x64, 0x65, 0x00, 0xA5, 0x2E, 0x6B,
  0x69, 0x6E, 0x64, 0x12, 0x83, 0xA8, 0x2E, 0x61, 0x72, 0x67, 0x42, 0x61, 0x73, 0x65,
  0x89, 0xAE, 0x2E, 0x61, 0x64, 0x64, 0x72, 0x65, 0x73, 0x73, 0x5F, 0x73, 0x70, 0x61,
  0x63, 0x65, 0x00, 0xA6, 0x2E, 0x61, 0x6C, 0x69, 0x67, 0x6E, 0x04, 0xAB, 0x2E, 0x69,
  0x73, 0x56, 0x6F, 0x6C, 0x61, 0x74, 0x69, 0x6C, 0x65, 0xC2, 0xA7, 0x2E, 0x6C, 0x61,
  0x79, 0x6F, 0x75, 0x74, 0x00, 0xA5, 0x2E, 0x6E, 0x61, 0x6D, 0x65, 0xAA, 0x71, 0x75,
  0x61, 0x6E, 0x74, 0x5F, 0x74, 0x69, 0x6C, 0x65, 0xA7, 0x2E, 0x6F, 0x66, 0x66, 0x73,
  0x65, 0x74, 0x4C, 0xA9, 0x2E, 0x72, 0x65, 0x67, 0x5F, 0x62, 0x61, 0x6E, 0x6B, 0x03,
  0xA5, 0x2E, 0x73, 0x69, 0x7A, 0x65, 0x04, 0xA5, 0x2E, 0x74, 0x79, 0x70, 0x65, 0x06,
  0xAB, 0x2E, 0x69, 0x6E, 0x70, 0x75, 0x74, 0x5F, 0x6D, 0x6F, 0x64, 0x65, 0x00, 0xA5,
  0x2E, 0x6B, 0x69, 0x6E, 0x64, 0x12, 0x83, 0xA8, 0x2E, 0x61, 0x72, 0x67, 0x42, 0x61,
  0x73, 0x65, 0x89, 0xAE, 0x2E, 0x61, 0x64, 0x64, 0x72, 0x65, 0x73, 0x73, 0x5F, 0x73,
  0x70, 0x61, 0x63, 0x65, 0x00, 0xA6, 0x2E, 0x61, 0x6C, 0x69, 0x67, 0x6E, 0x04, 0xAB,
  0x2E, 0x69, 0x73, 0x56, 0x6F, 0x6C, 0x61, 0x74, 0x69, 0x6C, 0x65, 0xC2, 0xA7, 0x2E,
  0x6C, 0x61, 0x79, 0x6F, 0x75, 0x74, 0x00, 0xA5, 0x2E, 0x6E, 0x61, 0x6D, 0x65, 0xA9,
  0x61, 0x6D, 0x61, 0x78, 0x5F, 0x6D, 0x6F, 0x64, 0x65, 0xA7, 0x2E, 0x6F, 0x66, 0x66,
  0x73, 0x65, 0x74, 0x4D, 0xA9, 0x2E, 0x72, 0x65, 0x67, 0x5F, 0x62, 0x61, 0x6E, 0x6B,
  0x03, 0xA5, 0x2E, 0x73, 0x69, 0x7A, 0x65, 0x04, 0xA5, 0x2E, 0x74, 0x79, 0x70, 0x65,
  0x06, 0xAB, 0x2E, 0x69, 0x6E, 0x70, 0x75, 0x74, 0x5F, 0x6D, 0x6F, 0x64, 0x65, 0x00,
  0xA5, 0x2E, 0x6B, 0x69, 0x6E, 0x64, 0x12, 0x83, 0xA8, 0x2E, 0x61, 0x72, 0x67, 0x42,
  0x61, 0x73, 0x65, 0x89, 0xAE, 0x2E, 0x61, 0x64, 0x64, 0x72, 0x65, 0x73, 0x73, 0x5F,
  0x73, 0x70, 0x61, 0x63, 0x65, 0x00, 0xA6, 0x2E, 0x61, 0x6C, 0x69, 0x67, 0x6E, 0x04,
  0xAB, 0x2E, 0x69, 0x73, 0x56, 0x6F, 0x6C, 0x61, 0x74, 0x69, 0x6C, 0x65, 0xC2, 0xA7,
  0x2E, 0x6C, 0x61, 0x79, 0x6F, 0x75, 0x74, 0x00, 0xA5, 0x2E, 0x6E, 0x61, 0x6D, 0x65,
  0xA8, 0x61, 0x63, 0x74, 0x5F, 0x6D, 0x6F, 0x64, 0x65, 0xA7, 0x2E, 0x6F, 0x66, 0x66,
  0x73, 0x65, 0x74, 0x4E, 0xA9, 0x2E, 0x72, 0x65, 0x67, 0x5F, 0x62, 0x61, 0x6E, 0x6B,
  0x03, 0xA5, 0x2E, 0x73, 0x69, 0x7A, 0x65, 0x04, 0xA5, 0x2E, 0x74, 0x79, 0x70, 0x65,
  0x06, 0xAB, 0x2E, 0x69, 0x6E, 0x70, 0x75, 0x74, 0x5F, 0x6D, 0x6F, 0x64, 0x65, 0x00,
  0xA5, 0x2E, 0x6B, 0x69, 0x6E, 0x64, 0x12, 0x83, 0xA8, 0x2E, 0x61, 0x72, 0x67, 0x42,
  0x61, 0x73, 0x65, 0x89, 0xAE, 0x2E, 0x61, 0x64, 0x64, 0x72, 0x65, 0x73, 0x73, 0x5F,
  0x73, 0x70, 0x61, 0x63, 0x65, 0x00, 0xA6, 0x2E, 0x61, 0x6C, 0x69, 0x67, 0x6E, 0x04,
  0xAB, 0x2E, 0x69, 0x73, 0x56, 0x6F, 0x6C, 0x61, 0x74, 0x69, 0x6C, 0x65, 0xC2, 0xA7,
  0x2E, 0x6C, 0x61, 0x79, 0x6F, 0x75, 0x74, 0x00, 0xA5, 0x2E, 0x6E, 0x61, 0x6D, 0x65,
  0xA4, 0x6E, 0x72, 0x5F, 0x6D, 0xA7, 0x2E, 0x6F, 0x66, 0x66, 0x73, 0x65, 0x74, 0x4F,
  0xA9, 0x2E, 0x72, 0x65, 0x67, 0x5F, 0x62, 0x61, 0x6E, 0x6B, 0x03, 0xA5, 0x2E, 0x73,
  0x69, 0x7A, 0x65, 0x04, 0xA5, 0x2E, 0x74, 0x79, 0x70, 0x65, 0x06, 0xAB, 0x2E, 0x69,
  0x6E, 0x70, 0x75, 0x74, 0x5F, 0x6D, 0x6F, 0x64, 0x65, 0x00, 0xA5, 0x2E, 0x6B, 0x69,
  0x6E, 0x64, 0x12, 0x83, 0xA8, 0x2E, 0x61, 0x72, 0x67, 0x42, 0x61, 0x73, 0x65, 0x89,
  0xAE, 0x2E, 0x61, 0x64, 0x64, 0x72, 0x65, 0x73, 0x73, 0x5F, 0x73, 0x70, 0x61, 0x63,
  0x65, 0x00, 0xA6, 0x2E, 0x61, 0x6C, 0x69, 0x67, 0x6E, 0x04, 0xAB, 0x2E, 0x69, 0x73,
  0x56, 0x6F, 0x6C, 0x61, 0x74, 0x69, 0x6C, 0x65, 0xC2, 0xA7, 0x2E, 0x6C, 0x61, 0x79,
  0x6F, 0x75, 0x74, 0x00, 0xA5, 0x2E, 0x6E, 0x61, 0x6D, 0x65, 0xA4, 0x6E, 0x72, 0x5F,
  0x6E, 0xA7, 0x2E, 0x6F, 0x66, 0x66, 0x73, 0x65, 0x74, 0x50, 0xA9, 0x2E, 0x72, 0x65,
  0x67, 0x5F, 0x62, 0x61, 0x6E, 0x6B, 0x03, 0xA5, 0x2E, 0x73, 0x69, 0x7A, 0x65, 0x04,
  0xA5, 0x2E, 0x74, 0x79, 0x70, 0x65, 0x06, 0xAB, 0x2E, 0x69, 0x6E, 0x70, 0x75, 0x74,
  0x5F, 0x6D, 0x6F, 0x64, 0x65, 0x00, 0xA5, 0x2E, 0x6B, 0x69, 0x6E, 0x64, 0x12, 0x83,
  0xA8, 0x2E, 0x61, 0x72, 0x67, 0x42, 0x61, 0x73, 0x65, 0x89, 0xAE, 0x2E, 0x61, 0x64,
  0x64, 0x72, 0x65, 0x73, 0x73, 0x5F, 0x73, 0x70, 0x61, 0x63, 0x65, 0x00, 0xA6, 0x2E,
  0x61, 0x6C, 0x69, 0x67, 0x6E, 0x04, 0xAB, 0x2E, 0x69, 0x73, 0x56, 0x6F, 0x6C, 0x61,
  0x74, 0x69, 0x6C, 0x65, 0xC2, 0xA7, 0x2E, 0x6C, 0x61, 0x79, 0x6F, 0x75, 0x74, 0x00,
  0xA5, 0x2E, 0x6E, 0x61, 0x6D, 0x65, 0xA4, 0x6E, 0x72, 0x5F, 0x6B, 0xA7, 0x2E, 0x6F,
  0x66, 0x66, 0x73, 0x65, 0x74, 0x51, 0xA9, 0x2E, 0x72, 0x65, 0x67, 0x5F, 0x62, 0x61,
  0x6E, 0x6B, 0x03, 0xA5, 0x2E, 0x73, 0x69, 0x7A, 0x65, 0x04, 0xA5, 0x2E, 0x74, 0x79,
  0x70, 0x65, 0x06, 0xAB, 0x2E, 0x69, 0x6E, 0x70, 0x75, 0x74, 0x5F, 0x6D, 0x6F, 0x64,
  0x65, 0x00, 0xA5, 0x2E, 0x6B, 0x69, 0x6E, 0x64, 0x12, 0x83, 0xA8, 0x2E, 0x61, 0x72,
  0x67, 0x42, 0x61, 0x73, 0x65, 0x89, 0xAE, 0x2E, 0x61, 0x64, 0x64, 0x72, 0x65, 0x73,
  0x73, 0x5F, 0x73, 0x70, 0x61, 0x63, 0x65, 0x00, 0xA6, 0x2E, 0x61, 0x6C, 0x69, 0x67,
  0x6E, 0x04, 0xAB, 0x2E, 0x69, 0x73, 0x56, 0x6F, 0x6C, 0x61, 0x74, 0x69, 0x6C, 0x65,
  0xC2, 0xA7, 0x2E, 0x6C, 0x61, 0x79, 0x6F, 0x75, 0x74, 0x00, 0xA5, 0x2E, 0x6E, 0x61,
  0x6D, 0x65, 0xA8, 0x6E, 0x72, 0x5F, 0x67, 0x72, 0x6F, 0x75, 0x70, 0xA7, 0x2E, 0x6F,
  0x66, 0x66, 0x73, 0x65, 0x74, 0x52, 0xA9, 0x2E, 0x72, 0x65, 0x67, 0x5F, 0x62, 0x61,
  0x6E, 0x6B, 0x03, 0xA5, 0x2E, 0x73, 0x69, 0x7A, 0x65, 0x04, 0xA5, 0x2E, 0x74, 0x79,
  0x70, 0x65, 0x06, 0xAB, 0x2E, 0x69, 0x6E, 0x70, 0x75, 0x74, 0x5F, 0x6D, 0x6F, 0x64,
  0x65, 0x00, 0xA5, 0x2E, 0x6B, 0x69, 0x6E, 0x64, 0x12, 0x83, 0xA8, 0x2E, 0x61, 0x72,
  0x67, 0x42, 0x61, 0x73, 0x65, 0x89, 0xAE, 0x2E, 0x61, 0x64, 0x64, 0x72, 0x65, 0x73,
  0x73, 0x5F, 0x73, 0x70, 0x61, 0x63, 0x65, 0x00, 0xA6, 0x2E, 0x61, 0x6C, 0x69, 0x67,
  0x6E, 0x04, 0xAB, 0x2E, 0x69, 0x73, 0x56, 0x6F, 0x6C, 0x61, 0x74, 0x69, 0x6C, 0x65,
  0xC2, 0xA7, 0x2E, 0x6C, 0x61, 0x79, 0x6F, 0x75, 0x74, 0x00, 0xA5, 0x2E, 0x6E, 0x61,
  0x6D, 0x65, 0xA3, 0x6C, 0x64, 0x63, 0xA7, 0x2E, 0x6F, 0x66, 0x66, 0x73, 0x65, 0x74,
  0x53, 0xA9, 0x2E, 0x72, 0x65, 0x67, 0x5F, 0x62, 0x61, 0x6E, 0x6B, 0x03, 0xA5, 0x2E,
  0x73, 0x69, 0x7A, 0x65, 0x04, 0xA5, 0x2E, 0x74, 0x79, 0x70, 0x65, 0x06, 0xAB, 0x2E,
  0x69, 0x6E, 0x70, 0x75, 0x74, 0x5F, 0x6D, 0x6F, 0x64, 0x65, 0x00, 0xA5, 0x2E, 0x6B,
  0x69, 0x6E, 0x64, 0x12, 0x83, 0xA8, 0x2E, 0x61, 0x72, 0x67, 0x42, 0x61, 0x73, 0x65,
  0x89, 0xAE, 0x2E, 0x61, 0x64, 0x64, 0x72, 0x65, 0x73, 0x73, 0x5F, 0x73, 0x70, 0x61,
  0x63, 0x65, 0x00, 0xA6, 0x2E, 0x61, 0x6C, 0x69, 0x67, 0x6E, 0x04, 0xAB, 0x2E, 0x69,
  0x73, 0x56, 0x6F, 0x6C, 0x61, 0x74, 0x69, 0x6C, 0x65, 0xC2, 0xA7, 0x2E, 0x6C, 0x61,
  0x79, 0x6F, 0x75, 0x74, 0x00, 0xA5, 0x2E, 0x6E, 0x61, 0x6D, 0x65, 0xA3, 0x6C, 0x64,
  0x7A, 0xA7, 0x2E, 0x6F, 0x66, 0x66, 0x73, 0x65, 0x74, 0x54, 0xA9, 0x2E, 0x72, 0x65,
  0x67, 0x5F, 0x62, 0x61, 0x6E, 0x6B, 0x03, 0xA5, 0x2E, 0x73, 0x69, 0x7A, 0x65, 0x04,
  0xA5, 0x2E, 0x74, 0x79, 0x70, 0x65, 0x06, 0xAB, 0x2E, 0x69, 0x6E, 0x70, 0x75, 0x74,
  0x5F, 0x6D, 0x6F, 0x64, 0x65, 0x00, 0xA5, 0x2E, 0x6B, 0x69, 0x6E, 0x64, 0x12, 0x83,
  0xA8, 0x2E, 0x61, 0x72, 0x67, 0x42, 0x61, 0x73, 0x65, 0x89, 0xAE, 0x2E, 0x61, 0x64,
  0x64, 0x72, 0x65, 0x73, 0x73, 0x5F, 0x73, 0x70, 0x61, 0x63, 0x65, 0x00, 0xA6, 0x2E,
  0x61, 0x6C, 0x69, 0x67, 0x6E, 0x04, 0xAB, 0x2E, 0x69, 0x73, 0x56, 0x6F, 0x6C, 0x61,
  0x74, 0x69, 0x6C, 0x65, 0xC2, 0xA7, 0x2E, 0x6C, 0x61, 0x79, 0x6F, 0x75, 0x74, 0x00,
  0xA5, 0x2E, 0x6E, 0x61, 0x6D, 0x65, 0xB0, 0x6F, 0x75, 0x74, 0x5F, 0x74, 0x72, 0x61,
  0x6E, 0x73, 0x5F, 0x73, 0x74, 0x72, 0x69, 0x64, 0x65, 0xA7, 0x2E, 0x6F, 0x66, 0x66,
  0x73, 0x65, 0x74, 0x55, 0xA9, 0x2E, 0x72, 0x65, 0x67, 0x5F, 0x62, 0x61, 0x6E, 0x6B,
  0x03, 0xA5, 0x2E, 0x73, 0x69, 0x7A, 0x65, 0x04, 0xA5, 0x2E, 0x74, 0x79, 0x70, 0x65,
  0x06, 0xAB, 0x2E, 0x69, 0x6E, 0x70, 0x75, 0x74, 0x5F, 0x6D, 0x6F, 0x64, 0x65, 0x00,
  0xA5, 0x2E, 0x6B, 0x69, 0x6E, 0x64, 0x12, 0x83, 0xA8, 0x2E, 0x61, 0x72, 0x67, 0x42,
  0x61, 0x73, 0x65, 0x89, 0xAE, 0x2E, 0x61, 0x64, 0x64, 0x72, 0x65, 0x73, 0x73, 0x5F,
  0x73, 0x70, 0x61, 0x63, 0x65, 0x00, 0xA6, 0x2E, 0x61, 0x6C, 0x69, 0x67, 0x6E, 0x04,
  0xAB, 0x2E, 0x69, 0x73, 0x56, 0x6F, 0x6C, 0x61, 0x74, 0x69, 0x6C, 0x65, 0xC2, 0xA7,
  0x2E, 0x6C, 0x61, 0x79, 0x6F, 0x75, 0x74, 0x00, 0xA5, 0x2E, 0x6E, 0x61, 0x6D, 0x65,
  0xB2, 0x66, 0x61, 0x73, 0x74, 0x5F, 0x6F, 0x75, 0x74, 0x5F, 0x74, 0x72, 0x61, 0x6E,
  0x73, 0x5F, 0x6F, 0x72, 0x69, 0xA7, 0x2E, 0x6F, 0x66, 0x66, 0x73, 0x65, 0x74, 0x56,
  0xA9, 0x2E, 0x72, 0x65, 0x67, 0x5F, 0x62, 0x61, 0x6E, 0x6B, 0x03, 0xA5, 0x2E, 0x73,
  0x69, 0x7A, 0x65, 0x04, 0xA5, 0x2E, 0x74, 0x79, 0x70, 0x65, 0x06, 0xAB, 0x2E, 0x69,
  0x6E, 0x70, 0x75, 0x74, 0x5F, 0x6D, 0x6F, 0x64, 0x65, 0x00, 0xA5, 0x2E, 0x6B, 0x69,
  0x6E, 0x64, 0x12, 0x83, 0xA8, 0x2E, 0x61, 0x72, 0x67, 0x42, 0x61, 0x73, 0x65, 0x89,
  0xAE, 0x2E, 0x61, 0x64, 0x64, 0x72, 0x65, 0x73, 0x73, 0x5F, 0x73, 0x70, 0x61, 0x63,
  0x65, 0x00, 0xA6, 0x2E, 0x61, 0x6C, 0x69, 0x67, 0x6E, 0x04, 0xAB, 0x2E, 0x69, 0x73,
  0x56, 0x6F, 0x6C, 0x61, 0x74, 0x69, 0x6C, 0x65, 0xC2, 0xA7, 0x2E, 0x6C, 0x61, 0x79,
  0x6F, 0x75, 0x74, 0x00, 0xA5, 0x2E, 0x6E, 0x61, 0x6D, 0x65, 0xB2, 0x66, 0x61, 0x73,
  0x74, 0x5F, 0x6F, 0x75, 0x74, 0x5F, 0x74, 0x72, 0x61, 0x6E, 0x73, 0x5F, 0x6D, 0x75,
  0x6C, 0xA7, 0x2E, 0x6F, 0x66, 0x66, 0x73, 0x65, 0x74, 0x57, 0xA9, 0x2E, 0x72, 0x65,
  0x67, 0x5F, 0x62, 0x61, 0x6E, 0x6B, 0x03, 0xA5, 0x2E, 0x73, 0x69, 0x7A, 0x65, 0x04,
  0xA5, 0x2E, 0x74, 0x79, 0x70, 0x65, 0x06, 0xAB, 0x2E, 0x69, 0x6E, 0x70, 0x75, 0x74,
  0x5F, 0x6D, 0x6F, 0x64, 0x65, 0x00, 0xA5, 0x2E, 0x6B, 0x69, 0x6E, 0x64, 0x12, 0x83,
  0xA8, 0x2E, 0x61, 0x72, 0x67, 0x42, 0x61, 0x73, 0x65, 0x89, 0xAE, 0x2E, 0x61, 0x64,
  0x64, 0x72, 0x65, 0x73, 0x73, 0x5F, 0x73, 0x70, 0x61, 0x63, 0x65, 0x00, 0xA6, 0x2E,
  0x61, 0x6C, 0x69, 0x67, 0x6E, 0x04, 0xAB, 0x2E, 0x69, 0x73, 0x56, 0x6F, 0x6C, 0x61,
  0x74, 0x69, 0x6C, 0x65, 0xC2, 0xA7, 0x2E, 0x6C, 0x61, 0x79, 0x6F, 0x75, 0x74, 0x00,
  0xA5, 0x2E, 0x6E, 0x61, 0x6D, 0x65, 0xB2, 0x66, 0x61, 0x73, 0x74, 0x5F, 0x6F, 0x75,
  0x74, 0x5F, 0x74, 0x72, 0x61, 0x6E, 0x73, 0x5F, 0x73, 0x66, 0x74, 0xA7, 0x2E, 0x6F,
  0x66, 0x66, 0x73, 0x65, 0x74, 0x58, 0xA9, 0x2E, 0x72, 0x65, 0x67, 0x5F, 0x62, 0x61,
  0x6E, 0x6B, 0x03, 0xA5, 0x2E, 0x73, 0x69, 0x7A, 0x65, 0x04, 0xA5, 0x2E, 0x74, 0x79,
  0x70, 0x65, 0x06, 0xAB, 0x2E, 0x69, 0x6E, 0x70, 0x75, 0x74, 0x5F, 0x6D, 0x6F, 0x64,
  0x65, 0x00, 0xA5, 0x2E, 0x6B, 0x69, 0x6E, 0x64, 0x12, 0x83, 0xA8, 0x2E, 0x61, 0x72,
  0x67, 0x42, 0x61, 0x73, 0x65, 0x89, 0xAE, 0x2E, 0x61, 0x64, 0x64, 0x72, 0x65, 0x73,
  0x73, 0x5F, 0x73, 0x70, 0x61, 0x63, 0x65, 0x00, 0xA6, 0x2E, 0x61, 0x6C, 0x69, 0x67,
  0x6E, 0x04, 0xAB, 0x2E, 0x69, 0x73, 0x56, 0x6F, 0x6C, 0x61, 0x74, 0x69, 0x6C, 0x65,
  0xC2, 0xA7, 0x2E, 0x6C, 0x61, 0x79, 0x6F, 0x75, 0x74, 0x00, 0xA5, 0x2E, 0x6E, 0x61,
  0x6D, 0x65, 0xAA, 0x74, 0x6F, 0x74, 0x61, 0x6C, 0x5F, 0x74, 0x69, 0x6C, 0x65, 0xA7,
  0x2E, 0x6F, 0x66, 0x66, 0x73, 0x65, 0x74, 0x59, 0xA9, 0x2E, 0x72, 0x65, 0x67, 0x5F,
  0x62, 0x61, 0x6E, 0x6B, 0x03, 0xA5, 0x2E, 0x73, 0x69, 0x7A, 0x65, 0x04, 0xA5, 0x2E,
  0x74, 0x79, 0x70, 0x65, 0x06, 0xAB, 0x2E, 0x69, 0x6E, 0x70, 0x75, 0x74, 0x5F, 0x6D,
  0x6F, 0x64, 0x65, 0x00, 0xA5, 0x2E, 0x6B, 0x69, 0x6E, 0x64, 0x12, 0x83, 0xA8, 0x2E,
  0x61, 0x72, 0x67, 0x42, 0x61, 0x73, 0x65, 0x89, 0xAE, 0x2E, 0x61, 0x64, 0x64, 0x72,
  0x65, 0x73, 0x73, 0x5F, 0x73, 0x70, 0x61, 0x63, 0x65, 0x00, 0xA6, 0x2E, 0x61, 0x6C,
  0x69, 0x67, 0x6E, 0x04, 0xAB, 0x2E, 0x69, 0x73, 0x56, 0x6F, 0x6C, 0x61, 0x74, 0x69,
  0x6C, 0x65, 0xC2, 0xA7, 0x2E, 0x6C, 0x61, 0x79, 0x6F, 0x75, 0x74, 0x00, 0xA5, 0x2E,
  0x6E, 0x61, 0x6D, 0x65, 0xAA, 0x6D, 0x61, 0x73, 0x6B, 0x5F, 0x6D, 0x5F, 0x6D, 0x61,
  0x78, 0xA7, 0x2E, 0x6F, 0x66, 0x66, 0x73, 0x65, 0x74, 0x5A, 0xA9, 0x2E, 0x72, 0x65,
  0x67, 0x5F, 0x62, 0x61, 0x6E, 0x6B, 0x03, 0xA5, 0x2E, 0x73, 0x69, 0x7A, 0x65, 0x04,
  0xA5, 0x2E, 0x74, 0x79, 0x70, 0x65, 0x06, 0xAB, 0x2E, 0x69, 0x6E, 0x70, 0x75, 0x74,
  0x5F, 0x6D, 0x6F, 0x64, 0x65, 0x00, 0xA5, 0x2E, 0x6B, 0x69, 0x6E, 0x64, 0x12, 0x83,
  0xA8, 0x2E, 0x61, 0x72, 0x67, 0x42, 0x61, 0x73, 0x65, 0x89, 0xAE, 0x2E, 0x61, 0x64,
  0x64, 0x72, 0x65, 0x73, 0x73, 0x5F, 0x73, 0x70, 0x61, 0x63, 0x65, 0x00, 0xA6, 0x2E,
  0x61, 0x6C, 0x69, 0x67, 0x6E, 0x04, 0xAB, 0x2E, 0x69, 0x73, 0x56, 0x6F, 0x6C, 0x61,
  0x74, 0x69, 0x6C, 0x65, 0xC2, 0xA7, 0x2E, 0x6C, 0x61, 0x79, 0x6F, 0x75, 0x74, 0x00,
  0xA5, 0x2E, 0x6E, 0x61, 0x6D, 0x65, 0xAE, 0x6D, 0x61, 0x63, 0x72, 0x6F, 0x5F, 0x62,
  0x69, 0x64, 0x78, 0x5F, 0x6D, 0x61, 0x78, 0xA7, 0x2E, 0x6F, 0x66, 0x66, 0x73, 0x65,
  0x74, 0x5B, 0xA9, 0x2E, 0x72, 0x65, 0x67, 0x5F, 0x62, 0x61, 0x6E, 0x6B, 0x03, 0xA5,
  0x2E, 0x73, 0x69, 0x7A, 0x65, 0x04, 0xA5, 0x2E, 0x74, 0x79, 0x70, 0x65, 0x06, 0xAB,
  0x2E, 0x69, 0x6E, 0x70, 0x75, 0x74, 0x5F, 0x6D, 0x6F, 0x64, 0x65, 0x00, 0xA5, 0x2E,
  0x6B, 0x69, 0x6E, 0x64, 0x12, 0x83, 0xA8, 0x2E, 0x61, 0x72, 0x67, 0x42, 0x61, 0x73,
  0x65, 0x89, 0xAE, 0x2E, 0x61, 0x64, 0x64, 0x72, 0x65, 0x73, 0x73, 0x5F, 0x73, 0x70,
  0x61, 0x63, 0x65, 0x00, 0xA6, 0x2E, 0x61, 0x6C, 0x69, 0x67, 0x6E, 0x08, 0xAB, 0x2E,
  0x69, 0x73, 0x56, 0x6F, 0x6C, 0x61, 0x74, 0x69, 0x6C, 0x65, 0xC2, 0xA7, 0x2E, 0x6C,
  0x61, 0x79, 0x6F, 0x75, 0x74, 0x00, 0xA5, 0x2E, 0x6E, 0x61, 0x6D, 0x65, 0xAE, 0x62,
  0x61, 0x74, 0x63, 0x68, 0x5F, 0x73, 0x74, 0x72, 0x69, 0x64, 0x65, 0x5F, 0x63, 0xA7,
  0x2E, 0x6F, 0x66, 0x66, 0x73, 0x65, 0x74, 0x5C, 0xA9, 0x2E, 0x72, 0x65, 0x67, 0x5F,
  0x62, 0x61, 0x6E, 0x6B, 0x03, 0xA5, 0x2E, 0x73, 0x69, 0x7A, 0x65, 0x08, 0xA5, 0x2E,
  0x74, 0x79, 0x70, 0x65, 0x09, 0xAB, 0x2E, 0x69, 0x6E, 0x70, 0x75, 0x74, 0x5F, 0x6D,
  0x6F, 0x64, 0x65, 0x00, 0xA5, 0x2E, 0x6B, 0x69, 0x6E, 0x64, 0x12, 0x83, 0xA8, 0x2E,
  0x61, 0x72, 0x67, 0x42, 0x61, 0x73, 0x65, 0x89, 0xAE, 0x2E, 0x61, 0x64, 0x64, 0x72,
  0x65, 0x73, 0x73, 0x5F, 0x73, 0x70, 0x61, 0x63, 0x65, 0x00, 0xA6, 0x2E, 0x61, 0x6C,
  0x69, 0x67, 0x6E, 0x08, 0xAB, 0x2E, 0x69, 0x73, 0x56, 0x6F, 0x6C, 0x61, 0x74, 0x69,
  0x6C, 0x65, 0xC2, 0xA7, 0x2E, 0x6C, 0x61, 0x79, 0x6F, 0x75, 0x74, 0x00, 0xA5, 0x2E,
  0x6E, 0x61, 0x6D, 0x65, 0xAE, 0x62, 0x61, 0x74, 0x63, 0x68, 0x5F, 0x73, 0x74, 0x72,
  0x69, 0x64, 0x65, 0x5F, 0x7A, 0xA7, 0x2E, 0x6F, 0x66, 0x66, 0x73, 0x65, 0x74, 0x5E,
  0xA9, 0x2E, 0x72, 0x65, 0x67, 0x5F, 0x62, 0x61, 0x6E, 0x6B, 0x03, 0xA5, 0x2E, 0x73,
  0x69, 0x7A, 0x65, 0x08, 0xA5, 0x2E, 0x74, 0x79, 0x70, 0x65, 0x09, 0xAB, 0x2E, 0x69,
  0x6E, 0x70, 0x75, 0x74, 0x5F, 0x6D, 0x6F, 0x64, 0x65, 0x00, 0xA5, 0x2E, 0x6B, 0x69,
  0x6E, 0x64, 0x12, 0x83, 0xA8, 0x2E, 0x61, 0x72, 0x67, 0x42, 0x61, 0x73, 0x65, 0x89,
  0xAE, 0x2E, 0x61, 0x64, 0x64, 0x72, 0x65, 0x73, 0x73, 0x5F, 0x73, 0x70, 0x61, 0x63,
  0x65, 0x00, 0xA6, 0x2E, 0x61, 0x6C, 0x69, 0x67, 0x6E, 0x04, 0xAB, 0x2E, 0x69, 0x73,
  0x56, 0x6F, 0x6C, 0x61, 0x74, 0x69, 0x6C, 0x65, 0xC2, 0xA7, 0x2E, 0x6C, 0x61, 0x79,
  0x6F, 0x75, 0x74, 0x00, 0xA5, 0x2E, 0x6E, 0x61, 0x6D, 0x65, 0xA6, 0x6B, 0x5F, 0x70,
  0x61, 0x72, 0x74, 0xA7, 0x2E, 0x6F, 0x66, 0x66, 0x73, 0x65, 0x74, 0x60, 0xA9, 0x2E,
  0x72, 0x65, 0x67, 0x5F, 0x62, 0x61, 0x6E, 0x6B, 0x03, 0xA5, 0x2E, 0x73, 0x69, 0x7A,
  0x65, 0x04, 0xA5, 0x2E, 0x74, 0x79, 0x70, 0x65, 0x06, 0xAB, 0x2E, 0x69, 0x6E, 0x70,
  0x75, 0x74, 0x5F, 0x6D, 0x6F, 0x64, 0x65, 0x00, 0xA5, 0x2E, 0x6B, 0x69, 0x6E, 0x64,
  0x12, 0x83, 0xA8, 0x2E, 0x61, 0x72, 0x67, 0x42, 0x61, 0x73, 0x65, 0x89, 0xAE, 0x2E,
  0x61, 0x64, 0x64, 0x72, 0x65, 0x73, 0x73, 0x5F, 0x73, 0x70, 0x61, 0x63, 0x65, 0x00,
  0xA6, 0x2E, 0x61, 0x6C, 0x69, 0x67, 0x6E, 0x04, 0xAB, 0x2E, 0x69, 0x73, 0x56, 0x6F,
  0x6C, 0x61, 0x74, 0x69, 0x6C, 0x65, 0xC2, 0xA7, 0x2E, 0x6C, 0x61, 0x79, 0x6F, 0x75,
  0x74, 0x00, 0xA5, 0x2E, 0x6E, 0x61, 0x6D, 0x65, 0xAC, 0x6B, 0x5F, 0x70, 0x61, 0x72,
  0x74, 0x5F, 0x62, 0x6C, 0x6F, 0x63, 0x6B, 0xA7, 0x2E, 0x6F, 0x66, 0x66, 0x73, 0x65,
  0x74, 0x61, 0xA9, 0x2E, 0x72, 0x65, 0x67, 0x5F, 0x62, 0x61, 0x6E, 0x6B, 0x03, 0xA5,
  0x2E, 0x73, 0x69, 0x7A, 0x65, 0x04, 0xA5, 0x2E, 0x74, 0x79, 0x70, 0x65, 0x06, 0xAB,
  0x2E, 0x69, 0x6E, 0x70, 0x75, 0x74, 0x5F, 0x6D, 0x6F, 0x64, 0x65, 0x00, 0xA5, 0x2E,
  0x6B, 0x69, 0x6E, 0x64, 0x12, 0x83, 0xA8, 0x2E, 0x61, 0x72, 0x67, 0x42, 0x61, 0x73,
  0x65, 0x89, 0xAE, 0x2E, 0x61, 0x64, 0x64, 0x72, 0x65, 0x73, 0x73, 0x5F, 0x73, 0x70,
  0x61, 0x63, 0x65, 0x00, 0xA6, 0x2E, 0x61, 0x6C, 0x69, 0x67, 0x6E, 0x04, 0xAB, 0x2E,
  0x69, 0x73, 0x56, 0x6F, 0x6C, 0x61, 0x74, 0x69, 0x6C, 0x65, 0xC2, 0xA7, 0x2E, 0x6C,
  0x61, 0x79, 0x6F, 0x75, 0x74, 0x00, 0xA5, 0x2E, 0x6E, 0x61, 0x6D, 0x65, 0xA7, 0x6C,
  0x64, 0x6B, 0x70, 0x61, 0x72, 0x74, 0xA7, 0x2E, 0x6F, 0x66, 0x66, 0x73, 0x65, 0x74,
  0x62, 0xA9, 0x2E, 0x72, 0x65, 0x67, 0x5F, 0x62, 0x61, 0x6E, 0x6B, 0x03, 0xA5, 0x2E,
  0x73, 0x69, 0x7A, 0x65, 0x04, 0xA5, 0x2E, 0x74, 0x79, 0x70, 0x65, 0x06, 0xAB, 0x2E,
  0x69, 0x6E, 0x70, 0x75, 0x74, 0x5F, 0x6D, 0x6F, 0x64, 0x65, 0x00, 0xA5, 0x2E, 0x6B,
  0x69, 0x6E, 0x64, 0x12, 0x83, 0xA8, 0x2E, 0x61, 0x72, 0x67, 0x42, 0x61, 0x73, 0x65,
  0x89, 0xAE, 0x2E, 0x61, 0x64, 0x64, 0x72, 0x65, 0x73, 0x73, 0x5F, 0x73, 0x70, 0x61,
  0x63, 0x65, 0x00, 0xA6, 0x2E, 0x61, 0x6C, 0x69, 0x67, 0x6E, 0x08, 0xAB, 0x2E, 0x69,
  0x73, 0x56, 0x6F, 0x6C, 0x61, 0x74, 0x69, 0x6C, 0x65, 0xC2, 0xA7, 0x2E, 0x6C, 0x61,
  0x79, 0x6F, 0x75, 0x74, 0x00, 0xA5, 0x2E, 0x6E, 0x61, 0x6D, 0x65, 0xB4, 0x6B, 0x70,
  0x61, 0x72, 0x74, 0x5F, 0x62, 0x61, 0x74, 0x63, 0x68, 0x5F, 0x73, 0x74, 0x72, 0x69,
  0x64, 0x65, 0x5F, 0x63, 0xA7, 0x2E, 0x6F, 0x66, 0x66, 0x73, 0x65, 0x74, 0x64, 0xA9,
  0x2E, 0x72, 0x65, 0x67, 0x5F, 0x62, 0x61, 0x6E, 0x6B, 0x03, 0xA5, 0x2E, 0x73, 0x69,
  0x7A, 0x65, 0x08, 0xA5, 0x2E, 0x74, 0x79, 0x70, 0x65, 0x09, 0xAB, 0x2E, 0x69, 0x6E,
  0x70, 0x75, 0x74, 0x5F, 0x6D, 0x6F, 0x64, 0x65, 0x00, 0xA5, 0x2E, 0x6B, 0x69, 0x6E,
  0x64, 0x12, 0x83, 0xA8, 0x2E, 0x61, 0x72, 0x67, 0x42, 0x61, 0x73, 0x65, 0x89, 0xAE,
  0x2E, 0x61, 0x64, 0x64, 0x72, 0x65, 0x73, 0x73, 0x5F, 0x73, 0x70, 0x61, 0x63, 0x65,
  0x00, 0xA6, 0x2E, 0x61, 0x6C, 0x69, 0x67, 0x6E, 0x04, 0xAB, 0x2E, 0x69, 0x73, 0x56,
  0x6F, 0x6C, 0x61, 0x74, 0x69, 0x6C, 0x65, 0xC2, 0xA7, 0x2E, 0x6C, 0x61, 0x79, 0x6F,
  0x75, 0x74, 0x00, 0xA5, 0x2E, 0x6E, 0x61, 0x6D, 0x65, 0xAF, 0x66, 0x61, 0x73, 0x74,
  0x5F, 0x78, 0x79, 0x74, 0x69, 0x6C, 0x65, 0x5F, 0x6F, 0x72, 0x69, 0xA7, 0x2E, 0x6F,
  0x66, 0x66, 0x73, 0x65, 0x74, 0x66, 0xA9, 0x2E, 0x72, 0x65, 0x67, 0x5F, 0x62, 0x61,
  0x6E, 0x6B, 0x03, 0xA5, 0x2E, 0x73, 0x69, 0x7A, 0x65, 0x04, 0xA5, 0x2E, 0x74, 0x79,
  0x70, 0x65, 0x06, 0xAB, 0x2E, 0x69, 0x6E, 0x70, 0x75, 0x74, 0x5F, 0x6D, 0x6F, 0x64,
  0x65, 0x00, 0xA5, 0x2E, 0x6B, 0x69, 0x6E, 0x64, 0x12, 0x83, 0xA8, 0x2E, 0x61, 0x72,
  0x67, 0x42, 0x61, 0x73, 0x65, 0x89, 0xAE, 0x2E, 0x61, 0x64, 0x64, 0x72, 0x65, 0x73,
  0x73, 0x5F, 0x73, 0x70, 0x61, 0x63, 0x65, 0x00, 0xA6, 0x2E, 0x61, 0x6C, 0x69, 0x67,
  0x6E, 0x04, 0xAB, 0x2E, 0x69, 0x73, 0x56, 0x6F, 0x6C, 0x61, 0x74, 0x69, 0x6C, 0x65,
  0xC2, 0xA7, 0x2E, 0x6C, 0x61, 0x79, 0x6F, 0x75, 0x74, 0x00, 0xA5, 0x2E, 0x6E, 0x61,
  0x6D, 0x65, 0xAF, 0x66, 0x61, 0x73, 0x74, 0x5F, 0x78, 0x79, 0x74, 0x69, 0x6C, 0x65,
  0x5F, 0x6D, 0x75, 0x6C, 0xA7, 0x2E, 0x6F, 0x66, 0x66, 0x73, 0x65, 0x74, 0x67, 0xA9,
  0x2E, 0x72, 0x65, 0x67, 0x5F, 0x62, 0x61, 0x6E, 0x6B, 0x03, 0xA5, 0x2E, 0x73, 0x69,
  0x7A, 0x65, 0x04, 0xA5, 0x2E, 0x74, 0x79, 0x70, 0x65, 0x06, 0xAB, 0x2E, 0x69, 0x6E,
  0x70, 0x75, 0x74, 0x5F, 0x6D, 0x6F, 0x64, 0x65, 0x00, 0xA5, 0x2E, 0x6B, 0x69, 0x6E,
  0x64, 0x12, 0x83, 0xA8, 0x2E, 0x61, 0x72, 0x67, 0x42, 0x61, 0x73, 0x65, 0x89, 0xAE,
  0x2E, 0x61, 0x64, 0x64, 0x72, 0x65, 0x73, 0x73, 0x5F, 0x73, 0x70, 0x61, 0x63, 0x65,
  0x00, 0xA6, 0x2E, 0x61, 0x6C, 0x69, 0x67, 0x6E, 0x04, 0xAB, 0x2E, 0x69, 0x73, 0x56,
  0x6F, 0x6C, 0x61, 0x74, 0x69, 0x6C, 0x65, 0xC2, 0xA7, 0x2E, 0x6C, 0x61, 0x79, 0x6F,
  0x75, 0x74, 0x00, 0xA5, 0x2E, 0x6E, 0x61, 0x6D, 0x65, 0xAF, 0x66, 0x61, 0x73, 0x74,
  0x5F, 0x78, 0x79, 0x74, 0x69, 0x6C, 0x65, 0x5F, 0x73, 0x66, 0x74, 0xA7, 0x2E, 0x6F,
  0x66, 0x66, 0x73, 0x65, 0x74, 0x68, 0xA9, 0x2E, 0x72, 0x65, 0x67, 0x5F, 0x62, 0x61,
  0x6E, 0x6B, 0x03, 0xA5, 0x2E, 0x73, 0x69, 0x7A, 0x65, 0x04, 0xA5, 0x2E, 0x74, 0x79,
  0x70, 0x65, 0x06, 0xAB, 0x2E, 0x69, 0x6E, 0x70, 0x75, 0x74, 0x5F, 0x6D, 0x6F, 0x64,
  0x65, 0x00, 0xA5, 0x2E, 0x6B, 0x69, 0x6E, 0x64, 0x12, 0x83, 0xA8, 0x2E, 0x61, 0x72,
  0x67, 0x42, 0x61, 0x73, 0x65, 0x89, 0xAE, 0x2E, 0x61, 0x64, 0x64, 0x72, 0x65, 0x73,
  0x73, 0x5F, 0x73, 0x70, 0x61, 0x63, 0x65, 0x00, 0xA6, 0x2E, 0x61, 0x6C, 0x69, 0x67,
  0x6E, 0x04, 0xAB, 0x2E, 0x69, 0x73, 0x56, 0x6F, 0x6C, 0x61, 0x74, 0x69, 0x6C, 0x65,
  0xC2, 0xA7, 0x2E, 0x6C, 0x61, 0x79, 0x6F, 0x75, 0x74, 0x00, 0xA5, 0x2E, 0x6E, 0x61,
  0x6D, 0x65, 0xAE, 0x66, 0x61, 0x73, 0x74, 0x5F, 0x62, 0x61, 0x74, 0x63, 0x68, 0x5F,
  0x6F, 0x72, 0x69, 0xA7, 0x2E, 0x6F, 0x66, 0x66, 0x73, 0x65, 0x74, 0x69, 0xA9, 0x2E,
  0x72, 0x65, 0x67, 0x5F, 0x62, 0x61, 0x6E, 0x6B, 0x03, 0xA5, 0x2E, 0x73, 0x69, 0x7A,
  0x65, 0x04, 0xA5, 0x2E, 0x74, 0x79, 0x70, 0x65, 0x06, 0xAB, 0x2E, 0x69, 0x6E, 0x70,
  0x75, 0x74, 0x5F, 0x6D, 0x6F, 0x64, 0x65, 0x00, 0xA5, 0x2E, 0x6B, 0x69, 0x6E, 0x64,
  0x12, 0x83, 0xA8, 0x2E, 0x61, 0x72, 0x67, 0x42, 0x61, 0x73, 0x65, 0x89, 0xAE, 0x2E,
  0x61, 0x64, 0x64, 0x72, 0x65, 0x73, 0x73, 0x5F, 0x73, 0x70, 0x61, 0x63, 0x65, 0x00,
  0xA6, 0x2E, 0x61, 0x6C, 0x69, 0x67, 0x6E, 0x04, 0xAB, 0x2E, 0x69, 0x73, 0x56, 0x6F,
  0x6C, 0x61, 0x74, 0x69, 0x6C, 0x65, 0xC2, 0xA7, 0x2E, 0x6C, 0x61, 0x79, 0x6F, 0x75,
  0x74, 0x00, 0xA5, 0x2E, 0x6E, 0x61, 0x6D, 0x65, 0xAE, 0x66, 0x61, 0x73, 0x74, 0x5F,
  0x62, 0x61, 0x74, 0x63, 0x68, 0x5F, 0x6D, 0x75, 0x6C, 0xA7, 0x2E, 0x6F, 0x66, 0x66,
  0x73, 0x65, 0x74, 0x6A, 0xA9, 0x2E, 0x72, 0x65, 0x67, 0x5F, 0x62, 0x61, 0x6E, 0x6B,
  0x03, 0xA5, 0x2E, 0x73, 0x69, 0x7A, 0x65, 0x04, 0xA5, 0x2E, 0x74, 0x79, 0x70, 0x65,
  0x06, 0xAB, 0x2E, 0x69, 0x6E, 0x70, 0x75, 0x74, 0x5F, 0x6D, 0x6F, 0x64, 0x65, 0x00,
  0xA5, 0x2E, 0x6B, 0x69, 0x6E, 0x64, 0x12, 0x83, 0xA8, 0x2E, 0x61, 0x72, 0x67, 0x42,
  0x61, 0x73, 0x65, 0x89, 0xAE, 0x2E, 0x61, 0x64, 0x64, 0x72, 0x65, 0x73, 0x73, 0x5F,
  0x73, 0x70, 0x61, 0x63, 0x65, 0x00, 0xA6, 0x2E, 0x61, 0x6C, 0x69, 0x67, 0x6E, 0x04,
  0xAB, 0x2E, 0x69, 0x73, 0x56, 0x6F, 0x6C, 0x61, 0x74, 0x69, 0x6C, 0x65, 0xC2, 0xA7,
  0x2E, 0x6C, 0x61, 0x79, 0x6F, 0x75, 0x74, 0x00, 0xA5, 0x2E, 0x6E, 0x61, 0x6D, 0x65,
  0xAE, 0x66, 0x61, 0x73, 0x74, 0x5F, 0x62, 0x61, 0x74, 0x63, 0x68, 0x5F, 0x73, 0x66,
  0x74, 0xA7, 0x2E, 0x6F, 0x66, 0x66, 0x73, 0x65, 0x74, 0x6B, 0xA9, 0x2E, 0x72, 0x65,
  0x67, 0x5F, 0x62, 0x61, 0x6E, 0x6B, 0x03, 0xA5, 0x2E, 0x73, 0x69, 0x7A, 0x65, 0x04,
  0xA5, 0x2E, 0x74, 0x79, 0x70, 0x65, 0x06, 0xAB, 0x2E, 0x69, 0x6E, 0x70, 0x75, 0x74,
  0x5F, 0x6D, 0x6F, 0x64, 0x65, 0x00, 0xA5, 0x2E, 0x6B, 0x69, 0x6E, 0x64, 0x12, 0x83,
  0xA8, 0x2E, 0x61, 0x72, 0x67, 0x42, 0x61, 0x73, 0x65, 0x89, 0xAE, 0x2E, 0x61, 0x64,
  0x64, 0x72, 0x65, 0x73, 0x73, 0x5F, 0x73, 0x70, 0x61, 0x63, 0x65, 0x00, 0xA6, 0x2E,
  0x61, 0x6C, 0x69, 0x67, 0x6E, 0x04, 0xAB, 0x2E, 0x69, 0x73, 0x56, 0x6F, 0x6C, 0x61,
  0x74, 0x69, 0x6C, 0x65, 0xC2, 0xA7, 0x2E, 0x6C, 0x61, 0x79, 0x6F, 0x75, 0x74, 0x00,
  0xA5, 0x2E, 0x6E, 0x61, 0x6D, 0x65, 0xB2, 0x6E, 0x72, 0x5F, 0x62, 0x6C, 0x6F, 0x63,
  0x6B, 0x5F, 0x67, 0x72, 0x6F, 0x75, 0x70, 0x5F, 0x6F, 0x72, 0x69, 0xA7, 0x2E, 0x6F,
  0x66, 0x66, 0x73, 0x65, 0x74, 0x6C, 0xA9, 0x2E, 0x72, 0x65, 0x67, 0x5F, 0x62, 0x61,
  0x6E, 0x6B, 0x03, 0xA5, 0x2E, 0x73, 0x69, 0x7A, 0x65, 0x04, 0xA5, 0x2E, 0x74, 0x79,
  0x70, 0x65, 0x06, 0xAB, 0x2E, 0x69, 0x6E, 0x70, 0x75, 0x74, 0x5F, 0x6D, 0x6F, 0x64,
  0x65, 0x00, 0xA5, 0x2E, 0x6B, 0x69, 0x6E, 0x64, 0x12, 0x83, 0xA8, 0x2E, 0x61, 0x72,
  0x67, 0x42, 0x61, 0x73, 0x65, 0x89, 0xAE, 0x2E, 0x61, 0x64, 0x64, 0x72, 0x65, 0x73,
  0x73, 0x5F, 0x73, 0x70, 0x61, 0x63, 0x65, 0x00, 0xA6, 0x2E, 0x61, 0x6C, 0x69, 0x67,
  0x6E, 0x04, 0xAB, 0x2E, 0x69, 0x73, 0x56, 0x6F, 0x6C, 0x61, 0x74, 0x69, 0x6C, 0x65,
  0xC2, 0xA7, 0x2E, 0x6C, 0x61, 0x79, 0x6F, 0x75, 0x74, 0x00, 0xA5, 0x2E, 0x6E, 0x61,
  0x6D, 0x65, 0xB2, 0x6E, 0x72, 0x5F, 0x62, 0x6C, 0x6F, 0x63, 0x6B, 0x5F, 0x67, 0x72,
  0x6F, 0x75, 0x70, 0x5F, 0x6D, 0x75, 0x6C, 0xA7, 0x2E, 0x6F, 0x66, 0x66, 0x73, 0x65,
  0x74, 0x6D, 0xA9, 0x2E, 0x72, 0x65, 0x67, 0x5F, 0x62, 0x61, 0x6E, 0x6B, 0x03, 0xA5,
  0x2E, 0x73, 0x69, 0x7A, 0x65, 0x04, 0xA5, 0x2E, 0x74, 0x79, 0x70, 0x65, 0x06, 0xAB,
  0x2E, 0x69, 0x6E, 0x70, 0x75, 0x74, 0x5F, 0x6D, 0x6F, 0x64, 0x65, 0x00, 0xA5, 0x2E,
  0x6B, 0x69, 0x6E, 0x64, 0x12, 0x83, 0xA8, 0x2E, 0x61, 0x72, 0x67, 0x42, 0x61, 0x73,
  0x65, 0x89, 0xAE, 0x2E, 0x61, 0x64, 0x64, 0x72, 0x65, 0x73, 0x73, 0x5F, 0x73, 0x70,
  0x61, 0x63, 0x65, 0x00, 0xA6, 0x2E, 0x61, 0x6C, 0x69, 0x67, 0x6E, 0x04, 0xAB, 0x2E,
  0x69, 0x73, 0x56, 0x6F, 0x6C, 0x61, 0x74, 0x69, 0x6C, 0x65, 0xC2, 0xA7, 0x2E, 0x6C,
  0x61, 0x79, 0x6F, 0x75, 0x74, 0x00, 0xA5, 0x2E, 0x6E, 0x61, 0x6D, 0x65, 0xB2, 0x6E,
  0x72, 0x5F, 0x62, 0x6C, 0x6F, 0x63, 0x6B, 0x5F, 0x67, 0x72, 0x6F, 0x75, 0x70, 0x5F,
  0x73, 0x66, 0x74, 0xA7, 0x2E, 0x6F, 0x66, 0x66, 0x73, 0x65, 0x74, 0x6E, 0xA9, 0x2E,
  0x72, 0x65, 0x67, 0x5F, 0x62, 0x61, 0x6E, 0x6B, 0x03, 0xA5, 0x2E, 0x73, 0x69, 0x7A,
  0x65, 0x04, 0xA5, 0x2E, 0x74, 0x79, 0x70, 0x65, 0x06, 0xAB, 0x2E, 0x69, 0x6E, 0x70,
  0x75, 0x74, 0x5F, 0x6D, 0x6F, 0x64, 0x65, 0x00, 0xA5, 0x2E, 0x6B, 0x69, 0x6E, 0x64,
  0x12, 0x83, 0xA8, 0x2E, 0x61, 0x72, 0x67, 0x42, 0x61, 0x73, 0x65, 0x89, 0xAE, 0x2E,
  0x61, 0x64, 0x64, 0x72, 0x65, 0x73, 0x73, 0x5F, 0x73, 0x70, 0x61, 0x63, 0x65, 0x00,
  0xA6, 0x2E, 0x61, 0x6C, 0x69, 0x67, 0x6E, 0x04, 0xAB, 0x2E, 0x69, 0x73, 0x56, 0x6F,
  0x6C, 0x61, 0x74, 0x69, 0x6C, 0x65, 0xC2, 0xA7, 0x2E, 0x6C, 0x61, 0x79, 0x6F, 0x75,
  0x74, 0x00, 0xA5, 0x2E, 0x6E, 0x61, 0x6D, 0x65, 0xA9, 0x67, 0x72, 0x69, 0x64, 0x78,
  0x5F, 0x6F, 0x72, 0x69, 0xA7, 0x2E, 0x6F, 0x66, 0x66, 0x73, 0x65, 0x74, 0x6F, 0xA9,
  0x2E, 0x72, 0x65, 0x67, 0x5F, 0x62, 0x61, 0x6E, 0x6B, 0x03, 0xA5, 0x2E, 0x73, 0x69,
  0x7A, 0x65, 0x04, 0xA5, 0x2E, 0x74, 0x79, 0x70, 0x65, 0x06, 0xAB, 0x2E, 0x69, 0x6E,
  0x70, 0x75, 0x74, 0x5F, 0x6D, 0x6F, 0x64, 0x65, 0x00, 0xA5, 0x2E, 0x6B, 0x69, 0x6E,
  0x64, 0x12, 0x83, 0xA8, 0x2E, 0x61, 0x72, 0x67, 0x42, 0x61, 0x73, 0x65, 0x89, 0xAE,
  0x2E, 0x61, 0x64, 0x64, 0x72, 0x65, 0x73, 0x73, 0x5F, 0x73, 0x70, 0x61, 0x63, 0x65,
  0x00, 0xA6, 0x2E, 0x61, 0x6C, 0x69, 0x67, 0x6E, 0x04, 0xAB, 0x2E, 0x69, 0x73, 0x56,
  0x6F, 0x6C, 0x61, 0x74, 0x69, 0x6C, 0x65, 0xC2, 0xA7, 0x2E, 0x6C, 0x61, 0x79, 0x6F,
  0x75, 0x74, 0x00, 0xA5, 0x2E, 0x6E, 0x61, 0x6D, 0x65, 0xA9, 0x67, 0x72, 0x69, 0x64,
  0x78, 0x5F, 0x6D, 0x75, 0x6C, 0xA7, 0x2E, 0x6F, 0x66, 0x66, 0x73, 0x65, 0x74, 0x70,
  0xA9, 0x2E, 0x72, 0x65, 0x67, 0x5F, 0x62, 0x61, 0x6E, 0x6B, 0x03, 0xA5, 0x2E, 0x73,
  0x69, 0x7A, 0x65, 0x04, 0xA5, 0x2E, 0x74, 0x79, 0x70, 0x65, 0x06, 0xAB, 0x2E, 0x69,
  0x6E, 0x70, 0x75, 0x74, 0x5F, 0x6D, 0x6F, 0x64, 0x65, 0x00, 0xA5, 0x2E, 0x6B, 0x69,
  0x6E, 0x64, 0x12, 0x83, 0xA8, 0x2E, 0x61, 0x72, 0x67, 0x42, 0x61, 0x73, 0x65, 0x89,
  0xAE, 0x2E, 0x61, 0x64, 0x64, 0x72, 0x65, 0x73, 0x73, 0x5F, 0x73, 0x70, 0x61, 0x63,
  0x65, 0x00, 0xA6, 0x2E, 0x61, 0x6C, 0x69, 0x67, 0x6E, 0x04, 0xAB, 0x2E, 0x69, 0x73,
  0x56, 0x6F, 0x6C, 0x61, 0x74, 0x69, 0x6C, 0x65, 0xC2, 0xA7, 0x2E, 0x6C, 0x61, 0x79,
  0x6F, 0x75, 0x74, 0x00, 0xA5, 0x2E, 0x6E, 0x61, 0x6D, 0x65, 0xA9, 0x67, 0x72, 0x69,
  0x64, 0x78, 0x5F, 0x73, 0x66, 0x74, 0xA7, 0x2E, 0x6F, 0x66, 0x66, 0x73, 0x65, 0x74,
  0x71, 0xA9, 0x2E, 0x72, 0x65, 0x67, 0x5F, 0x62, 0x61, 0x6E, 0x6B, 0x03, 0xA5, 0x2E,
  0x73, 0x69, 0x7A, 0x65, 0x04, 0xA5, 0x2E, 0x74, 0x79, 0x70, 0x65, 0x06, 0xAB, 0x2E,
  0x69, 0x6E, 0x70, 0x75, 0x74, 0x5F, 0x6D, 0x6F, 0x64, 0x65, 0x00, 0xA5, 0x2E, 0x6B,
  0x69, 0x6E, 0x64, 0x12, 0x83, 0xA8, 0x2E, 0x61, 0x72, 0x67, 0x42, 0x61, 0x73, 0x65,
  0x89, 0xAE, 0x2E, 0x61, 0x64, 0x64, 0x72, 0x65, 0x73, 0x73, 0x5F, 0x73, 0x70, 0x61,
  0x63, 0x65, 0x00, 0xA6, 0x2E, 0x61, 0x6C, 0x69, 0x67, 0x6E, 0x04, 0xAB, 0x2E, 0x69,
  0x73, 0x56, 0x6F, 0x6C, 0x61, 0x74, 0x69, 0x6C, 0x65, 0xC2, 0xA7, 0x2E, 0x6C, 0x61,
  0x79, 0x6F, 0x75, 0x74, 0x00, 0xA5, 0x2E, 0x6E, 0x61, 0x6D, 0x65, 0xAC, 0x63, 0x6C,
  0x75, 0x73, 0x74, 0x65, 0x72, 0x5F, 0x64, 0x69, 0x6D, 0x78, 0xA7, 0x2E, 0x6F, 0x66,
  0x66, 0x73, 0x65, 0x74, 0x72, 0xA9, 0x2E, 0x72, 0x65, 0x67, 0x5F, 0x62, 0x61, 0x6E,
  0x6B, 0x03, 0xA5, 0x2E, 0x73, 0x69, 0x7A, 0x65, 0x04, 0xA5, 0x2E, 0x74, 0x79, 0x70,
  0x65, 0x06, 0xAB, 0x2E, 0x69, 0x6E, 0x70, 0x75, 0x74, 0x5F, 0x6D, 0x6F, 0x64, 0x65,
  0x00, 0xA5, 0x2E, 0x6B, 0x69, 0x6E, 0x64, 0x12, 0x83, 0xA8, 0x2E, 0x61, 0x72, 0x67,
  0x42, 0x61, 0x73, 0x65, 0x89, 0xAE, 0x2E, 0x61, 0x64, 0x64, 0x72, 0x65, 0x73, 0x73,
  0x5F, 0x73, 0x70, 0x61, 0x63, 0x65, 0x00, 0xA6, 0x2E, 0x61, 0x6C, 0x69, 0x67, 0x6E,
  0x04, 0xAB, 0x2E, 0x69, 0x73, 0x56, 0x6F, 0x6C, 0x61, 0x74, 0x69, 0x6C, 0x65, 0xC2,
  0xA7, 0x2E, 0x6C, 0x61, 0x79, 0x6F, 0x75, 0x74, 0x00, 0xA5, 0x2E, 0x6E, 0x61, 0x6D,
  0x65, 0xAD, 0x6D, 0x61, 0x63, 0x72, 0x6F, 0x5F, 0x62, 0x69, 0x64, 0x5F, 0x6D, 0x61,
  0x78, 0xA7, 0x2E, 0x6F, 0x66, 0x66, 0x73, 0x65, 0x74, 0x73, 0xA9, 0x2E, 0x72, 0x65,
  0x67, 0x5F, 0x62, 0x61, 0x6E, 0x6B, 0x03, 0xA5, 0x2E, 0x73, 0x69, 0x7A, 0x65, 0x04,
  0xA5, 0x2E, 0x74, 0x79, 0x70, 0x65, 0x06, 0xAB, 0x2E, 0x69, 0x6E, 0x70, 0x75, 0x74,
  0x5F, 0x6D, 0x6F, 0x64, 0x65, 0x00, 0xA5, 0x2E, 0x6B, 0x69, 0x6E, 0x64, 0x12, 0x83,
  0xA8, 0x2E, 0x61, 0x72, 0x67, 0x42, 0x61, 0x73, 0x65, 0x89, 0xAE, 0x2E, 0x61, 0x64,
  0x64, 0x72, 0x65, 0x73, 0x73, 0x5F, 0x73, 0x70, 0x61, 0x63, 0x65, 0x00, 0xA6, 0x2E,
  0x61, 0x6C, 0x69, 0x67, 0x6E, 0x04, 0xAB, 0x2E, 0x69, 0x73, 0x56, 0x6F, 0x6C, 0x61,
  0x74, 0x69, 0x6C, 0x65, 0xC2, 0xA7, 0x2E, 0x6C, 0x61, 0x79, 0x6F, 0x75, 0x74, 0x00,
  0xA5, 0x2E, 0x6E, 0x61, 0x6D, 0x65, 0xAE, 0x73, 0x77, 0x69, 0x74, 0x63, 0x68, 0x5F,
  0x73, 0x77, 0x69, 0x7A, 0x7A, 0x6C, 0x65, 0xA7, 0x2E, 0x6F, 0x66, 0x66, 0x73, 0x65,
  0x74, 0x74, 0xA9, 0x2E, 0x72, 0x65, 0x67, 0x5F, 0x62, 0x61, 0x6E, 0x6B, 0x03, 0xA5,
  0x2E, 0x73, 0x69, 0x7A, 0x65, 0x04, 0xA5, 0x2E, 0x74, 0x79, 0x70, 0x65, 0x06, 0xAB,
  0x2E, 0x69, 0x6E, 0x70, 0x75, 0x74, 0x5F, 0x6D, 0x6F, 0x64, 0x65, 0x00, 0xA5, 0x2E,
  0x6B, 0x69, 0x6E, 0x64, 0x12, 0x83, 0xA8, 0x2E, 0x61, 0x72, 0x67, 0x42, 0x61, 0x73,
  0x65, 0x89, 0xAE, 0x2E, 0x61, 0x64, 0x64, 0x72, 0x65, 0x73, 0x73, 0x5F, 0x73, 0x70,
  0x61, 0x63, 0x65, 0x00, 0xA6, 0x2E, 0x61, 0x6C, 0x69, 0x67, 0x6E, 0x04, 0xAB, 0x2E,
  0x69, 0x73, 0x56, 0x6F, 0x6C, 0x61, 0x74, 0x69, 0x6C, 0x65, 0xC2, 0xA7, 0x2E, 0x6C,
  0x61, 0x79, 0x6F, 0x75, 0x74, 0x00, 0xA5, 0x2E, 0x6E, 0x61, 0x6D, 0x65, 0xAA, 0x6D,
  0x61, 0x78, 0x5F, 0x74, 0x69, 0x6C, 0x65, 0x5F, 0x79, 0xA7, 0x2E, 0x6F, 0x66, 0x66,
  0x73, 0x65, 0x74, 0x75, 0xA9, 0x2E, 0x72, 0x65, 0x67, 0x5F, 0x62, 0x61, 0x6E, 0x6B,
  0x03, 0xA5, 0x2E, 0x73, 0x69, 0x7A, 0x65, 0x04, 0xA5, 0x2E, 0x74, 0x79, 0x70, 0x65,
  0x06, 0xAB, 0x2E, 0x69, 0x6E, 0x70, 0x75, 0x74, 0x5F, 0x6D, 0x6F, 0x64, 0x65, 0x00,
  0xA5, 0x2E, 0x6B, 0x69, 0x6E, 0x64, 0x12, 0x83, 0xA8, 0x2E, 0x61, 0x72, 0x67, 0x42,
  0x61, 0x73, 0x65, 0x89, 0xAE, 0x2E, 0x61, 0x64, 0x64, 0x72, 0x65, 0x73, 0x73, 0x5F,
  0x73, 0x70, 0x61, 0x63, 0x65, 0x00, 0xA6, 0x2E, 0x61, 0x6C, 0x69, 0x67, 0x6E, 0x04,
  0xAB, 0x2E, 0x69, 0x73, 0x56, 0x6F, 0x6C, 0x61, 0x74, 0x69, 0x6C, 0x65, 0xC2, 0xA7,
  0x2E, 0x6C, 0x61, 0x79, 0x6F, 0x75, 0x74, 0x00, 0xA5, 0x2E, 0x6E, 0x61, 0x6D, 0x65,
  0xB0, 0x6D, 0x61, 0x63, 0x72, 0x6F, 0x5F, 0x74, 0x69, 0x6C, 0x65, 0x5F, 0x78, 0x5F,
  0x6F, 0x72, 0x69, 0xA7, 0x2E, 0x6F, 0x66, 0x66, 0x73, 0x65, 0x74, 0x76, 0xA9, 0x2E,
  0x72, 0x65, 0x67, 0x5F, 0x62, 0x61, 0x6E, 0x6B, 0x03, 0xA5, 0x2E, 0x73, 0x69, 0x7A,
  0x65, 0x04, 0xA5, 0x2E, 0x74, 0x79, 0x70, 0x65, 0x06, 0xAB, 0x2E, 0x69, 0x6E, 0x70,
  0x75, 0x74, 0x5F, 0x6D, 0x6F, 0x64, 0x65, 0x00, 0xA5, 0x2E, 0x6B, 0x69, 0x6E, 0x64,
  0x12, 0x83, 0xA8, 0x2E, 0x61, 0x72, 0x67, 0x42, 0x61, 0x73, 0x65, 0x89, 0xAE, 0x2E,
  0x61, 0x64, 0x64, 0x72, 0x65, 0x73, 0x73, 0x5F, 0x73, 0x70, 0x61, 0x63, 0x65, 0x00,
  0xA6, 0x2E, 0x61, 0x6C, 0x69, 0x67, 0x6E, 0x04, 0xAB, 0x2E, 0x69, 0x73, 0x56, 0x6F,
  0x6C, 0x61, 0x74, 0x69, 0x6C, 0x65, 0xC2, 0xA7, 0x2E, 0x6C, 0x61, 0x79, 0x6F, 0x75,
  0x74, 0x00, 0xA5, 0x2E, 0x6E, 0x61, 0x6D, 0x65, 0xB0, 0x6D, 0x61, 0x63, 0x72, 0x6F,
  0x5F, 0x74, 0x69, 0x6C, 0x65, 0x5F, 0x78, 0x5F, 0x6D, 0x75, 0x6C, 0xA7, 0x2E, 0x6F,
  0x66, 0x66, 0x73, 0x65, 0x74, 0x77, 0xA9, 0x2E, 0x72, 0x65, 0x67, 0x5F, 0x62, 0x61,
  0x6E, 0x6B, 0x03, 0xA5, 0x2E, 0x73, 0x69, 0x7A, 0x65, 0x04, 0xA5, 0x2E, 0x74, 0x79,
  0x70, 0x65, 0x06, 0xAB, 0x2E, 0x69, 0x6E, 0x70, 0x75, 0x74, 0x5F, 0x6D, 0x6F, 0x64,
  0x65, 0x00, 0xA5, 0x2E, 0x6B, 0x69, 0x6E, 0x64, 0x12, 0x83, 0xA8, 0x2E, 0x61, 0x72,
  0x67, 0x42, 0x61, 0x73, 0x65, 0x89, 0xAE, 0x2E, 0x61, 0x64, 0x64, 0x72, 0x65, 0x73,
  0x73, 0x5F, 0x73, 0x70, 0x61, 0x63, 0x65, 0x00, 0xA6, 0x2E, 0x61, 0x6C, 0x69, 0x67,
  0x6E, 0x04, 0xAB, 0x2E, 0x69, 0x73, 0x56, 0x6F, 0x6C, 0x61, 0x74, 0x69, 0x6C, 0x65,
  0xC2, 0xA7, 0x2E, 0x6C, 0x61, 0x79, 0x6F, 0x75, 0x74, 0x00, 0xA5, 0x2E, 0x6E, 0x61,
  0x6D, 0x65, 0xB0, 0x6D, 0x61, 0x63, 0x72, 0x6F, 0x5F, 0x74, 0x69, 0x6C, 0x65, 0x5F,
  0x78, 0x5F, 0x73, 0x66, 0x74, 0xA7, 0x2E, 0x6F, 0x66, 0x66, 0x73, 0x65, 0x74, 0x78,
  0xA9, 0x2E, 0x72, 0x65, 0x67, 0x5F, 0x62, 0x61, 0x6E, 0x6B, 0x03, 0xA5, 0x2E, 0x73,
  0x69, 0x7A, 0x65, 0x04, 0xA5, 0x2E, 0x74, 0x79, 0x70, 0x65, 0x06, 0xAB, 0x2E, 0x69,
  0x6E, 0x70, 0x75, 0x74, 0x5F, 0x6D, 0x6F, 0x64, 0x65, 0x00, 0xA5, 0x2E, 0x6B, 0x69,
  0x6E, 0x64, 0x12, 0x83, 0xA8, 0x2E, 0x61, 0x72, 0x67, 0x42, 0x61, 0x73, 0x65, 0x89,
  0xAE, 0x2E, 0x61, 0x64, 0x64, 0x72, 0x65, 0x73, 0x73, 0x5F, 0x73, 0x70, 0x61, 0x63,
  0x65, 0x00, 0xA6, 0x2E, 0x61, 0x6C, 0x69, 0x67, 0x6E, 0x04, 0xAB, 0x2E, 0x69, 0x73,
  0x56, 0x6F, 0x6C, 0x61, 0x74, 0x69, 0x6C, 0x65, 0xC2, 0xA7, 0x2E, 0x6C, 0x61, 0x79,
  0x6F, 0x75, 0x74, 0x00, 0xA5, 0x2E, 0x6E, 0x61, 0x6D, 0x65, 0xAE, 0x72, 0x65, 0x73,
  0x5F, 0x74, 0x69, 0x6C, 0x65, 0x5F, 0x78, 0x5F, 0x6F, 0x72, 0x69, 0xA7, 0x2E, 0x6F,
  0x66, 0x66, 0x73, 0x65, 0x74, 0x79, 0xA9, 0x2E, 0x72, 0x65, 0x67, 0x5F, 0x62, 0x61,
  0x6E, 0x6B, 0x03, 0xA5, 0x2E, 0x73, 0x69, 0x7A, 0x65, 0x04, 0xA5, 0x2E, 0x74, 0x79,
  0x70, 0x65, 0x06, 0xAB, 0x2E, 0x69, 0x6E, 0x70, 0x75, 0x74, 0x5F, 0x6D, 0x6F, 0x64,
  0x65, 0x00, 0xA5, 0x2E, 0x6B, 0x69, 0x6E, 0x64, 0x12, 0x83, 0xA8, 0x2E, 0x61, 0x72,
  0x67, 0x42, 0x61, 0x73, 0x65, 0x89, 0xAE, 0x2E, 0x61, 0x64, 0x64, 0x72, 0x65, 0x73,
  0x73, 0x5F, 0x73, 0x70, 0x61, 0x63, 0x65, 0x00, 0xA6, 0x2E, 0x61, 0x6C, 0x69, 0x67,
  0x6E, 0x04, 0xAB, 0x2E, 0x69, 0x73, 0x56, 0x6F, 0x6C, 0x61, 0x74, 0x69, 0x6C, 0x65,
  0xC2, 0xA7, 0x2E, 0x6C, 0x61, 0x79, 0x6F, 0x75, 0x74, 0x00, 0xA5, 0x2E, 0x6E, 0x61,
  0x6D, 0x65, 0xAE, 0x72, 0x65, 0x73, 0x5F, 0x74, 0x69, 0x6C, 0x65, 0x5F, 0x78, 0x5F,
  0x6D, 0x75, 0x6C, 0xA7, 0x2E, 0x6F, 0x66, 0x66, 0x73, 0x65, 0x74, 0x7A, 0xA9, 0x2E,
  0x72, 0x65, 0x67, 0x5F, 0x62, 0x61, 0x6E, 0x6B, 0x03, 0xA5, 0x2E, 0x73, 0x69, 0x7A,
  0x65, 0x04, 0xA5, 0x2E, 0x74, 0x79, 0x70, 0x65, 0x06, 0xAB, 0x2E, 0x69, 0x6E, 0x70,
  0x75, 0x74, 0x5F, 0x6D, 0x6F, 0x64, 0x65, 0x00, 0xA5, 0x2E, 0x6B, 0x69, 0x6E, 0x64,
  0x12, 0x83, 0xA8, 0x2E, 0x61, 0x72, 0x67, 0x42, 0x61, 0x73, 0x65, 0x89, 0xAE, 0x2E,
  0x61, 0x64, 0x64, 0x72, 0x65, 0x73, 0x73, 0x5F, 0x73, 0x70, 0x61, 0x63, 0x65, 0x00,
  0xA6, 0x2E, 0x61, 0x6C, 0x69, 0x67, 0x6E, 0x04, 0xAB, 0x2E, 0x69, 0x73, 0x56, 0x6F,
  0x6C, 0x61, 0x74, 0x69, 0x6C, 0x65, 0xC2, 0xA7, 0x2E, 0x6C, 0x61, 0x79, 0x6F, 0x75,
  0x74, 0x00, 0xA5, 0x2E, 0x6E, 0x61, 0x6D, 0x65, 0xAE, 0x72, 0x65, 0x73, 0x5F, 0x74,
  0x69, 0x6C, 0x65, 0x5F, 0x78, 0x5F, 0x73, 0x66, 0x74, 0xA7, 0x2E, 0x6F, 0x66, 0x66,
  0x73, 0x65, 0x74, 0x7B, 0xA9, 0x2E, 0x72, 0x65, 0x67, 0x5F, 0x62, 0x61, 0x6E, 0x6B,
  0x03, 0xA5, 0x2E, 0x73, 0x69, 0x7A, 0x65, 0x04, 0xA5, 0x2E, 0x74, 0x79, 0x70, 0x65,
  0x06, 0xAB, 0x2E, 0x69, 0x6E, 0x70, 0x75, 0x74, 0x5F, 0x6D, 0x6F, 0x64, 0x65, 0x00,
  0xA5, 0x2E, 0x6B, 0x69, 0x6E, 0x64, 0x12, 0x83, 0xA8, 0x2E, 0x61, 0x72, 0x67, 0x42,
  0x61, 0x73, 0x65, 0x89, 0xAE, 0x2E, 0x61, 0x64, 0x64, 0x72, 0x65, 0x73, 0x73, 0x5F,
  0x73, 0x70, 0x61, 0x63, 0x65, 0x00, 0xA6, 0x2E, 0x61, 0x6C, 0x69, 0x67, 0x6E, 0x04,
  0xAB, 0x2E, 0x69, 0x73, 0x56, 0x6F, 0x6C, 0x61, 0x74, 0x69, 0x6C, 0x65, 0xC2, 0xA7,
  0x2E, 0x6C, 0x61, 0x79, 0x6F, 0x75, 0x74, 0x00, 0xA5, 0x2E, 0x6E, 0x61, 0x6D, 0x65,
  0xB3, 0x6D, 0x61, 0x63, 0x72, 0x6F, 0x5F, 0x74, 0x69, 0x6C, 0x65, 0x5F, 0x73, 0x69,
  0x7A, 0x65, 0x5F, 0x6F, 0x72, 0x69, 0xA7, 0x2E, 0x6F, 0x66, 0x66, 0x73, 0x65, 0x74,
  0x7C, 0xA9, 0x2E, 0x72, 0x65, 0x67, 0x5F, 0x62, 0x61, 0x6E, 0x6B, 0x03, 0xA5, 0x2E,
  0x73, 0x69, 0x7A, 0x65, 0x04, 0xA5, 0x2E, 0x74, 0x79, 0x70, 0x65, 0x06, 0xAB, 0x2E,
  0x69, 0x6E, 0x70, 0x75, 0x74, 0x5F, 0x6D, 0x6F, 0x64, 0x65, 0x00, 0xA5, 0x2E, 0x6B,
  0x69, 0x6E, 0x64, 0x12, 0x83, 0xA8, 0x2E, 0x61, 0x72, 0x67, 0x42, 0x61, 0x73, 0x65,
  0x89, 0xAE, 0x2E, 0x61, 0x64, 0x64, 0x72, 0x65, 0x73, 0x73, 0x5F, 0x73, 0x70, 0x61,
  0x63, 0x65, 0x00, 0xA6, 0x2E, 0x61, 0x6C, 0x69, 0x67, 0x6E, 0x04, 0xAB, 0x2E, 0x69,
  0x73, 0x56, 0x6F, 0x6C, 0x61, 0x74, 0x69, 0x6C, 0x65, 0xC2, 0xA7, 0x2E, 0x6C, 0x61,
  0x79, 0x6F, 0x75, 0x74, 0x00, 0xA5, 0x2E, 0x6E, 0x61, 0x6D, 0x65, 0xB3, 0x6D, 0x61,
  0x63, 0x72, 0x6F, 0x5F, 0x74, 0x69, 0x6C, 0x65, 0x5F, 0x73, 0x69, 0x7A, 0x65, 0x5F,
  0x6D, 0x75, 0x6C, 0xA7, 0x2E, 0x6F, 0x66, 0x66, 0x73, 0x65, 0x74, 0x7D, 0xA9, 0x2E,
  0x72, 0x65, 0x67, 0x5F, 0x62, 0x61, 0x6E, 0x6B, 0x03, 0xA5, 0x2E, 0x73, 0x69, 0x7A,
  0x65, 0x04, 0xA5, 0x2E, 0x74, 0x79, 0x70, 0x65, 0x06, 0xAB, 0x2E, 0x69, 0x6E, 0x70,
  0x75, 0x74, 0x5F, 0x6D, 0x6F, 0x64, 0x65, 0x00, 0xA5, 0x2E, 0x6B, 0x69, 0x6E, 0x64,
  0x12, 0x83, 0xA8, 0x2E, 0x61, 0x72, 0x67, 0x42, 0x61, 0x73, 0x65, 0x89, 0xAE, 0x2E,
  0x61, 0x64, 0x64, 0x72, 0x65, 0x73, 0x73, 0x5F, 0x73, 0x70, 0x61, 0x63, 0x65, 0x00,
  0xA6, 0x2E, 0x61, 0x6C, 0x69, 0x67, 0x6E, 0x04, 0xAB, 0x2E, 0x69, 0x73, 0x56, 0x6F,
  0x6C, 0x61, 0x74, 0x69, 0x6C, 0x65, 0xC2, 0xA7, 0x2E, 0x6C, 0x61, 0x79, 0x6F, 0x75,
  0x74, 0x00, 0xA5, 0x2E, 0x6E, 0x61, 0x6D, 0x65, 0xB3, 0x6D, 0x61, 0x63, 0x72, 0x6F,
  0x5F, 0x74, 0x69, 0x6C, 0x65, 0x5F, 0x73, 0x69, 0x7A, 0x65, 0x5F, 0x73, 0x66, 0x74,
  0xA7, 0x2E, 0x6F, 0x66, 0x66, 0x73, 0x65, 0x74, 0x7E, 0xA9, 0x2E, 0x72, 0x65, 0x67,
  0x5F, 0x62, 0x61, 0x6E, 0x6B, 0x03, 0xA5, 0x2E, 0x73, 0x69, 0x7A, 0x65, 0x04, 0xA5,
  0x2E, 0x74, 0x79, 0x70, 0x65, 0x06, 0xAB, 0x2E, 0x69, 0x6E, 0x70, 0x75, 0x74, 0x5F,
  0x6D, 0x6F, 0x64, 0x65, 0x00, 0xA5, 0x2E, 0x6B, 0x69, 0x6E, 0x64, 0x12, 0x83, 0xA8,
  0x2E, 0x61, 0x72, 0x67, 0x42, 0x61, 0x73, 0x65, 0x89, 0xAE, 0x2E, 0x61, 0x64, 0x64,
  0x72, 0x65, 0x73, 0x73, 0x5F, 0x73, 0x70, 0x61, 0x63, 0x65, 0x00, 0xA6, 0x2E, 0x61,
  0x6C, 0x69, 0x67, 0x6E, 0x00, 0xAB, 0x2E, 0x69, 0x73, 0x56, 0x6F, 0x6C, 0x61, 0x74,
  0x69, 0x6C, 0x65, 0xC2, 0xA7, 0x2E, 0x6C, 0x61, 0x79, 0x6F, 0x75, 0x74, 0x00, 0xA5,
  0x2E, 0x6E, 0x61, 0x6D, 0x65, 0xA9, 0x70, 0x72, 0x6F, 0x67, 0x5F, 0x73, 0x69, 0x7A,
  0x65, 0xA7, 0x2E, 0x6F, 0x66, 0x66, 0x73, 0x65, 0x74, 0x7F, 0xA9, 0x2E, 0x72, 0x65,
  0x67, 0x5F, 0x62, 0x61, 0x6E, 0x6B, 0x03, 0xA5, 0x2E, 0x73, 0x69, 0x7A, 0x65, 0x04,
  0xA5, 0x2E, 0x74, 0x79, 0x70, 0x65, 0x07, 0xAB, 0x2E, 0x69, 0x6E, 0x70, 0x75, 0x74,
  0x5F, 0x6D, 0x6F, 0x64, 0x65, 0x00, 0xA5, 0x2E, 0x6B, 0x69, 0x6E, 0x64, 0x22, 0x83,
  0xA8, 0x2E, 0x61, 0x72, 0x67, 0x42, 0x61, 0x73, 0x65, 0x89, 0xAE, 0x2E, 0x61, 0x64,
  0x64, 0x72, 0x65, 0x73, 0x73, 0x5F, 0x73, 0x70, 0x61, 0x63, 0x65, 0x00, 0xA6, 0x2E,
  0x61, 0x6C, 0x69, 0x67, 0x6E, 0x00, 0xAB, 0x2E, 0x69, 0x73, 0x56, 0x6F, 0x6C, 0x61,
  0x74, 0x69, 0x6C, 0x65, 0xC2, 0xA7, 0x2E, 0x6C, 0x61, 0x79, 0x6F, 0x75, 0x74, 0x00,
  0xA5, 0x2E, 0x6E, 0x61, 0x6D, 0x65, 0xA9, 0x70, 0x72, 0x6F, 0x67, 0x5F, 0x61, 0x64,
  0x64, 0x72, 0xA7, 0x2E, 0x6F, 0x66, 0x66, 0x73, 0x65, 0x74, 0xCC, 0x80, 0xA9, 0x2E,
  0x72, 0x65, 0x67, 0x5F, 0x62, 0x61, 0x6E, 0x6B, 0x03, 0xA5, 0x2E, 0x73, 0x69, 0x7A,
  0x65, 0x08, 0xA5, 0x2E, 0x74, 0x79, 0x70, 0x65, 0x0A, 0xAB, 0x2E, 0x69, 0x6E, 0x70,
  0x75, 0x74, 0x5F, 0x6D, 0x6F, 0x64, 0x65, 0x00, 0xA5, 0x2E, 0x6B, 0x69, 0x6E, 0x64,
  0x21, 0x83, 0xA8, 0x2E, 0x61, 0x72, 0x67, 0x42, 0x61, 0x73, 0x65, 0x89, 0xAE, 0x2E,
  0x61, 0x64, 0x64, 0x72, 0x65, 0x73, 0x73, 0x5F, 0x73, 0x70, 0x61, 0x63, 0x65, 0x00,
  0xA6, 0x2E, 0x61, 0x6C, 0x69, 0x67, 0x6E, 0x00, 0xAB, 0x2E, 0x69, 0x73, 0x56, 0x6F,
  0x6C, 0x61, 0x74, 0x69, 0x6C, 0x65, 0xC2, 0xA7, 0x2E, 0x6C, 0x61, 0x79, 0x6F, 0x75,
  0x74, 0x00, 0xA5, 0x2E, 0x6E, 0x61, 0x6D, 0x65, 0xA9, 0x67, 0x72, 0x69, 0x64, 0x44,
  0x69, 0x6D, 0x5F, 0x78, 0xA7, 0x2E, 0x6F, 0x66, 0x66, 0x73, 0x65, 0x74, 0xCC, 0x82,
  0xA9, 0x2E, 0x72, 0x65, 0x67, 0x5F, 0x62, 0x61, 0x6E, 0x6B, 0x03, 0xA5, 0x2E, 0x73,
  0x69, 0x7A, 0x65, 0x04, 0xA5, 0x2E, 0x74, 0x79, 0x70, 0x65, 0x00, 0xAB, 0x2E, 0x69,
  0x6E, 0x70, 0x75, 0x74, 0x5F, 0x6D, 0x6F, 0x64, 0x65, 0x00, 0xA5, 0x2E, 0x6B, 0x69,
  0x6E, 0x64, 0x0D, 0x83, 0xA8, 0x2E, 0x61, 0x72, 0x67, 0x42, 0x61, 0x73, 0x65, 0x89,
  0xAE, 0x2E, 0x61, 0x64, 0x64, 0x72, 0x65, 0x73, 0x73, 0x5F, 0x73, 0x70, 0x61, 0x63,
  0x65, 0x00, 0xA6, 0x2E, 0x61, 0x6C, 0x69, 0x67, 0x6E, 0x00, 0xAB, 0x2E, 0x69, 0x73,
  0x56, 0x6F, 0x6C, 0x61, 0x74, 0x69, 0x6C, 0x65, 0xC2, 0xA7, 0x2E, 0x6C, 0x61, 0x79,
  0x6F, 0x75, 0x74, 0x00, 0xA5, 0x2E, 0x6E, 0x61, 0x6D, 0x65, 0xA9, 0x67, 0x72, 0x69,
  0x64, 0x44, 0x69, 0x6D, 0x5F, 0x79, 0xA7, 0x2E, 0x6F, 0x66, 0x66, 0x73, 0x65, 0x74,
  0xCC, 0x83, 0xA9, 0x2E, 0x72, 0x65, 0x67, 0x5F, 0x62, 0x61, 0x6E, 0x6B, 0x03, 0xA5,
  0x2E, 0x73, 0x69, 0x7A, 0x65, 0x04, 0xA5, 0x2E, 0x74, 0x79, 0x70, 0x65, 0x00, 0xAB,
  0x2E, 0x69, 0x6E, 0x70, 0x75, 0x74, 0x5F, 0x6D, 0x6F, 0x64, 0x65, 0x00, 0xA5, 0x2E,
  0x6B, 0x69, 0x6E, 0x64, 0x0E, 0x83, 0xA8, 0x2E, 0x61, 0x72, 0x67, 0x42, 0x61, 0x73,
  0x65, 0x89, 0xAE, 0x2E, 0x61, 0x64, 0x64, 0x72, 0x65, 0x73, 0x73, 0x5F, 0x73, 0x70,
  0x61, 0x63, 0x65, 0x00, 0xA6, 0x2E, 0x61, 0x6C, 0x69, 0x67, 0x6E, 0x00, 0xAB, 0x2E,
  0x69, 0x73, 0x56, 0x6F, 0x6C, 0x61, 0x74, 0x69, 0x6C, 0x65, 0xC2, 0xA7, 0x2E, 0x6C,
  0x61, 0x79, 0x6F, 0x75, 0x74, 0x00, 0xA5, 0x2E, 0x6E, 0x61, 0x6D, 0x65, 0xA9, 0x67,
  0x72, 0x69, 0x64, 0x44, 0x69, 0x6D, 0x5F, 0x7A, 0xA7, 0x2E, 0x6F, 0x66, 0x66, 0x73,
  0x65, 0x74, 0xCC, 0x84, 0xA9, 0x2E, 0x72, 0x65, 0x67, 0x5F, 0x62, 0x61, 0x6E, 0x6B,
  0x03, 0xA5, 0x2E, 0x73, 0x69, 0x7A, 0x65, 0x04, 0xA5, 0x2E, 0x74, 0x79, 0x70, 0x65,
  0x00, 0xAB, 0x2E, 0x69, 0x6E, 0x70, 0x75, 0x74, 0x5F, 0x6D, 0x6F, 0x64, 0x65, 0x00,
  0xA5, 0x2E, 0x6B, 0x69, 0x6E, 0x64, 0x0F, 0x83, 0xA8, 0x2E, 0x61, 0x72, 0x67, 0x42,
  0x61, 0x73, 0x65, 0x89, 0xAE, 0x2E, 0x61, 0x64, 0x64, 0x72, 0x65, 0x73, 0x73, 0x5F,
  0x73, 0x70, 0x61, 0x63, 0x65, 0x00, 0xA6, 0x2E, 0x61, 0x6C, 0x69, 0x67, 0x6E, 0x00,
  0xAB, 0x2E, 0x69, 0x73, 0x56, 0x6F, 0x6C, 0x61, 0x74, 0x69, 0x6C, 0x65, 0xC2, 0xA7,
  0x2E, 0x6C, 0x61, 0x79, 0x6F, 0x75, 0x74, 0x00, 0xA5, 0x2E, 0x6E, 0x61, 0x6D, 0x65,
  0xAA, 0x62, 0x6C, 0x6F, 0x63, 0x6B, 0x44, 0x69, 0x6D, 0x5F, 0x78, 0xA7, 0x2E, 0x6F,
  0x66, 0x66, 0x73, 0x65, 0x74, 0xCC, 0x85, 0xA9, 0x2E, 0x72, 0x65, 0x67, 0x5F, 0x62,
  0x61, 0x6E, 0x6B, 0x03, 0xA5, 0x2E, 0x73, 0x69, 0x7A, 0x65, 0x04, 0xA5, 0x2E, 0x74,
  0x79, 0x70, 0x65, 0x00, 0xAB, 0x2E, 0x69, 0x6E, 0x70, 0x75, 0x74, 0x5F, 0x6D, 0x6F,
  0x64, 0x65, 0x00, 0xA5, 0x2E, 0x6B, 0x69, 0x6E, 0x64, 0x09, 0x83, 0xA8, 0x2E, 0x61,
  0x72, 0x67, 0x42, 0x61, 0x73, 0x65, 0x89, 0xAE, 0x2E, 0x61, 0x64, 0x64, 0x72, 0x65,
  0x73, 0x73, 0x5F, 0x73, 0x70, 0x61, 0x63, 0x65, 0x00, 0xA6, 0x2E, 0x61, 0x6C, 0x69,
  0x67, 0x6E, 0x00, 0xAB, 0x2E, 0x69, 0x73, 0x56, 0x6F, 0x6C, 0x61, 0x74, 0x69, 0x6C,
  0x65, 0xC2, 0xA7, 0x2E, 0x6C, 0x61, 0x79, 0x6F, 0x75, 0x74, 0x00, 0xA5, 0x2E, 0x6E,
  0x61, 0x6D, 0x65, 0xB1, 0x47, 0x6C, 0x6F, 0x62, 0x61, 0x6C, 0x20, 0x53, 0x70, 0x69,
  0x6C, 0x6C, 0x20, 0x42, 0x61, 0x73, 0x65, 0xA7, 0x2E, 0x6F, 0x66, 0x66, 0x73, 0x65,
  0x74, 0xCC, 0x86, 0xA9, 0x2E, 0x72, 0x65, 0x67, 0x5F, 0x62, 0x61, 0x6E, 0x6B, 0x03,
  0xA5, 0x2E, 0x73, 0x69, 0x7A, 0x65, 0x08, 0xA5, 0x2E, 0x74, 0x79, 0x70, 0x65, 0x12,
  0xAB, 0x2E, 0x69, 0x6E, 0x70, 0x75, 0x74, 0x5F, 0x6D, 0x6F, 0x64, 0x65, 0x00, 0xA5,
  0x2E, 0x6B, 0x69, 0x6E, 0x64, 0x13, 0x83, 0xA8, 0x2E, 0x61, 0x72, 0x67, 0x42, 0x61,
  0x73, 0x65, 0x89, 0xAE, 0x2E, 0x61, 0x64, 0x64, 0x72, 0x65, 0x73, 0x73, 0x5F, 0x73,
  0x70, 0x61, 0x63, 0x65, 0x00, 0xA6, 0x2E, 0x61, 0x6C, 0x69, 0x67, 0x6E, 0x00, 0xAB,
  0x2E, 0x69, 0x73, 0x56, 0x6F, 0x6C, 0x61, 0x74, 0x69, 0x6C, 0x65, 0xC2, 0xA7, 0x2E,
  0x6C, 0x61, 0x79, 0x6F, 0x75, 0x74, 0x00, 0xA5, 0x2E, 0x6E, 0x61, 0x6D, 0x65, 0xAB,
  0x43, 0x6F, 0x72, 0x65, 0x20, 0x4E, 0x75, 0x6D, 0x62, 0x65, 0x72, 0xA7, 0x2E, 0x6F,
  0x66, 0x66, 0x73, 0x65, 0x74, 0xCC, 0x88, 0xA9, 0x2E, 0x72, 0x65, 0x67, 0x5F, 0x62,
  0x61, 0x6E, 0x6B, 0x03, 0xA5, 0x2E, 0x73, 0x69, 0x7A, 0x65, 0x04, 0xA5, 0x2E, 0x74,
  0x79, 0x70, 0x65, 0x07, 0xAB, 0x2E, 0x69, 0x6E, 0x70, 0x75, 0x74, 0x5F, 0x6D, 0x6F,
  0x64, 0x65, 0x00, 0xA5, 0x2E, 0x6B, 0x69, 0x6E, 0x64, 0x17, 0x83, 0xA8, 0x2E, 0x61,
  0x72, 0x67, 0x42, 0x61, 0x73, 0x65, 0x89, 0xAE, 0x2E, 0x61, 0x64, 0x64, 0x72, 0x65,
  0x73, 0x73, 0x5F, 0x73, 0x70, 0x61, 0x63, 0x65, 0x00, 0xA6, 0x2E, 0x61, 0x6C, 0x69,
  0x67, 0x6E, 0x00, 0xAB, 0x2E, 0x69, 0x73, 0x56, 0x6F, 0x6C, 0x61, 0x74, 0x69, 0x6C,
  0x65, 0xC2, 0xA7, 0x2E, 0x6C, 0x61, 0x79, 0x6F, 0x75, 0x74, 0x00, 0xA5, 0x2E, 0x6E,
  0x61, 0x6D, 0x65, 0xAA, 0x62, 0x6C, 0x6F, 0x63, 0x6B, 0x49, 0x64, 0x78, 0x5F, 0x78,
  0xA7, 0x2E, 0x6F, 0x66, 0x66, 0x73, 0x65, 0x74, 0x04, 0xA9, 0x2E, 0x72, 0x65, 0x67,
  0x5F, 0x62, 0x61, 0x6E, 0x6B, 0x05, 0xA5, 0x2E, 0x73, 0x69, 0x7A, 0x65, 0x04, 0xA5,
  0x2E, 0x74, 0x79, 0x70, 0x65, 0x00, 0xAB, 0x2E, 0x69, 0x6E, 0x70, 0x75, 0x74, 0x5F,
  0x6D, 0x6F, 0x64, 0x65, 0x00, 0xA5, 0x2E, 0x6B, 0x69, 0x6E, 0x64, 0x05, 0x83, 0xA8,
  0x2E, 0x61, 0x72, 0x67, 0x42, 0x61, 0x73, 0x65, 0x89, 0xAE, 0x2E, 0x61, 0x64, 0x64,
  0x72, 0x65, 0x73, 0x73, 0x5F, 0x73, 0x70, 0x61, 0x63, 0x65, 0x00, 0xA6, 0x2E, 0x61,
  0x6C, 0x69, 0x67, 0x6E, 0x00, 0xAB, 0x2E, 0x69, 0x73, 0x56, 0x6F, 0x6C, 0x61, 0x74,
  0x69, 0x6C, 0x65, 0xC2, 0xA7, 0x2E, 0x6C, 0x61, 0x79, 0x6F, 0x75, 0x74, 0x00, 0xA5,
  0x2E, 0x6E, 0x61, 0x6D, 0x65, 0xAA, 0x62, 0x6C, 0x6F, 0x63, 0x6B, 0x49, 0x64, 0x78,
  0x5F, 0x79, 0xA7, 0x2E, 0x6F, 0x66, 0x66, 0x73, 0x65, 0x74, 0x05, 0xA9, 0x2E, 0x72,
  0x65, 0x67, 0x5F, 0x62, 0x61, 0x6E, 0x6B, 0x05, 0xA5, 0x2E, 0x73, 0x69, 0x7A, 0x65,
  0x04, 0xA5, 0x2E, 0x74, 0x79, 0x70, 0x65, 0x00, 0xAB, 0x2E, 0x69, 0x6E, 0x70, 0x75,
  0x74, 0x5F, 0x6D, 0x6F, 0x64, 0x65, 0x00, 0xA5, 0x2E, 0x6B, 0x69, 0x6E, 0x64, 0x06,
  0x83, 0xA8, 0x2E, 0x61, 0x72, 0x67, 0x42, 0x61, 0x73, 0x65, 0x89, 0xAE, 0x2E, 0x61,
  0x64, 0x64, 0x72, 0x65, 0x73, 0x73, 0x5F, 0x73, 0x70, 0x61, 0x63, 0x65, 0x00, 0xA6,
  0x2E, 0x61, 0x6C, 0x69, 0x67, 0x6E, 0x00, 0xAB, 0x2E, 0x69, 0x73, 0x56, 0x6F, 0x6C,
  0x61, 0x74, 0x69, 0x6C, 0x65, 0xC2, 0xA7, 0x2E, 0x6C, 0x61, 0x79, 0x6F, 0x75, 0x74,
  0x00, 0xA5, 0x2E, 0x6E, 0x61, 0x6D, 0x65, 0xAA, 0x62, 0x6C, 0x6F, 0x63, 0x6B, 0x49,
  0x64, 0x78, 0x5F, 0x7A, 0xA7, 0x2E, 0x6F, 0x66, 0x66, 0x73, 0x65, 0x74, 0x06, 0xA9,
  0x2E, 0x72, 0x65, 0x67, 0x5F, 0x62, 0x61, 0x6E, 0x6B, 0x05, 0xA5, 0x2E, 0x73, 0x69,
  0x7A, 0x65, 0x04, 0xA5, 0x2E, 0x74, 0x79, 0x70, 0x65, 0x00, 0xAB, 0x2E, 0x69, 0x6E,
  0x70, 0x75, 0x74, 0x5F, 0x6D, 0x6F, 0x64, 0x65, 0x00, 0xA5, 0x2E, 0x6B, 0x69, 0x6E,
  0x64, 0x07, 0x83, 0xA8, 0x2E, 0x61, 0x72, 0x67, 0x42, 0x61, 0x73, 0x65, 0x89, 0xAE,
  0x2E, 0x61, 0x64, 0x64, 0x72, 0x65, 0x73, 0x73, 0x5F, 0x73, 0x70, 0x61, 0x63, 0x65,
  0x00, 0xA6, 0x2E, 0x61, 0x6C, 0x69, 0x67, 0x6E, 0x00, 0xAB, 0x2E, 0x69, 0x73, 0x56,
  0x6F, 0x6C, 0x61, 0x74, 0x69, 0x6C, 0x65, 0xC2, 0xA7, 0x2E, 0x6C, 0x61, 0x79, 0x6F,
  0x75, 0x74, 0x00, 0xA5, 0x2E, 0x6E, 0x61, 0x6D, 0x65, 0xAB, 0x74, 0x68, 0x72, 0x65,
  0x61, 0x64, 0x49, 0x64, 0x78, 0x5F, 0x78, 0xA7, 0x2E, 0x6F, 0x66, 0x66, 0x73, 0x65,
  0x74, 0x00, 0xA9, 0x2E, 0x72, 0x65, 0x67, 0x5F, 0x62, 0x61, 0x6E, 0x6B, 0x02, 0xA5,
  0x2E, 0x73, 0x69, 0x7A, 0x65, 0x04, 0xA5, 0x2E, 0x74, 0x79, 0x70, 0x65, 0x00, 0xAB,
  0x2E, 0x69, 0x6E, 0x70, 0x75, 0x74, 0x5F, 0x6D, 0x6F, 0x64, 0x65, 0x00, 0xA5, 0x2E,
  0x6B, 0x69, 0x6E, 0x64, 0x01, 0x83, 0xA8, 0x2E, 0x61, 0x72, 0x67, 0x42, 0x61, 0x73,
  0x65, 0x89, 0xAE, 0x2E, 0x61, 0x64, 0x64, 0x72, 0x65, 0x73, 0x73, 0x5F, 0x73, 0x70,
  0x61, 0x63, 0x65, 0x00, 0xA6, 0x2E, 0x61, 0x6C, 0x69, 0x67, 0x6E, 0x04, 0xAB, 0x2E,
  0x69, 0x73, 0x56, 0x6F, 0x6C, 0x61, 0x74, 0x69, 0x6C, 0x65, 0xC2, 0xA7, 0x2E, 0x6C,
  0x61, 0x79, 0x6F, 0x75, 0x74, 0x00, 0xA5, 0x2E, 0x6E, 0x61, 0x6D, 0x65, 0xAD, 0x74,
  0x69, 0x6C, 0x65, 0x5F, 0x61, 0x5F, 0x64, 0x69, 0x6D, 0x73, 0x5F, 0x30, 0xA7, 0x2E,
  0x6F, 0x66, 0x66, 0x73, 0x65, 0x74, 0xCC, 0xA8, 0xA9, 0x2E, 0x72, 0x65, 0x67, 0x5F,
  0x62, 0x61, 0x6E, 0x6B, 0x03, 0xA5, 0x2E, 0x73, 0x69, 0x7A, 0x65, 0x04, 0xA5, 0x2E,
  0x74, 0x79, 0x70, 0x65, 0x06, 0xAB, 0x2E, 0x69, 0x6E, 0x70, 0x75, 0x74, 0x5F, 0x6D,
  0x6F, 0x64, 0x65, 0x00, 0xA5, 0x2E, 0x6B, 0x69, 0x6E, 0x64, 0x12, 0x83, 0xA8, 0x2E,
  0x61, 0x72, 0x67, 0x42, 0x61, 0x73, 0x65, 0x89, 0xAE, 0x2E, 0x61, 0x64, 0x64, 0x72,
  0x65, 0x73, 0x73, 0x5F, 0x73, 0x70, 0x61, 0x63, 0x65, 0x00, 0xA6, 0x2E, 0x61, 0x6C,
  0x69, 0x67, 0x6E, 0x04, 0xAB, 0x2E, 0x69, 0x73, 0x56, 0x6F, 0x6C, 0x61, 0x74, 0x69,
  0x6C, 0x65, 0xC2, 0xA7, 0x2E, 0x6C, 0x61, 0x79, 0x6F, 0x75, 0x74, 0x00, 0xA5, 0x2E,
  0x6E, 0x61, 0x6D, 0x65, 0xAD, 0x74, 0x69, 0x6C, 0x65, 0x5F, 0x61, 0x5F, 0x64, 0x69,
  0x6D, 0x73, 0x5F, 0x31, 0xA7, 0x2E, 0x6F, 0x66, 0x66, 0x73, 0x65, 0x74, 0xCC, 0xA9,
  0xA9, 0x2E, 0x72, 0x65, 0x67, 0x5F, 0x62, 0x61, 0x6E, 0x6B, 0x03, 0xA5, 0x2E, 0x73,
  0x69, 0x7A, 0x65, 0x04, 0xA5, 0x2E, 0x74, 0x79, 0x70, 0x65, 0x06, 0xAB, 0x2E, 0x69,
  0x6E, 0x70, 0x75, 0x74, 0x5F, 0x6D, 0x6F, 0x64, 0x65, 0x00, 0xA5, 0x2E, 0x6B, 0x69,
  0x6E, 0x64, 0x12, 0x83, 0xA8, 0x2E, 0x61, 0x72, 0x67, 0x42, 0x61, 0x73, 0x65, 0x89,
  0xAE, 0x2E, 0x61, 0x64, 0x64, 0x72, 0x65, 0x73, 0x73, 0x5F, 0x73, 0x70, 0x61, 0x63,
  0x65, 0x00, 0xA6, 0x2E, 0x61, 0x6C, 0x69, 0x67, 0x6E, 0x04, 0xAB, 0x2E, 0x69, 0x73,
  0x56, 0x6F, 0x6C, 0x61, 0x74, 0x69, 0x6C, 0x65, 0xC2, 0xA7, 0x2E, 0x6C, 0x61, 0x79,
  0x6F, 0x75, 0x74, 0x00, 0xA5, 0x2E, 0x6E, 0x61, 0x6D, 0x65, 0xAD, 0x74, 0x69, 0x6C,
  0x65, 0x5F, 0x61, 0x5F, 0x64, 0x69, 0x6D, 0x73, 0x5F, 0x32, 0xA7, 0x2E, 0x6F, 0x66,
  0x66, 0x73, 0x65, 0x74, 0xCC, 0xAA, 0xA9, 0x2E, 0x72, 0x65, 0x67, 0x5F, 0x62, 0x61,
  0x6E, 0x6B, 0x03, 0xA5, 0x2E, 0x73, 0x69, 0x7A, 0x65, 0x04, 0xA5, 0x2E, 0x74, 0x79,
  0x70, 0x65, 0x06, 0xAB, 0x2E, 0x69, 0x6E, 0x70, 0x75, 0x74, 0x5F, 0x6D, 0x6F, 0x64,
  0x65, 0x00, 0xA5, 0x2E, 0x6B, 0x69, 0x6E, 0x64, 0x12, 0x83, 0xA8, 0x2E, 0x61, 0x72,
  0x67, 0x42, 0x61, 0x73, 0x65, 0x89, 0xAE, 0x2E, 0x61, 0x64, 0x64, 0x72, 0x65, 0x73,
  0x73, 0x5F, 0x73, 0x70, 0x61, 0x63, 0x65, 0x00, 0xA6, 0x2E, 0x61, 0x6C, 0x69, 0x67,
  0x6E, 0x04, 0xAB, 0x2E, 0x69, 0x73, 0x56, 0x6F, 0x6C, 0x61, 0x74, 0x69, 0x6C, 0x65,
  0xC2, 0xA7, 0x2E, 0x6C, 0x61, 0x79, 0x6F, 0x75, 0x74, 0x00, 0xA5, 0x2E, 0x6E, 0x61,
  0x6D, 0x65, 0xAD, 0x74, 0x69, 0x6C, 0x65, 0x5F, 0x62, 0x5F, 0x64, 0x69, 0x6D, 0x73,
  0x5F, 0x30, 0xA7, 0x2E, 0x6F, 0x66, 0x66, 0x73, 0x65, 0x74, 0xCC, 0xAC, 0xA9, 0x2E,
  0x72, 0x65, 0x67, 0x5F, 0x62, 0x61, 0x6E, 0x6B, 0x03, 0xA5, 0x2E, 0x73, 0x69, 0x7A,
  0x65, 0x04, 0xA5, 0x2E, 0x74, 0x79, 0x70, 0x65, 0x06, 0xAB, 0x2E, 0x69, 0x6E, 0x70,
  0x75, 0x74, 0x5F, 0x6D, 0x6F, 0x64, 0x65, 0x00, 0xA5, 0x2E, 0x6B, 0x69, 0x6E, 0x64,
  0x12, 0x83, 0xA8, 0x2E, 0x61, 0x72, 0x67, 0x42, 0x61, 0x73, 0x65, 0x89, 0xAE, 0x2E,
  0x61, 0x64, 0x64, 0x72, 0x65, 0x73, 0x73, 0x5F, 0x73, 0x70, 0x61, 0x63, 0x65, 0x00,
  0xA6, 0x2E, 0x61, 0x6C, 0x69, 0x67, 0x6E, 0x04, 0xAB, 0x2E, 0x69, 0x73, 0x56, 0x6F,
  0x6C, 0x61, 0x74, 0x69, 0x6C, 0x65, 0xC2, 0xA7, 0x2E, 0x6C, 0x61, 0x79, 0x6F, 0x75,
  0x74, 0x00, 0xA5, 0x2E, 0x6E, 0x61, 0x6D, 0x65, 0xAD, 0x74, 0x69, 0x6C, 0x65, 0x5F,
  0x62, 0x5F, 0x64, 0x69, 0x6D, 0x73, 0x5F, 0x31, 0xA7, 0x2E, 0x6F, 0x66, 0x66, 0x73,
  0x65, 0x74, 0xCC, 0xAD, 0xA9, 0x2E, 0x72, 0x65, 0x67, 0x5F, 0x62, 0x61, 0x6E, 0x6B,
  0x03, 0xA5, 0x2E, 0x73, 0x69, 0x7A, 0x65, 0x04, 0xA5, 0x2E, 0x74, 0x79, 0x70, 0x65,
  0x06, 0xAB, 0x2E, 0x69, 0x6E, 0x70, 0x75, 0x74, 0x5F, 0x6D, 0x6F, 0x64, 0x65, 0x00,
  0xA5, 0x2E, 0x6B, 0x69, 0x6E, 0x64, 0x12, 0x83, 0xA8, 0x2E, 0x61, 0x72, 0x67, 0x42,
  0x61, 0x73, 0x65, 0x89, 0xAE, 0x2E, 0x61, 0x64, 0x64, 0x72, 0x65, 0x73, 0x73, 0x5F,
  0x73, 0x70, 0x61, 0x63, 0x65, 0x00, 0xA6, 0x2E, 0x61, 0x6C, 0x69, 0x67, 0x6E, 0x04,
  0xAB, 0x2E, 0x69, 0x73, 0x56, 0x6F, 0x6C, 0x61, 0x74, 0x69, 0x6C, 0x65, 0xC2, 0xA7,
  0x2E, 0x6C, 0x61, 0x79, 0x6F, 0x75, 0x74, 0x00, 0xA5, 0x2E, 0x6E, 0x61, 0x6D, 0x65,
  0xAD, 0x74, 0x69, 0x6C, 0x65, 0x5F, 0x62, 0x5F, 0x64, 0x69, 0x6D, 0x73, 0x5F, 0x32,
  0xA7, 0x2E, 0x6F, 0x66, 0x66, 0x73, 0x65, 0x74, 0xCC, 0xAE, 0xA9, 0x2E, 0x72, 0x65,
  0x67, 0x5F, 0x62, 0x61, 0x6E, 0x6B, 0x03, 0xA5, 0x2E, 0x73, 0x69, 0x7A, 0x65, 0x04,
  0xA5, 0x2E, 0x74, 0x79, 0x70, 0x65, 0x06, 0xAB, 0x2E, 0x69, 0x6E, 0x70, 0x75, 0x74,
  0x5F, 0x6D, 0x6F, 0x64, 0x65, 0x00, 0xA5, 0x2E, 0x6B, 0x69, 0x6E, 0x64, 0x12, 0x83,
  0xA8, 0x2E, 0x61, 0x72, 0x67, 0x42, 0x61, 0x73, 0x65, 0x89, 0xAE, 0x2E, 0x61, 0x64,
  0x64, 0x72, 0x65, 0x73, 0x73, 0x5F, 0x73, 0x70, 0x61, 0x63, 0x65, 0x00, 0xA6, 0x2E,
  0x61, 0x6C, 0x69, 0x67, 0x6E, 0x04, 0xAB, 0x2E, 0x69, 0x73, 0x56, 0x6F, 0x6C, 0x61,
  0x74, 0x69, 0x6C, 0x65, 0xC2, 0xA7, 0x2E, 0x6C, 0x61, 0x79, 0x6F, 0x75, 0x74, 0x00,
  0xA5, 0x2E, 0x6E, 0x61, 0x6D, 0x65, 0xAD, 0x74, 0x69, 0x6C, 0x65, 0x5F, 0x63, 0x5F,
  0x64, 0x69, 0x6D, 0x73, 0x5F, 0x30, 0xA7, 0x2E, 0x6F, 0x66, 0x66, 0x73, 0x65, 0x74,
  0xCC, 0xB0, 0xA9, 0x2E, 0x72, 0x65, 0x67, 0x5F, 0x62, 0x61, 0x6E, 0x6B, 0x03, 0xA5,
  0x2E, 0x73, 0x69, 0x7A, 0x65, 0x04, 0xA5, 0x2E, 0x74, 0x79, 0x70, 0x65, 0x06, 0xAB,
  0x2E, 0x69, 0x6E, 0x70, 0x75, 0x74, 0x5F, 0x6D, 0x6F, 0x64, 0x65, 0x00, 0xA5, 0x2E,
  0x6B, 0x69, 0x6E, 0x64, 0x12, 0x83, 0xA8, 0x2E, 0x61, 0x72, 0x67, 0x42, 0x61, 0x73,
  0x65, 0x89, 0xAE, 0x2E, 0x61, 0x64, 0x64, 0x72, 0x65, 0x73, 0x73, 0x5F, 0x73, 0x70,
  0x61, 0x63, 0x65, 0x00, 0xA6, 0x2E, 0x61, 0x6C, 0x69, 0x67, 0x6E, 0x04, 0xAB, 0x2E,
  0x69, 0x73, 0x56, 0x6F, 0x6C, 0x61, 0x74, 0x69, 0x6C, 0x65, 0xC2, 0xA7, 0x2E, 0x6C,
  0x61, 0x79, 0x6F, 0x75, 0x74, 0x00, 0xA5, 0x2E, 0x6E, 0x61, 0x6D, 0x65, 0xAD, 0x74,
  0x69, 0x6C, 0x65, 0x5F, 0x63, 0x5F, 0x64, 0x69, 0x6D, 0x73, 0x5F, 0x31, 0xA7, 0x2E,
  0x6F, 0x66, 0x66, 0x73, 0x65, 0x74, 0xCC, 0xB1, 0xA9, 0x2E, 0x72, 0x65, 0x67, 0x5F,
  0x62, 0x61, 0x6E, 0x6B, 0x03, 0xA5, 0x2E, 0x73, 0x69, 0x7A, 0x65, 0x04, 0xA5, 0x2E,
  0x74, 0x79, 0x70, 0x65, 0x06, 0xAB, 0x2E, 0x69, 0x6E, 0x70, 0x75, 0x74, 0x5F, 0x6D,
  0x6F, 0x64, 0x65, 0x00, 0xA5, 0x2E, 0x6B, 0x69, 0x6E, 0x64, 0x12, 0x83, 0xA8, 0x2E,
  0x61, 0x72, 0x67, 0x42, 0x61, 0x73, 0x65, 0x89, 0xAE, 0x2E, 0x61, 0x64, 0x64, 0x72,
  0x65, 0x73, 0x73, 0x5F, 0x73, 0x70, 0x61, 0x63, 0x65, 0x00, 0xA6, 0x2E, 0x61, 0x6C,
  0x69, 0x67, 0x6E, 0x04, 0xAB, 0x2E, 0x69, 0x73, 0x56, 0x6F, 0x6C, 0x61, 0x74, 0x69,
  0x6C, 0x65, 0xC2, 0xA7, 0x2E, 0x6C, 0x61, 0x79, 0x6F, 0x75, 0x74, 0x00, 0xA5, 0x2E,
  0x6E, 0x61, 0x6D, 0x65, 0xAD, 0x74, 0x69, 0x6C, 0x65, 0x5F, 0x63, 0x5F, 0x64, 0x69,
  0x6D, 0x73, 0x5F, 0x32, 0xA7, 0x2E, 0x6F, 0x66, 0x66, 0x73, 0x65, 0x74, 0xCC, 0xB2,
  0xA9, 0x2E, 0x72, 0x65, 0x67, 0x5F, 0x62, 0x61, 0x6E, 0x6B, 0x03, 0xA5, 0x2E, 0x73,
  0x69, 0x7A, 0x65, 0x04, 0xA5, 0x2E, 0x74, 0x79, 0x70, 0x65, 0x06, 0xAB, 0x2E, 0x69,
  0x6E, 0x70, 0x75, 0x74, 0x5F, 0x6D, 0x6F, 0x64, 0x65, 0x00, 0xA5, 0x2E, 0x6B, 0x69,
  0x6E, 0x64, 0x12, 0x83, 0xA8, 0x2E, 0x61, 0x72, 0x67, 0x42, 0x61, 0x73, 0x65, 0x89,
  0xAE, 0x2E, 0x61, 0x64, 0x64, 0x72, 0x65, 0x73, 0x73, 0x5F, 0x73, 0x70, 0x61, 0x63,
  0x65, 0x00, 0xA6, 0x2E, 0x61, 0x6C, 0x69, 0x67, 0x6E, 0x04, 0xAB, 0x2E, 0x69, 0x73,
  0x56, 0x6F, 0x6C, 0x61, 0x74, 0x69, 0x6C, 0x65, 0xC2, 0xA7, 0x2E, 0x6C, 0x61, 0x79,
  0x6F, 0x75, 0x74, 0x00, 0xA5, 0x2E, 0x6E, 0x61, 0x6D, 0x65, 0xAE, 0x74, 0x69, 0x6C,
  0x65, 0x5F, 0x78, 0x31, 0x5F, 0x64, 0x69, 0x6D, 0x73, 0x5F, 0x30, 0xA7, 0x2E, 0x6F,
  0x66, 0x66, 0x73, 0x65, 0x74, 0xCC, 0xB4, 0xA9, 0x2E, 0x72, 0x65, 0x67, 0x5F, 0x62,
  0x61, 0x6E, 0x6B, 0x03, 0xA5, 0x2E, 0x73, 0x69, 0x7A, 0x65, 0x04, 0xA5, 0x2E, 0x74,
  0x79, 0x70, 0x65, 0x06, 0xAB, 0x2E, 0x69, 0x6E, 0x70, 0x75, 0x74, 0x5F, 0x6D, 0x6F,
  0x64, 0x65, 0x00, 0xA5, 0x2E, 0x6B, 0x69, 0x6E, 0x64, 0x12, 0x83, 0xA8, 0x2E, 0x61,
  0x72, 0x67, 0x42, 0x61, 0x73, 0x65, 0x89, 0xAE, 0x2E, 0x61, 0x64, 0x64, 0x72, 0x65,
  0x73, 0x73, 0x5F, 0x73, 0x70, 0x61, 0x63, 0x65, 0x00, 0xA6, 0x2E, 0x61, 0x6C, 0x69,
  0x67, 0x6E, 0x04, 0xAB, 0x2E, 0x69, 0x73, 0x56, 0x6F, 0x6C, 0x61, 0x74, 0x69, 0x6C,
  0x65, 0xC2, 0xA7, 0x2E, 0x6C, 0x61, 0x79, 0x6F, 0x75, 0x74, 0x00, 0xA5, 0x2E, 0x6E,
  0x61, 0x6D, 0x65, 0xAE, 0x74, 0x69, 0x6C, 0x65, 0x5F, 0x78, 0x31, 0x5F, 0x64, 0x69,
  0x6D, 0x73, 0x5F, 0x31, 0xA7, 0x2E, 0x6F, 0x66, 0x66, 0x73, 0x65, 0x74, 0xCC, 0xB5,
  0xA9, 0x2E, 0x72, 0x65, 0x67, 0x5F, 0x62, 0x61, 0x6E, 0x6B, 0x03, 0xA5, 0x2E, 0x73,
  0x69, 0x7A, 0x65, 0x04, 0xA5, 0x2E, 0x74, 0x79, 0x70, 0x65, 0x06, 0xAB, 0x2E, 0x69,
  0x6E, 0x70, 0x75, 0x74, 0x5F, 0x6D, 0x6F, 0x64, 0x65, 0x00, 0xA5, 0x2E, 0x6B, 0x69,
  0x6E, 0x64, 0x12, 0x83, 0xA8, 0x2E, 0x61, 0x72, 0x67, 0x42, 0x61, 0x73, 0x65, 0x89,
  0xAE, 0x2E, 0x61, 0x64, 0x64, 0x72, 0x65, 0x73, 0x73, 0x5F, 0x73, 0x70, 0x61, 0x63,
  0x65, 0x00, 0xA6, 0x2E, 0x61, 0x6C, 0x69, 0x67, 0x6E, 0x04, 0xAB, 0x2E, 0x69, 0x73,
  0x56, 0x6F, 0x6C, 0x61, 0x74, 0x69, 0x6C, 0x65, 0xC2, 0xA7, 0x2E, 0x6C, 0x61, 0x79,
  0x6F, 0x75, 0x74, 0x00, 0xA5, 0x2E, 0x6E, 0x61, 0x6D, 0x65, 0xAE, 0x74, 0x69, 0x6C,
  0x65, 0x5F, 0x78, 0x31, 0x5F, 0x64, 0x69, 0x6D, 0x73, 0x5F, 0x32, 0xA7, 0x2E, 0x6F,
  0x66, 0x66, 0x73, 0x65, 0x74, 0xCC, 0xB6, 0xA9, 0x2E, 0x72, 0x65, 0x67, 0x5F, 0x62,
  0x61, 0x6E, 0x6B, 0x03, 0xA5, 0x2E, 0x73, 0x69, 0x7A, 0x65, 0x04, 0xA5, 0x2E, 0x74,
  0x79, 0x70, 0x65, 0x06, 0xAB, 0x2E, 0x69, 0x6E, 0x70, 0x75, 0x74, 0x5F, 0x6D, 0x6F,
  0x64, 0x65, 0x00, 0xA5, 0x2E, 0x6B, 0x69, 0x6E, 0x64, 0x12, 0xB0, 0x2E, 0x61, 0x73,
  0x79, 0x6E, 0x63, 0x5F, 0x62, 0x61, 0x72, 0x5F, 0x63, 0x6F, 0x75, 0x6E, 0x74, 0x0E,
  0xAF, 0x2E, 0x61, 0x74, 0x74, 0x72, 0x5F, 0x72, 0x65, 0x67, 0x5F, 0x63, 0x6F, 0x75,
  0x6E, 0x74, 0x04, 0xA6, 0x2E, 0x61, 0x74, 0x74, 0x72, 0x73, 0x80, 0xAD, 0x2E, 0x62,
  0x61, 0x72, 0x72, 0x69, 0x65, 0x72, 0x5F, 0x63, 0x6F, 0x65, 0x66, 0xCE, 0xFF, 0xFF,
  0xFF, 0xFF, 0xAA, 0x2E, 0x63, 0x61, 0x6C, 0x6C, 0x5F, 0x66, 0x6C, 0x61, 0x67, 0xC2,
  0xA9, 0x2E, 0x63, 0x6C, 0x75, 0x73, 0x74, 0x65, 0x72, 0x58, 0x00, 0xA9, 0x2E, 0x63,
  0x6C, 0x75, 0x73, 0x74, 0x65, 0x72, 0x59, 0x00, 0xA9, 0x2E, 0x63, 0x6C, 0x75, 0x73,
  0x74, 0x65, 0x72, 0x5A, 0x00, 0xAF, 0x2E, 0x63, 0x6F, 0x65, 0x66, 0x5F, 0x72, 0x65,
  0x67, 0x5F, 0x63, 0x6F, 0x75, 0x6E, 0x74, 0x00, 0xB2, 0x2E, 0x63, 0x6F, 0x6E, 0x73,
  0x74, 0x5F, 0x63, 0x61, 0x6C, 0x63, 0x5F, 0x6B, 0x65, 0x72, 0x6E, 0x65, 0x6C, 0xA0,
  0xB9, 0x2E, 0x63, 0x6F, 0x6E, 0x73, 0x74, 0x63, 0x61, 0x6C, 0x63, 0x5F, 0x74, 0x65,
  0x6D, 0x70, 0x5F, 0x72, 0x65, 0x67, 0x5F, 0x63, 0x6F, 0x75, 0x6E, 0x74, 0x00, 0xB4,
  0x2E, 0x67, 0x6C, 0x6F, 0x62, 0x61, 0x6C, 0x5F, 0x61, 0x74, 0x6F, 0x6D, 0x69, 0x63,
  0x5F, 0x63, 0x6F, 0x75, 0x6E, 0x74, 0x00, 0xAC, 0x2E, 0x68, 0x61, 0x73, 0x5F, 0x62,
  0x61, 0x72, 0x72, 0x69, 0x65, 0x72, 0xC3, 0xB4, 0x2E, 0x68, 0x61, 0x73, 0x5F, 0x63,
  0x6C, 0x75, 0x73, 0x74, 0x65, 0x72, 0x5F, 0x62, 0x61, 0x72, 0x72, 0x69, 0x65, 0x72,
  0xC3, 0xAF, 0x2E, 0x68, 0x61, 0x73, 0x5F, 0x73, 0x71, 0x6D, 0x6D, 0x61, 0x5F, 0x63,
  0x6F, 0x6E, 0x76, 0xC3, 0xAC, 0x2E, 0x68, 0x61, 0x73, 0x5F, 0x74, 0x65, 0x78, 0x74,
  0x75, 0x72, 0x65, 0xC2, 0xA9, 0x2E, 0x69, 0x6D, 0x6D, 0x5F, 0x69, 0x6E, 0x66, 0x6F,
  0x84, 0xA7, 0x2E, 0x6F, 0x66, 0x66, 0x73, 0x65, 0x74, 0xCC, 0x89, 0xA9, 0x2E, 0x72,
  0x65, 0x67, 0x5F, 0x62, 0x61, 0x6E, 0x6B, 0x03, 0xA5, 0x2E, 0x73, 0x69, 0x7A, 0x65,
  0x78, 0xA7, 0x2E, 0x76, 0x61, 0x6C, 0x75, 0x65, 0x73, 0xDC, 0x00, 0x1E, 0x0A, 0x20,
  0x28, 0x30, 0x38, 0x40, 0x48, 0x50, 0x58, 0x60, 0x68, 0x70, 0x78, 0x7F, 0xCC, 0x80,
  0xCC, 0xC0, 0xCD, 0x01, 0x00, 0xCD, 0x01, 0x40, 0xCD, 0x01, 0x80, 0xCD, 0x01, 0xC0,
  0xCD, 0x03, 0x04, 0xCD, 0x31, 0x20, 0xCD, 0x40, 0x00, 0xCD, 0xC0, 0x00, 0xCE, 0x00,
  0x34, 0x00, 0x00, 0xCE, 0x00, 0x34, 0x40, 0x00, 0xCE, 0x0F, 0xFF, 0xFF, 0xFE, 0xCE,
  0x24, 0xE6, 0x95, 0x95, 0xCE, 0xBF, 0xB8, 0xAA, 0x3B, 0xCE, 0xFF, 0x00, 0xFF, 0xFF,
  0xB3, 0x2E, 0x69, 0x6E, 0x64, 0x69, 0x72, 0x65, 0x63, 0x74, 0x5F, 0x63, 0x61, 0x6C,
  0x6C, 0x5F, 0x66, 0x6C, 0x61, 0x67, 0xC2, 0xB3, 0x2E, 0x69, 0x6E, 0x74, 0x65, 0x72,
  0x6E, 0x61, 0x6C, 0x5F, 0x72, 0x65, 0x67, 0x5F, 0x63, 0x6F, 0x75, 0x6E, 0x74, 0x08,
  0xBA, 0x2E, 0x6C, 0x6F, 0x63, 0x61, 0x6C, 0x5F, 0x6D, 0x65, 0x6D, 0x5F, 0x75, 0x73,
  0x65, 0x64, 0x5F, 0x69, 0x6E, 0x5F, 0x63, 0x6C, 0x75, 0x73, 0x74, 0x65, 0x72, 0x00,
  0xAF, 0x2E, 0x6D, 0x61, 0x78, 0x5F, 0x62, 0x6C, 0x6F, 0x63, 0x6B, 0x5F, 0x73, 0x69,
  0x7A, 0x65, 0x01, 0xA5, 0x2E, 0x6E, 0x61, 0x6D, 0x65, 0xD9, 0x5E, 0x65, 0x35, 0x6D,
  0x32, 0x65, 0x35, 0x6D, 0x32, 0x68, 0x68, 0x73, 0x73, 0x67, 0x65, 0x6D, 0x6D, 0x5F,
  0x67, 0x6D, 0x34, 0x5F, 0x6E, 0x74, 0x5F, 0x74, 0x63, 0x65, 0x5F, 0x32, 0x35, 0x36,
  0x5F, 0x31, 0x32, 0x38, 0x78, 0x32, 0x35, 0x36, 0x42, 0x31, 0x32, 0x38, 0x5F, 0x65,
  0x70, 0x69, 0x6C, 0x6F, 0x67, 0x75, 0x65, 0x5F, 0x67, 0x72, 0x6F, 0x75, 0x70, 0x5F,
  0x62, 0x6C, 0x6F, 0x63, 0x6B, 0x5F, 0x31, 0x32, 0x38, 0x5F, 0x66, 0x73, 0x6C, 0x61,
  0x5F, 0x70, 0x65, 0x72, 0x73, 0x69, 0x73, 0x5F, 0x73, 0x74, 0x61, 0x67, 0x65, 0x34,
  0x5F, 0x62, 0x74, 0x6D, 0x65, 0x6E, 0x63, 0xB4, 0x2E, 0x70, 0x72, 0x69, 0x76, 0x61,
  0x74, 0x65, 0x5F, 0x6D, 0x65, 0x6D, 0x6F, 0x72, 0x79, 0x5F, 0x73, 0x69, 0x7A, 0x65,
  0x00, 0xB3, 0x2E, 0x73, 0x68, 0x61, 0x72, 0x65, 0x64, 0x5F, 0x6D, 0x65, 0x6D, 0x6F,
  0x72, 0x79, 0x5F, 0x73, 0x69, 0x7A, 0x65, 0xCE, 0x00, 0x03, 0x00, 0x00, 0xB1, 0x2E,
  0x73, 0x68, 0x61, 0x72, 0x65, 0x64, 0x5F, 0x72, 0x65, 0x67, 0x5F, 0x63, 0x6F, 0x75,
  0x6E, 0x74, 0xCC, 0xB7, 0xAF, 0x2E, 0x73, 0x6C, 0x6F, 0x74, 0x5F, 0x72, 0x65, 0x67,
  0x5F, 0x63, 0x6F, 0x75, 0x6E, 0x74, 0x10, 0xAF, 0x2E, 0x74, 0x65, 0x6D, 0x70, 0x5F,
  0x72, 0x65, 0x67, 0x5F, 0x63, 0x6F, 0x75, 0x6E, 0x74, 0xCC, 0xF0, 0xAA, 0x2E, 0x77,
  0x61, 0x76, 0x65, 0x5F, 0x6D, 0x6F, 0x64, 0x65, 0x01, 0xAD, 0x6D, 0x74, 0x67, 0x70,
  0x75, 0x2E, 0x76, 0x65, 0x72, 0x73, 0x69, 0x6F, 0x6E, 0x92, 0x03, 0x01, 0x00, 0x00,
  0x00, 0x00, 0x00, 0x00, 0x00, 0x00, 0x00, 0x00, 0x00, 0x00, 0x00, 0x00, 0x00, 0x00,
  0x00, 0x00, 0x00, 0x00, 0x00, 0x00, 0x00, 0x00, 0x00, 0x00, 0x00, 0x00, 0x00, 0x00,
  0x1B, 0x00, 0x00, 0x00, 0x12, 0x03, 0x02, 0x00, 0x00, 0x00, 0x00, 0x00, 0x00, 0x00,
  0x00, 0x00, 0x1C, 0xA2, 0x00, 0x00, 0x00, 0x00, 0x00, 0x00, 0x00, 0x2E, 0x74, 0x65,
  0x78, 0x74, 0x00, 0x2E, 0x6C, 0x6C, 0x76, 0x6D, 0x5F, 0x61, 0x64, 0x64, 0x72, 0x73,
  0x69, 0x67, 0x00, 0x2E, 0x6E, 0x6F, 0x74, 0x65, 0x00, 0x65, 0x35, 0x6D, 0x32, 0x65,
  0x35, 0x6D, 0x32, 0x68, 0x68, 0x73, 0x73, 0x67, 0x65, 0x6D, 0x6D, 0x5F, 0x67, 0x6D,
  0x34, 0x5F, 0x6E, 0x74, 0x5F, 0x74, 0x63, 0x65, 0x5F, 0x32, 0x35, 0x36, 0x5F, 0x31,
  0x32, 0x38, 0x78, 0x32, 0x35, 0x36, 0x42, 0x31, 0x32, 0x38, 0x5F, 0x65, 0x70, 0x69,
  0x6C, 0x6F, 0x67, 0x75, 0x65, 0x5F, 0x67, 0x72, 0x6F, 0x75, 0x70, 0x5F, 0x62, 0x6C,
  0x6F, 0x63, 0x6B, 0x5F, 0x31, 0x32, 0x38, 0x5F, 0x66, 0x73, 0x6C, 0x61, 0x5F, 0x70,
  0x65, 0x72, 0x73, 0x69, 0x73, 0x5F, 0x73, 0x74, 0x61, 0x67, 0x65, 0x34, 0x5F, 0x62,
  0x74, 0x6D, 0x65, 0x6E, 0x63, 0x00, 0x2E, 0x73, 0x74, 0x72, 0x74, 0x61, 0x62, 0x00,
  0x2E, 0x73, 0x79, 0x6D, 0x74, 0x61, 0x62, 0x00, 0x00, 0x00, 0x00, 0x00, 0x00, 0x00,
  0x00, 0x00, 0x00, 0x00, 0x00, 0x00, 0x00, 0x00, 0x00, 0x00, 0x00, 0x00, 0x00, 0x00,
  0x00, 0x00, 0x00, 0x00, 0x00, 0x00, 0x00, 0x00, 0x00, 0x00, 0x00, 0x00, 0x00, 0x00,
  0x00, 0x00, 0x00, 0x00, 0x00, 0x00, 0x00, 0x00, 0x00, 0x00, 0x00, 0x00, 0x00, 0x00,
  0x00, 0x00, 0x00, 0x00, 0x00, 0x00, 0x00, 0x00, 0x00, 0x00, 0x00, 0x00, 0x00, 0x00,
  0x00, 0x00, 0x00, 0x00, 0x00, 0x00, 0x00, 0x00, 0x7A, 0x00, 0x00, 0x00, 0x03, 0x00,
  0x00, 0x00, 0x00, 0x00, 0x00, 0x00, 0x00, 0x00, 0x00, 0x00, 0x00, 0x00, 0x00, 0x00,
  0x00, 0x00, 0x00, 0x00, 0x60, 0xDC, 0x00, 0x00, 0x00, 0x00, 0x00, 0x00, 0x8A, 0x00,
  0x00, 0x00, 0x00, 0x00, 0x00, 0x00, 0x00, 0x00, 0x00, 0x00, 0x00, 0x00, 0x00, 0x00,
  0x01, 0x00, 0x00, 0x00, 0x00, 0x00, 0x00, 0x00, 0x00, 0x00, 0x00, 0x00, 0x00, 0x00,
  0x00, 0x00, 0x01, 0x00, 0x00, 0x00, 0x01, 0x00, 0x00, 0x00, 0x06, 0x00, 0x00, 0x00,
  0x00, 0x00, 0x00, 0x00, 0x00, 0x00, 0x00, 0x00, 0x00, 0x00, 0x00, 0x00, 0x00, 0x01,
  0x00, 0x00, 0x00, 0x00, 0x00, 0x00, 0x1C, 0xA2, 0x00, 0x00, 0x00, 0x00, 0x00, 0x00,
  0x00, 0x00, 0x00, 0x00, 0x00, 0x00, 0x00, 0x00, 0x00, 0x01, 0x00, 0x00, 0x00, 0x00,
  0x00, 0x00, 0x00, 0x00, 0x00, 0x00, 0x00, 0x00, 0x00, 0x00, 0x15, 0x00, 0x00, 0x00,
  0x07, 0x00, 0x00, 0x00, 0x02, 0x00, 0x00, 0x00, 0x00, 0x00, 0x00, 0x00, 0x00, 0x00,
  0x00, 0x00, 0x00, 0x00, 0x00, 0x00, 0x1C, 0xA3, 0x00, 0x00, 0x00, 0x00, 0x00, 0x00,
  0x10, 0x39, 0x00, 0x00, 0x00, 0x00, 0x00, 0x00, 0x00, 0x00, 0x00, 0x00, 0x00, 0x00,
  0x00, 0x00, 0x04, 0x00, 0x00, 0x00, 0x00, 0x00, 0x00, 0x00, 0x00, 0x00, 0x00, 0x00,
  0x00, 0x00, 0x00, 0x00, 0x07, 0x00, 0x00, 0x00, 0x03, 0x4C, 0xFF, 0x6F, 0x00, 0x00,
  0x00, 0x80, 0x00, 0x00, 0x00, 0x00, 0x00, 0x00, 0x00, 0x00, 0x00, 0x00, 0x00, 0x00,
  0x60, 0xDC, 0x00, 0x00, 0x00, 0x00, 0x00, 0x00, 0x00, 0x00, 0x00, 0x00, 0x00, 0x00,
  0x00, 0x00, 0x05, 0x00, 0x00, 0x00, 0x00, 0x00, 0x00, 0x00, 0x01, 0x00, 0x00, 0x00,
  0x00, 0x00, 0x00, 0x00, 0x00, 0x00, 0x00, 0x00, 0x00, 0x00, 0x00, 0x00, 0x82, 0x00,
  0x00, 0x00, 0x02, 0x00, 0x00, 0x00, 0x00, 0x00, 0x00, 0x00, 0x00, 0x00, 0x00, 0x00,
  0x00, 0x00, 0x00, 0x00, 0x00, 0x00, 0x00, 0x00, 0x30, 0xDC, 0x00, 0x00, 0x00, 0x00,
  0x00, 0x00, 0x30, 0x00, 0x00, 0x00, 0x00, 0x00, 0x00, 0x00, 0x01, 0x00, 0x00, 0x00,
  0x01, 0x00, 0x00, 0x00, 0x08, 0x00, 0x00, 0x00, 0x00, 0x00, 0x00, 0x00, 0x18, 0x00,
  0x00, 0x00, 0x00, 0x00, 0x00, 0x00
};

unsigned int e5m2e5m2hhssgemm_gm4_nt_tce_256_128x256B128_epilogue_group_block_128_fsla_persis_stage4_btmenc_len = 56944;

// clang-format on
